ProductID,ProductName,Category,Brand,Price,Rating,NumberOfReviews,StockQuantity,DiscountPercentage,WarrantyMonths,SoldUnits,DemandLevel
EOS-00001,Meta Retro Console L461,Gaming Console,Meta,527.98,4.5,163.0,128.0,4.0,12.0,521,Medium
EOS-00002,JBL Wireless Headphones F783,Headphones,JBL,186.91,3.5,267.0,117.0,6.0,24.0,404,Medium
EOS-00003,JBL Earbuds B607,Headphones,JBL,190.65,4.2,100.0,173.0,28.0,6.0,378,Low
EOS-00004,Sony Wireless Headphones V823,Headphones,Sony,93.47,4.3,87.0,138.0,17.0,24.0,613,High
EOS-00005,Meta Console Bundle R171,Gaming Console,Meta,195.52,3.8,103.0,110.0,32.0,24.0,465,Medium
EOS-00006,GoPro DSLR Camera O869,Camera,GoPro,1354.25,4.4,114.0,190.0,12.0,36.0,328,Low
EOS-00007,Lenovo Kids Tablet R726,Tablet,Lenovo,390.54,4.1,228.0,161.0,7.0,12.0,390,Low
EOS-00008,Motorola 5G Phone N404,Smartphone,Motorola,736.63,4.2,234.0,100.0,14.0,12.0,304,Low
EOS-00009,Samsung 4K Monitor S732,Monitor,Samsung,447.06,4.7,113.0,64.0,12.0,12.0,576,Medium
EOS-00010,Microsoft Kids Tablet P780,Tablet,Microsoft,,3.2,157.0,146.0,15.0,24.0,386,Low
EOS-00011,HP Ultrabook M364,Laptop,HP,1771.66,4.2,373.0,85.0,3.0,24.0,399,Low
EOS-00012,Razer USB-C Hub M589,Accessory,Razer,99.8,4.5,491.0,159.0,3.0,12.0,451,Medium
EOS-00013,Bose Earbuds A943,Headphones,Bose,255.8,4.1,132.0,12.0,9.0,6.0,572,Medium
EOS-00014,Acer Business Notebook X659,Laptop,Acer,713.83,3.5,83.0,72.0,25.0,12.0,628,High
EOS-00015,Motorola Budget Phone Y401,Smartphone,Motorola,725.23,3.7,169.0,141.0,13.0,24.0,566,Medium
EOS-00016,Microsoft Mini Tablet C747,Tablet,Microsoft,944.72,4.1,51.0,245.0,35.0,12.0,476,Medium
EOS-00017,Apple Foldable Phone I366,Smartphone,Apple,792.55,3.8,148.0,153.0,31.0,12.0,345,Low
EOS-00018,Hisense Mini LED TV P382,TV,Hisense,3879.775205136007,3.8,273.0,132.0,9.0,12.0,636,High
EOS-00019,Motorola 5G Phone Y763,Smartphone,Motorola,536.47,4.1,1859.0,136.0,17.0,24.0,554,Medium
EOS-00020,Sennheiser Earbuds U202,Headphones,Sennheiser,182.5,4.7,82.0,0.0,13.0,12.0,392,Low
EOS-00021,LG 4K Monitor L386,Monitor,LG,1381.66,3.3,58.0,333.0,0.0,,363,Low
EOS-00022,Motorola Budget Phone X563,Smartphone,Motorola,721.55,3.8,135.0,113.0,11.0,12.0,450,Medium
EOS-00023,Logitech Noise Cancelling Headphones I106,Headphones,Logitech,162.17,4.0,83.0,123.0,40.0,12.0,477,Medium
EOS-00024,Amazfit Hybrid Watch C664,Smartwatch,Amazfit,538.39,4.1,208.0,194.0,20.0,,429,Medium
EOS-00025,Meta VR Bundle D248,Gaming Console,Meta,336.29,4.1,374.0,,17.0,12.0,369,Low
EOS-00026,Xiaomi Foldable Phone J513,Smartphone,Xiaomi,875.22,3.8,142.0,106.0,30.0,24.0,691,High
EOS-00027,Samsung Gaming Monitor Q671,Monitor,Samsung,769.29,3.8,156.0,199.0,0.0,36.0,478,Medium
EOS-00028,TCL QLED TV C748,TV,TCL,616.14,4.0,54.0,235.0,22.0,36.0,467,Medium
EOS-00029,Asus Creator Laptop Q225,Laptop,Asus,907.17,4.6,226.0,151.0,15.0,36.0,445,Medium
EOS-00030,Apple Gaming Laptop D814,Laptop,Apple,2363.85,,262.0,186.0,27.0,36.0,470,Medium
EOS-00031,Samsung Drawing Tablet E225,Tablet,Samsung,562.46,4.5,60.0,233.0,6.0,24.0,546,Medium
EOS-00032,Logitech Webcam S749,Accessory,Logitech,126.58,4.3,575.0,0.0,34.0,24.0,641,High
EOS-00033,Microsoft Tablet L138,Tablet,Microsoft,331.11,4.2,214.0,31.0,0.0,24.0,521,Medium
EOS-00034,Logitech Power Bank R359,Accessory,Logitech,,4.4,175.0,80.0,12.0,24.0,520,Medium
EOS-00035,Dell 2-in-1 Laptop A860,Laptop,Dell,1767.2,2.9,47.0,0.0,6.0,36.0,350,Low
EOS-00036,Samsung Ultrawide Monitor B569,Monitor,Samsung,374.89,4.7,159.0,88.0,0.0,12.0,570,Medium
EOS-00037,GoPro Vlogging Camera B588,Camera,GoPro,615.67,4.3,135.0,194.0,7.0,12.0,403,Medium
EOS-00038,Panasonic Action Camera O721,Camera,Panasonic,1157.26,4.7,114.0,204.0,11.0,36.0,510,Medium
EOS-00039,Sony Gaming Headset D953,Headphones,Sony,163.35,4.1,300.0,153.0,14.0,12.0,330,Low
EOS-00040,Microsoft Pro Tablet A321,Tablet,Microsoft,414.83,5.0,305.0,154.0,10.0,24.0,631,High
EOS-00041,Samsung Fitness Watch L321,Smartwatch,Samsung,315.9,5.0,175.0,136.0,21.0,24.0,470,Medium
EOS-00042,Samsung Gaming Monitor M911,Monitor,Samsung,698.19,4.4,302.0,109.0,20.0,12.0,395,Low
EOS-00043,AOC Office Monitor W792,Monitor,AOC,979.08,4.5,83.0,0.0,8.0,36.0,399,Low
EOS-00044,Hisense Mini LED TV K280,TV,Hisense,1307.23,4.0,253.0,176.0,6.0,36.0,499,Medium
EOS-00045,Belkin Wireless Mouse D945,Accessory,Belkin,163.01,3.8,371.0,148.0,33.0,6.0,355,Low
EOS-00046,Apple Budget Phone H814,Smartphone,Apple,465.59,4.6,10.0,11.0,5.0,24.0,447,Medium
EOS-00047,Apple Creator Laptop J208,Laptop,Apple,,4.4,195.0,150.0,39.0,24.0,439,Medium
EOS-00048,Lenovo Mini Tablet M646,Tablet,Lenovo,375.63,3.5,141.0,133.0,5.0,12.0,510,Medium
EOS-00049,JBL Studio Headphones H685,Headphones,JBL,82.52,4.0,179.0,143.0,0.0,12.0,574,Medium
EOS-00050,LG OLED TV Z238,TV,LG,1095.21,3.4,241.0,47.0,4.0,24.0,460,Medium
EOS-00051,Philips Smart TV T166,TV,Philips,1032.91,3.1,48.0,93.0,24.0,24.0,367,Low
EOS-00052,HP 2-in-1 Laptop O690,Laptop,HP,913.6,4.3,249.0,12.0,21.0,12.0,442,Medium
EOS-00053,AOC Curved Monitor T782,Monitor,AOC,730.77,4.1,91.0,99.0,15.0,24.0,439,Medium
EOS-00054,Asus Gaming Monitor R878,Monitor,Asus,331.83,2.7,403.0,101.0,0.0,24.0,426,Medium
EOS-00055,Acer Creator Laptop I545,Laptop,Acer,621.04,4.4,504.0,106.0,13.0,24.0,490,Medium
EOS-00056,JBL Earbuds D965,Headphones,JBL,335.38,3.4,223.0,69.0,17.0,12.0,249,Low
EOS-00057,Amazfit Fitness Watch H868,Smartwatch,Amazfit,303.64,3.1,33.0,93.0,0.0,24.0,365,Low
EOS-00058,Apple Tablet E522,Tablet,Apple,1300.0,4.2,195.0,187.0,22.0,24.0,285,Low
EOS-00059,Samsung Smartwatch C614,Smartwatch,Samsung,256.23,3.8,186.0,196.0,0.0,12.0,262,Low
EOS-00060,Bose Gaming Headset N307,Headphones,Bose,261.27,3.9,62.0,203.0,3.0,6.0,409,Medium
EOS-00061,Lenovo Gaming Laptop C305,Laptop,Lenovo,763.63,4.0,127.0,20.0,23.0,36.0,475,Medium
EOS-00062,Motorola Smartphone M386,Smartphone,Motorola,391.68,4.8,182.0,50.0,1.0,24.0,605,High
EOS-00063,Logitech Webcam A352,Accessory,Logitech,122.99,4.4,33.0,200.0,29.0,12.0,343,Low
EOS-00064,Sony DSLR Camera E233,Camera,Sony,831.87,3.5,150.0,58.0,39.0,36.0,508,Medium
EOS-00065,Sony Console Bundle P859,Gaming Console,Sony,660.97,4.3,245.0,153.0,0.0,12.0,293,Low
EOS-00066,Hisense 4K TV I930,TV,Hisense,1402.13,4.7,150.0,53.0,19.0,24.0,428,Medium
EOS-00067,Belkin Power Bank P408,Accessory,Belkin,87.11,4.1,154.0,54.0,13.0,6.0,440,Medium
EOS-00068,LG Curved Monitor A786,Monitor,LG,829.6,4.6,291.0,70.0,1.0,24.0,582,Medium
EOS-00069,Hisense Smart TV Z243,TV,Hisense,1082.79,4.1,128.0,147.0,8.0,12.0,482,Medium
EOS-00070,Xiaomi Budget Phone Z686,Smartphone,Xiaomi,477.8,4.8,54.0,0.0,15.0,12.0,632,High
EOS-00071,Valve Handheld Console O988,Gaming Console,Valve,226.75,3.8,81.0,107.0,32.0,24.0,709,High
EOS-00072,Philips OLED TV X403,TV,Philips,1325.94,4.2,835.0,80.0,26.0,36.0,592,Medium
EOS-00073,Logitech Gaming Headset D530,Headphones,Logitech,184.23,4.2,65.0,125.0,16.0,6.0,410,Medium
EOS-00074,JBL Studio Headphones G371,Headphones,JBL,179.5,3.4,243.0,0.0,0.0,6.0,411,Medium
EOS-00075,Dell Curved Monitor Z461,Monitor,Dell,321.46,3.4,58.0,217.0,9.0,,306,Low
EOS-00076,Samsung Pro Smartphone G138,Smartphone,Samsung,515.67,4.6,86.0,163.0,0.0,12.0,497,Medium
EOS-00077,Razer Webcam D220,Accessory,Razer,78.31,3.3,157.0,77.0,19.0,12.0,500,Medium
EOS-00078,AOC Curved Monitor I505,Monitor,AOC,672.57,4.7,23.0,69.0,16.0,36.0,593,Medium
EOS-00079,Huawei Smartwatch L886,Smartwatch,Huawei,325.92,4.0,203.0,245.0,18.0,24.0,414,Medium
EOS-00080,HP Business Notebook X433,Laptop,HP,1813.02,4.3,322.0,105.0,19.0,36.0,202,Low
EOS-00081,Google Foldable Phone X577,Smartphone,Google,,3.6,354.0,287.0,14.0,24.0,660,High
EOS-00082,Fujifilm DSLR Camera A682,Camera,Fujifilm,532.09,3.9,82.0,132.0,11.0,24.0,579,Medium
EOS-00083,Hisense QLED TV L988,TV,Hisense,1038.31,3.2,203.0,22.0,17.0,36.0,558,Medium
EOS-00084,AOC Office Monitor T234,Monitor,AOC,695.63,3.8,102.0,233.0,36.0,36.0,500,Medium
EOS-00085,Huawei Hybrid Watch X759,Smartwatch,Huawei,456.35,4.0,82.0,174.0,15.0,12.0,452,Medium
EOS-00086,MSI 2-in-1 Laptop I352,Laptop,MSI,2328.33,3.7,31.0,58.0,15.0,12.0,362,Low
EOS-00087,Corsair Power Bank F495,Accessory,Corsair,114.36,2.8,112.0,132.0,14.0,6.0,492,Medium
EOS-00088,Asus Gaming Laptop K830,Laptop,Asus,1215.9,4.5,96.0,177.0,3.0,24.0,551,Medium
EOS-00089,Xiaomi Budget Phone X644,Smartphone,Xiaomi,757.42,3.5,202.0,115.0,16.0,12.0,444,Medium
EOS-00090,Apple 5G Phone G220,Smartphone,Apple,724.79,3.9,371.0,209.0,7.0,12.0,429,Medium
EOS-00091,Google Smartphone U668,Smartphone,Google,359.31,3.9,34.0,145.0,30.0,24.0,606,High
EOS-00092,OnePlus Budget Phone U365,Smartphone,OnePlus,610.1,4.1,109.0,21.0,22.0,12.0,464,Medium
EOS-00093,Canon DSLR Camera Z786,Camera,Canon,1707.49,4.9,210.0,216.0,28.0,24.0,579,Medium
EOS-00094,Meta Gaming Console V923,Gaming Console,Meta,263.43,4.7,261.0,110.0,1.0,24.0,578,Medium
EOS-00095,Apple Smartphone N123,Smartphone,Apple,380.27,4.2,149.0,113.0,12.0,24.0,649,High
EOS-00096,LG Curved Monitor V742,Monitor,LG,470.83,3.6,356.0,220.0,15.0,36.0,494,Medium
EOS-00097,Lenovo Tablet F867,Tablet,Lenovo,370.69,4.0,238.0,103.0,27.0,24.0,647,High
EOS-00098,Nikon Action Camera L105,Camera,Nikon,1033.52,4.0,375.0,30.0,0.0,24.0,346,Low
EOS-00099,Garmin GPS Watch V413,Smartwatch,Garmin,708.65,3.8,113.0,0.0,13.0,12.0,256,Low
EOS-00100,Logitech Wireless Headphones H799,Headphones,Logitech,191.06,3.3,,174.0,14.0,6.0,451,Medium
EOS-00101,Dell 4K Monitor M472,Monitor,Dell,834.02,3.9,247.0,267.0,0.0,36.0,426,Medium
EOS-00102,Sennheiser Studio Headphones E820,Headphones,Sennheiser,151.2,3.6,87.0,68.0,42.0,6.0,525,Medium
EOS-00103,Corsair Wireless Mouse C497,Accessory,Corsair,,3.0,13.0,222.0,14.0,24.0,523,Medium
EOS-00104,Sony Noise Cancelling Headphones I823,Headphones,Sony,122.15,4.3,220.0,51.0,0.0,12.0,358,Low
EOS-00105,Garmin Sports Watch D440,Smartwatch,Garmin,407.2,4.3,391.0,59.0,35.0,12.0,608,High
EOS-00106,Corsair Wireless Mouse K578,Accessory,Corsair,42.96,4.5,384.0,151.0,6.0,6.0,611,High
EOS-00107,OnePlus Smartphone S992,Smartphone,OnePlus,619.92,4.4,105.0,121.0,4.0,24.0,581,Medium
EOS-00108,Microsoft USB-C Hub K315,Accessory,Microsoft,102.51,3.7,151.0,243.0,19.0,6.0,351,Low
EOS-00109,JBL Gaming Headset A293,Headphones,JBL,177.22,3.3,146.0,187.0,17.0,6.0,274,Low
EOS-00110,Logitech Power Bank Z755,Accessory,Logitech,64.36,3.4,66.0,0.0,22.0,12.0,274,Low
EOS-00111,Apple Gaming Headset J555,Headphones,Apple,135.41,3.4,255.0,158.0,21.0,24.0,513,Medium
EOS-00112,TCL OLED TV E542,TV,TCL,,4.0,35.0,197.0,18.0,12.0,541,Medium
EOS-00113,Asus Ultrabook Y427,Laptop,Asus,1373.91,4.2,458.0,176.0,47.0,24.0,553,Medium
EOS-00114,Garmin Sports Watch Z104,Smartwatch,Garmin,890.7,4.2,82.0,122.0,11.0,24.0,234,Low
EOS-00115,Google 5G Phone N277,Smartphone,Google,472.27,3.8,123.0,194.0,0.0,12.0,481,Medium
EOS-00116,Acer Creator Laptop W967,Laptop,Acer,1873.73,3.2,259.0,17.0,14.0,,460,Medium
EOS-00117,Razer Webcam S274,Accessory,Razer,23.85,3.8,132.0,136.0,29.0,6.0,501,Medium
EOS-00118,Canon Mirrorless Camera A419,Camera,Canon,1210.69,3.0,459.0,117.0,,36.0,505,Medium
EOS-00119,HP Gaming Laptop F214,Laptop,HP,1663.16,4.1,232.0,165.0,9.0,,428,Medium
EOS-00120,Asus Business Notebook F245,Laptop,Asus,1904.24,4.5,152.0,115.0,19.0,12.0,407,Medium
EOS-00121,Google Foldable Phone S188,Smartphone,Google,829.84,3.9,69.0,15.0,17.0,24.0,209,Low
EOS-00122,Apple Wireless Headphones K744,Headphones,Apple,186.23,3.2,368.0,150.0,42.0,12.0,432,Medium
EOS-00123,AOC 4K Monitor Q733,Monitor,AOC,443.64,4.8,137.0,136.0,36.0,24.0,567,Medium
EOS-00124,Sennheiser Studio Headphones V301,Headphones,Sennheiser,161.23,3.3,44.0,6.0,16.0,6.0,271,Low
EOS-00125,OnePlus Pro Smartphone C775,Smartphone,OnePlus,307.98,3.8,424.0,169.0,16.0,24.0,531,Medium
EOS-00126,Logitech Studio Headphones D198,Headphones,Logitech,171.59,3.7,146.0,54.0,10.0,12.0,390,Low
EOS-00127,JBL Wireless Headphones V428,Headphones,JBL,119.54,4.7,188.0,164.0,0.0,24.0,676,High
EOS-00128,Logitech Studio Headphones H496,Headphones,Logitech,64.45,3.1,173.0,221.0,11.0,24.0,226,Low
EOS-00129,Asus Gaming Monitor U989,Monitor,Asus,861.24,4.7,131.0,173.0,21.0,24.0,435,Medium
EOS-00130,Apple Pro Smartphone U488,Smartphone,Apple,277.67,3.5,383.0,188.0,17.0,12.0,4333,High
EOS-00131,Fitbit Sports Watch H302,Smartwatch,Fitbit,376.36,3.1,83.0,104.0,0.0,24.0,386,Low
EOS-00132,Motorola Pro Smartphone X728,Smartphone,Motorola,631.89,3.6,55.0,85.0,1.0,12.0,352,Low
EOS-00133,Meta Retro Console U755,Gaming Console,Meta,374.48,3.2,49.0,202.0,0.0,12.0,489,Medium
EOS-00134,Dell Creator Laptop K220,Laptop,Dell,586.67,2.7,277.0,98.0,0.0,36.0,414,Medium
EOS-00135,Sennheiser Noise Cancelling Headphones K313,Headphones,Sennheiser,176.28,4.9,60.0,209.0,30.0,6.0,623,High
EOS-00136,Microsoft Handheld Console X668,Gaming Console,Microsoft,316.92,4.2,123.0,135.0,6.0,12.0,505,Medium
EOS-00137,Dell Gaming Laptop E586,Laptop,Dell,1242.43,4.4,318.0,209.0,0.0,12.0,625,High
EOS-00138,GoPro Vlogging Camera T244,Camera,GoPro,975.82,4.2,302.0,198.0,15.0,24.0,449,Medium
EOS-00139,Xiaomi Budget Phone D360,Smartphone,Xiaomi,303.17,4.0,136.0,117.0,6.0,24.0,672,High
EOS-00140,Huawei Smartwatch E299,Smartwatch,Huawei,375.17,3.0,247.0,297.0,1.0,24.0,638,High
EOS-00141,Sennheiser Earbuds W364,Headphones,Sennheiser,179.75,3.6,139.0,139.0,20.0,24.0,414,Medium
EOS-00142,BenQ Ultrawide Monitor A474,Monitor,BenQ,269.77,3.4,97.0,85.0,22.0,36.0,517,Medium
EOS-00143,Lenovo Creator Laptop T406,Laptop,Lenovo,1134.57,3.2,98.0,158.0,9.0,12.0,343,Low
EOS-00144,Samsung QLED TV Q973,TV,Samsung,438.99,4.1,468.0,148.0,27.0,36.0,352,Low
EOS-00145,Apple Smartphone Z178,Smartphone,Apple,628.12,3.7,98.0,36.0,27.0,12.0,583,Medium
EOS-00146,OnePlus Foldable Phone V250,Smartphone,OnePlus,467.59,4.0,153.0,127.0,12.0,24.0,551,Medium
EOS-00147,Xiaomi Pro Smartphone U285,Smartphone,Xiaomi,623.82,3.8,376.0,38.0,23.0,24.0,498,Medium
EOS-00148,Xiaomi Budget Phone R394,Smartphone,Xiaomi,449.09,3.6,95.0,174.0,35.0,24.0,463,Medium
EOS-00149,TCL QLED TV R963,TV,TCL,776.8,3.4,134.0,188.0,3.0,36.0,453,Medium
EOS-00150,Sony Gaming Headset Q401,Headphones,Sony,180.97,3.3,173.0,232.0,24.0,12.0,248,Low
EOS-00151,Apple Gaming Headset Z293,Headphones,Apple,77.35,4.2,290.0,129.0,18.0,24.0,417,Medium
EOS-00152,Samsung Budget Phone Y240,Smartphone,Samsung,486.09,4.0,203.0,101.0,16.0,12.0,556,Medium
EOS-00153,Samsung Ultrawide Monitor Z748,Monitor,Samsung,218.03,4.2,,97.0,22.0,36.0,576,Medium
EOS-00154,Anker Mechanical Keyboard F133,Accessory,Anker,115.83,3.5,235.0,239.0,4.0,24.0,480,Medium
EOS-00155,Apple GPS Watch O985,Smartwatch,Apple,327.72,4.1,122.0,66.0,7.0,12.0,401,Medium
EOS-00156,Samsung Smartphone T823,Smartphone,Samsung,358.71,3.8,233.0,146.0,11.0,12.0,499,Medium
EOS-00157,Dell Curved Monitor E403,Monitor,Dell,282.66,4.4,59.0,201.0,18.0,12.0,586,Medium
EOS-00158,Motorola Smartphone F759,Smartphone,Motorola,460.79,3.7,53.0,2.0,23.0,12.0,436,Medium
EOS-00159,Lenovo Pro Tablet S658,Tablet,Lenovo,495.44,2.9,180.0,143.0,0.0,24.0,422,Medium
EOS-00160,Apple 5G Phone B372,Smartphone,Apple,456.71,3.1,204.0,54.0,8.0,12.0,502,Medium
EOS-00161,Belkin USB-C Hub A532,Accessory,Belkin,92.61,3.7,202.0,165.0,21.0,24.0,281,Low
EOS-00162,Fitbit Fitness Watch D120,Smartwatch,Fitbit,162.84,3.4,292.0,209.0,14.0,12.0,398,Low
EOS-00163,Xiaomi 5G Phone F529,Smartphone,Xiaomi,494.79,3.5,340.0,242.0,14.0,24.0,398,Low
EOS-00164,Samsung Pro Smartphone S559,Smartphone,Samsung,222.43,3.8,26.0,66.0,4.0,12.0,525,Medium
EOS-00165,AOC Office Monitor N268,Monitor,AOC,334.23,4.5,52.0,88.0,16.0,24.0,493,Medium
EOS-00166,Asus Ultrabook H782,Laptop,Asus,1169.11,3.8,254.0,108.0,16.0,24.0,468,Medium
EOS-00167,Asus Business Notebook G868,Laptop,Asus,1515.91,4.1,96.0,112.0,5.0,12.0,405,Medium
EOS-00168,Dell Ultrabook U762,Laptop,Dell,1555.05,4.1,281.0,157.0,18.0,24.0,620,High
EOS-00169,Apple Gaming Headset O361,Headphones,Apple,177.33,3.2,308.0,52.0,29.0,6.0,508,Medium
EOS-00170,Apple Foldable Phone B891,Smartphone,Apple,1213.61,4.1,146.0,170.0,20.0,24.0,351,Low
EOS-00171,Dell 4K Monitor L606,Monitor,Dell,683.48,2.6,172.0,221.0,9.0,12.0,369,Low
EOS-00172,Sony OLED TV E338,TV,Sony,799.3,4.2,274.0,264.0,5.0,24.0,515,Medium
EOS-00173,Samsung Office Monitor I473,Monitor,Samsung,748.42,3.3,315.0,155.0,21.0,36.0,288,Low
EOS-00174,Razer Wireless Mouse I949,Accessory,Razer,97.99,4.2,118.0,197.0,14.0,24.0,440,Medium
EOS-00175,Xiaomi Budget Phone H362,Smartphone,Xiaomi,608.61,3.3,145.0,0.0,4.0,12.0,378,Low
EOS-00176,Razer Webcam Y742,Accessory,Razer,83.03,3.7,90.0,143.0,22.0,24.0,544,Medium
EOS-00177,Apple Mini Tablet Y566,Tablet,Apple,209.8,4.8,179.0,80.0,24.0,24.0,706,High
EOS-00178,Apple Business Notebook H924,Laptop,Apple,1450.37,4.3,272.0,164.0,11.0,36.0,522,Medium
EOS-00179,Huawei Mini Tablet N701,Tablet,Huawei,328.88,4.0,146.0,284.0,8.0,12.0,595,Medium
EOS-00180,Nintendo VR Bundle Z417,Gaming Console,Nintendo,262.93,3.8,178.0,152.0,30.0,12.0,781,High
EOS-00181,LG 4K TV B332,TV,LG,817.86,,112.0,125.0,23.0,12.0,502,Medium
EOS-00182,Apple Mini Tablet P625,Tablet,Apple,642.05,3.6,99.0,221.0,22.0,24.0,772,High
EOS-00183,Razer Power Bank I204,Accessory,Razer,59.1,3.4,118.0,153.0,15.0,24.0,571,Medium
EOS-00184,Lenovo Tablet R851,Tablet,Lenovo,204.73,3.4,28.0,121.0,9.0,12.0,580,Medium
EOS-00185,Lenovo Kids Tablet G360,Tablet,Lenovo,511.66,3.0,130.0,114.0,5.0,24.0,413,Medium
EOS-00186,Anker Wireless Mouse N127,Accessory,Anker,70.58,4.2,226.0,185.0,26.0,12.0,569,Medium
EOS-00187,Samsung OLED TV N737,TV,Samsung,933.3,3.2,159.0,136.0,5.0,36.0,491,Medium
EOS-00188,AOC 4K Monitor Q347,Monitor,AOC,659.29,3.4,48.0,65.0,2.0,36.0,331,Low
EOS-00189,Logitech Power Bank S381,Accessory,Logitech,46.29,4.5,209.0,19.0,6.0,6.0,519,Medium
EOS-00190,Bose Wireless Headphones M102,Headphones,Bose,252.12,3.3,188.0,205.0,21.0,24.0,371,Low
EOS-00191,Apple Tablet H209,Tablet,Apple,622.41,3.9,199.0,174.0,25.0,12.0,214,Low
EOS-00192,Garmin Smartwatch M687,Smartwatch,Garmin,549.18,4.0,305.0,162.0,19.0,24.0,691,High
EOS-00193,Google 5G Phone B589,Smartphone,Google,1019.4,3.8,316.0,310.0,5.0,12.0,356,Low
EOS-00194,Xiaomi 5G Phone O188,Smartphone,Xiaomi,700.62,3.7,476.0,220.0,18.0,24.0,625,High
EOS-00195,Philips 4K TV R136,TV,Philips,1097.92,4.2,550.0,159.0,30.0,12.0,343,Low
EOS-00196,LG Gaming Monitor P342,Monitor,LG,572.0,4.5,70.0,148.0,14.0,12.0,723,High
EOS-00197,Samsung QLED TV B451,TV,Samsung,2432.46,3.9,18.0,186.0,3.0,12.0,357,Low
EOS-00198,Nikon Instant Camera U916,Camera,Nikon,966.99,4.1,53.0,140.0,18.0,12.0,740,High
EOS-00199,Bose Wireless Headphones N853,Headphones,Bose,450.0,4.8,308.0,68.0,24.0,6.0,360,Low
EOS-00200,BenQ Ultrawide Monitor S271,Monitor,BenQ,665.06,3.6,154.0,110.0,24.0,,476,Medium
EOS-00201,Samsung GPS Watch R533,Smartwatch,Samsung,522.16,4.0,21.0,13.0,18.0,12.0,293,Low
EOS-00202,Huawei Hybrid Watch P598,Smartwatch,Huawei,257.71,4.5,182.0,69.0,0.0,12.0,295,Low
EOS-00203,Lenovo Business Notebook P432,Laptop,Lenovo,565.45,3.2,306.0,77.0,7.0,24.0,252,Low
EOS-00204,Samsung Mini Tablet B820,Tablet,Samsung,495.33,4.6,147.0,23.0,27.0,24.0,523,Medium
EOS-00205,MSI Business Notebook P709,Laptop,MSI,781.7,4.2,286.0,134.0,21.0,24.0,707,High
EOS-00206,Acer Business Notebook R713,Laptop,Acer,1719.7,4.5,98.0,167.0,5.0,24.0,532,Medium
EOS-00207,HP 2-in-1 Laptop C793,Laptop,HP,690.31,3.3,133.0,80.0,5.0,12.0,649,High
EOS-00208,Razer USB-C Hub D917,Accessory,Razer,100.44,4.3,70.0,0.0,17.0,24.0,595,Medium
EOS-00209,Sony Handheld Console J943,Gaming Console,Sony,360.04,3.9,161.0,226.0,14.0,24.0,516,Medium
EOS-00210,Samsung Hybrid Watch M653,Smartwatch,Samsung,298.16,2.8,97.0,168.0,17.0,12.0,559,Medium
EOS-00211,LG Mini LED TV N527,TV,LG,1878.57,3.8,,145.0,24.0,12.0,400,Medium
EOS-00212,Apple Smartwatch Q283,Smartwatch,Apple,285.92,5.0,127.0,262.0,23.0,12.0,626,High
EOS-00213,Sony Studio Headphones K611,Headphones,Sony,176.76,4.1,131.0,69.0,4.0,6.0,557,Medium
EOS-00214,Apple Studio Headphones R928,Headphones,Apple,225.67,4.0,102.0,271.0,0.0,12.0,297,Low
EOS-00215,Bose Studio Headphones U625,Headphones,Bose,133.44,2.8,261.0,234.0,19.0,24.0,711,High
EOS-00216,Apple GPS Watch K266,Smartwatch,Apple,383.89,3.0,206.0,174.0,32.0,24.0,481,Medium
EOS-00217,Sennheiser Earbuds F929,Headphones,Sennheiser,293.61,3.5,282.0,,20.0,6.0,508,Medium
EOS-00218,LG OLED TV W785,TV,,3302.04,4.3,241.0,72.0,29.0,24.0,291,Low
EOS-00219,AOC Curved Monitor K609,Monitor,AOC,581.14,4.6,71.0,116.0,24.0,24.0,451,Medium
EOS-00220,JBL Gaming Headset M177,Headphones,JBL,116.65,4.0,275.0,246.0,6.0,24.0,638,High
EOS-00221,Google Smartphone T588,Smartphone,Google,1147.74,3.6,144.0,60.0,14.0,24.0,543,Medium
EOS-00222,Apple Earbuds W602,Headphones,Apple,121.68,4.3,139.0,63.0,32.0,24.0,609,High
EOS-00223,Logitech Mechanical Keyboard G326,Accessory,Logitech,36.89,4.7,75.0,88.0,18.0,12.0,596,Medium
EOS-00224,JBL Noise Cancelling Headphones E596,Headphones,,83.24,3.8,162.0,111.0,14.0,6.0,709,High
EOS-00225,Logitech Noise Cancelling Headphones E259,Headphones,Logitech,186.64,4.9,212.0,161.0,29.0,24.0,545,Medium
EOS-00226,Google Budget Phone M572,Smartphone,Google,532.65,4.7,22.0,57.0,14.0,24.0,690,High
EOS-00227,Garmin Smartwatch Q355,Smartwatch,Garmin,213.72,4.5,57.0,213.0,17.0,24.0,293,Low
EOS-00228,Microsoft Console Bundle X183,Gaming Console,Microsoft,517.65,4.0,56.0,134.0,16.0,12.0,420,Medium
EOS-00229,Samsung Mini Tablet F826,Tablet,Samsung,513.19,3.7,112.0,118.0,37.0,12.0,332,Low
EOS-00230,Fitbit Fitness Watch Q675,Smartwatch,Fitbit,262.78,3.5,,227.0,4.0,24.0,285,Low
EOS-00231,Hisense Mini LED TV E197,TV,Hisense,1011.77,3.9,247.0,102.0,0.0,12.0,452,Medium
EOS-00232,Google Foldable Phone R873,Smartphone,Google,878.44,3.6,33.0,192.0,8.0,24.0,336,Low
EOS-00233,Bose Noise Cancelling Headphones V782,Headphones,Bose,205.25,3.9,132.0,314.0,21.0,24.0,414,Medium
EOS-00234,Xiaomi 5G Phone P346,Smartphone,Xiaomi,958.57,4.2,159.0,126.0,8.0,24.0,521,Medium
EOS-00235,Philips Mini LED TV L369,TV,Philips,1694.13,4.3,122.0,84.0,11.0,,436,Medium
EOS-00236,Apple Ultrabook Q275,Laptop,Apple,513.82,4.2,43.0,104.0,9.0,24.0,492,Medium
EOS-00237,Samsung Hybrid Watch I680,Smartwatch,Samsung,460.36,3.2,184.0,57.0,15.0,12.0,709,High
EOS-00238,Corsair Power Bank C699,Accessory,Corsair,134.74,4.5,64.0,122.0,21.0,6.0,543,Medium
EOS-00239,Belkin Webcam B329,Accessory,Belkin,120.47,3.6,61.0,86.0,24.0,12.0,520,Medium
EOS-00240,HP 2-in-1 Laptop S407,Laptop,HP,2472.02,4.0,163.0,67.0,0.0,36.0,460,Medium
EOS-00241,GoPro DSLR Camera F849,Camera,GoPro,1956.94,4.0,221.0,82.0,2.0,12.0,246,Low
EOS-00242,Valve Retro Console E521,Gaming Console,Valve,450.22,4.2,269.0,209.0,14.0,12.0,548,Medium
EOS-00243,Samsung Fitness Watch I853,Smartwatch,Samsung,380.81,3.9,87.0,45.0,26.0,12.0,470,Medium
EOS-00244,Amazfit Sports Watch E650,Smartwatch,Amazfit,247.37,3.8,153.0,131.0,0.0,24.0,580,Medium
EOS-00245,Fujifilm Instant Camera H934,Camera,Fujifilm,2359.06,4.9,452.0,193.0,,12.0,287,Low
EOS-00246,Microsoft Pro Tablet O352,Tablet,Microsoft,536.13,3.3,117.0,190.0,29.0,24.0,227,Low
EOS-00247,Lenovo 2-in-1 Laptop U887,Laptop,Lenovo,867.87,4.9,334.0,109.0,13.0,36.0,744,High
EOS-00248,Anker Power Bank C104,Accessory,Anker,121.72,3.8,8.0,58.0,21.0,6.0,540,Medium
EOS-00249,Lenovo Pro Tablet U705,Tablet,Lenovo,339.84,4.0,86.0,127.0,27.0,24.0,479,Medium
EOS-00250,JBL Earbuds T646,Headphones,JBL,86.46,3.6,136.0,290.0,13.0,6.0,517,Medium
EOS-00251,JBL Gaming Headset Q921,Headphones,JBL,174.07,4.9,174.0,174.0,34.0,24.0,664,High
EOS-00252,Samsung Budget Phone T178,Smartphone,Samsung,857.92,3.8,331.0,267.0,0.0,24.0,268,Low
EOS-00253,Apple 5G Phone F451,Smartphone,Apple,,3.8,107.0,199.0,8.0,12.0,382,Low
EOS-00254,Anker Power Bank W734,Accessory,Anker,49.93,4.8,197.0,118.0,15.0,24.0,413,Medium
EOS-00255,Canon Vlogging Camera R527,Camera,Canon,565.48,4.2,303.0,139.0,13.0,36.0,659,High
EOS-00256,Google Smartphone R327,Smartphone,Google,649.46,3.8,208.0,192.0,32.0,12.0,382,Low
EOS-00257,Hisense OLED TV Y134,TV,Hisense,1024.68,3.7,87.0,212.0,17.0,36.0,476,Medium
EOS-00258,Lenovo Kids Tablet E248,Tablet,Lenovo,1205.1,3.5,264.0,20.0,24.0,24.0,280,Low
EOS-00259,Microsoft Pro Tablet D149,Tablet,Microsoft,383.72,3.4,175.0,97.0,23.0,24.0,451,Medium
EOS-00260,Canon Mirrorless Camera R406,Camera,Canon,1499.32,3.6,451.0,222.0,7.0,36.0,391,Low
EOS-00261,AOC Ultrawide Monitor J231,Monitor,AOC,513.4,4.0,248.0,39.0,5.0,12.0,721,High
EOS-00262,OnePlus 5G Phone H611,Smartphone,OnePlus,439.54,3.9,76.0,153.0,17.0,24.0,568,Medium
EOS-00263,Microsoft Console Bundle X256,Gaming Console,Microsoft,271.67,4.2,1872.0,133.0,7.0,12.0,566,Medium
EOS-00264,Valve Gaming Console P269,Gaming Console,Valve,345.92,5.0,125.0,102.0,19.0,24.0,722,High
EOS-00265,Valve Retro Console R503,Gaming Console,Valve,454.72,3.9,92.0,317.0,11.0,12.0,407,Medium
EOS-00266,Apple 5G Phone J650,Smartphone,Apple,443.89,4.2,72.0,65.0,0.0,24.0,626,High
EOS-00267,Sony Wireless Headphones Z104,Headphones,Sony,233.48,4.1,228.0,60.0,0.0,6.0,525,Medium
EOS-00268,LG Smart TV B255,TV,LG,1064.34,3.3,41.0,136.0,0.0,12.0,388,Low
EOS-00269,TCL 4K TV S243,TV,TCL,965.6,4.6,118.0,160.0,10.0,12.0,644,High
EOS-00270,Canon Vlogging Camera Q432,Camera,Canon,1349.94,3.4,290.0,37.0,29.0,24.0,657,High
EOS-00271,Apple Studio Headphones M204,Headphones,Apple,177.59,3.7,70.0,173.0,0.0,6.0,433,Medium
EOS-00272,Belkin Power Bank O816,Accessory,Belkin,142.01,4.4,272.0,207.0,4.0,6.0,497,Medium
EOS-00273,Nintendo Handheld Console P505,Gaming Console,Nintendo,557.75,4.1,313.0,31.0,26.0,12.0,453,Medium
EOS-00274,Samsung Pro Tablet N844,Tablet,Samsung,496.78,3.4,188.0,95.0,19.0,12.0,445,Medium
EOS-00275,Amazfit Hybrid Watch U607,Smartwatch,Amazfit,290.82,3.8,22.0,197.0,0.0,12.0,512,Medium
EOS-00276,Philips Mini LED TV I102,TV,Philips,895.75,4.6,44.0,101.0,2.0,24.0,479,Medium
EOS-00277,MSI Creator Laptop W533,Laptop,MSI,1484.55,4.0,106.0,168.0,39.0,,868,High
EOS-00278,Fitbit Hybrid Watch F322,Smartwatch,Fitbit,200.04,3.8,100.0,117.0,16.0,24.0,552,Medium
EOS-00279,Microsoft USB-C Hub B470,Accessory,Microsoft,42.07,3.8,168.0,193.0,18.0,24.0,479,Medium
EOS-00280,Motorola Smartphone N743,Smartphone,Motorola,253.98,3.8,155.0,112.0,20.0,12.0,421,Medium
EOS-00281,LG Curved Monitor W753,Monitor,LG,273.73,3.9,179.0,167.0,3.0,36.0,618,High
EOS-00282,Amazfit Fitness Watch Z892,Smartwatch,Amazfit,238.15,3.7,63.0,126.0,0.0,,424,Medium
EOS-00283,Dell Office Monitor I670,Monitor,Dell,607.45,4.1,123.0,26.0,7.0,12.0,466,Medium
EOS-00284,Anker Mechanical Keyboard X449,Accessory,Anker,,4.2,463.0,124.0,20.0,24.0,362,Low
EOS-00285,Huawei Kids Tablet Z364,Tablet,Huawei,330.88,3.4,222.0,66.0,11.0,24.0,494,Medium
EOS-00286,JBL Earbuds S575,Headphones,JBL,80.05,3.3,241.0,104.0,35.0,6.0,348,Low
EOS-00287,Acer Business Notebook V126,Laptop,Acer,739.7,4.0,162.0,139.0,29.0,12.0,660,High
EOS-00288,JBL Wireless Headphones V863,Headphones,JBL,187.93,4.3,462.0,17.0,31.0,24.0,429,Medium
EOS-00289,Huawei GPS Watch T969,Smartwatch,Huawei,277.2,5.0,487.0,134.0,10.0,12.0,504,Medium
EOS-00290,MSI Business Notebook A758,Laptop,MSI,597.22,4.4,477.0,232.0,4.0,12.0,497,Medium
EOS-00291,Samsung Curved Monitor F232,Monitor,Samsung,293.28,,209.0,225.0,0.0,36.0,403,Medium
EOS-00292,Apple Mini Tablet U388,Tablet,Apple,262.62,4.3,16.0,209.0,15.0,24.0,663,High
EOS-00293,Dell 4K Monitor M479,Monitor,Dell,737.07,4.1,159.0,45.0,3.0,12.0,564,Medium
EOS-00294,Samsung OLED TV B449,TV,Samsung,1126.36,4.3,124.0,174.0,0.0,24.0,581,Medium
EOS-00295,Sony Handheld Console I987,Gaming Console,Sony,473.99,3.2,90.0,154.0,11.0,12.0,415,Medium
EOS-00296,Corsair Power Bank A616,Accessory,Corsair,75.31,3.1,69.0,156.0,0.0,12.0,515,Medium
EOS-00297,Samsung Pro Tablet E286,Tablet,Samsung,585.15,3.3,277.0,190.0,5.0,24.0,444,Medium
EOS-00298,Canon Action Camera E553,Camera,Canon,2025.18,4.6,80.0,78.0,0.0,36.0,305,Low
EOS-00299,Google Pro Smartphone A947,Smartphone,Google,770.7,3.5,242.0,42.0,12.0,12.0,625,High
EOS-00300,Lenovo Pro Tablet F321,Tablet,Lenovo,656.14,4.4,192.0,126.0,7.0,12.0,503,Medium
EOS-00301,Apple 5G Phone K804,Smartphone,Apple,1495.63,4.0,142.0,272.0,2.0,12.0,234,Low
EOS-00302,Microsoft Mini Tablet O432,Tablet,,,3.8,621.0,90.0,0.0,12.0,742,High
EOS-00303,Sony Action Camera J134,Camera,Sony,,3.1,374.0,127.0,22.0,12.0,366,Low
EOS-00304,Dell Office Monitor G265,Monitor,Dell,781.07,4.7,85.0,111.0,18.0,24.0,484,Medium
EOS-00305,Belkin USB-C Hub T233,Accessory,Belkin,57.13,4.7,229.0,213.0,7.0,12.0,423,Medium
EOS-00306,Meta Retro Console U756,Gaming Console,Meta,205.54,3.1,415.0,84.0,11.0,24.0,589,Medium
EOS-00307,Xiaomi 5G Phone S874,Smartphone,Xiaomi,665.99,4.5,242.0,154.0,12.0,12.0,450,Medium
EOS-00308,Lenovo Tablet F312,Tablet,Lenovo,545.35,3.9,34.0,52.0,0.0,12.0,492,Medium
EOS-00309,Razer Webcam I432,Accessory,Razer,210.64,3.4,226.0,135.0,7.0,12.0,308,Low
EOS-00310,TCL OLED TV V476,TV,TCL,1515.14,5.0,350.0,124.0,0.0,12.0,520,Medium
EOS-00311,Huawei Hybrid Watch Y206,Smartwatch,Huawei,181.37,4.0,71.0,75.0,21.0,12.0,564,Medium
EOS-00312,Sony Vlogging Camera U808,Camera,Sony,1328.28,3.9,158.0,69.0,24.0,12.0,523,Medium
EOS-00313,Anker Webcam U819,Accessory,Anker,130.6,3.9,358.0,174.0,18.0,12.0,457,Medium
EOS-00314,Nintendo Console Bundle Q480,Gaming Console,Nintendo,308.14,3.7,389.0,96.0,0.0,24.0,432,Medium
EOS-00315,Sennheiser Earbuds M163,Headphones,Sennheiser,237.39,3.6,341.0,85.0,12.0,24.0,385,Low
EOS-00316,Microsoft Mechanical Keyboard N336,Accessory,Microsoft,48.9,4.2,26.0,183.0,18.0,12.0,602,High
EOS-00317,Sony Handheld Console L104,Gaming Console,Sony,527.98,3.8,45.0,168.0,28.0,24.0,412,Medium
EOS-00318,Fujifilm Action Camera M833,Camera,Fujifilm,427.25,3.5,351.0,44.0,11.0,12.0,598,Medium
EOS-00319,TCL QLED TV X534,TV,,1730.02,3.2,131.0,56.0,25.0,12.0,358,Low
EOS-00320,Amazfit Fitness Watch Y194,Smartwatch,Amazfit,96.67,3.5,167.0,158.0,18.0,24.0,482,Medium
EOS-00321,Samsung QLED TV V463,TV,Samsung,1215.17,4.1,393.0,197.0,29.0,24.0,500,Medium
EOS-00322,Garmin Smartwatch R189,Smartwatch,Garmin,350.18,3.4,66.0,117.0,5.0,24.0,479,Medium
EOS-00323,Asus Gaming Monitor N423,Monitor,Asus,284.47,4.0,184.0,136.0,0.0,24.0,800,High
EOS-00324,Google 5G Phone E667,Smartphone,Google,322.64,3.8,159.0,49.0,15.0,12.0,451,Medium
EOS-00325,Samsung OLED TV B937,TV,Samsung,577.56,3.4,199.0,152.0,21.0,12.0,425,Medium
EOS-00326,Lenovo Ultrabook M917,Laptop,Lenovo,1014.51,3.4,187.0,150.0,9.0,12.0,609,High
EOS-00327,Google 5G Phone M156,Smartphone,Google,492.57,3.9,83.0,31.0,0.0,12.0,379,Low
EOS-00328,Microsoft Power Bank Z680,Accessory,Microsoft,100.14,4.4,234.0,113.0,0.0,12.0,305,Low
EOS-00329,Microsoft Mini Tablet W270,Tablet,Microsoft,1300.0,3.7,46.0,112.0,11.0,24.0,305,Low
EOS-00330,Lenovo 2-in-1 Laptop O758,Laptop,Lenovo,1641.71,4.0,268.0,30.0,0.0,12.0,421,Medium
EOS-00331,Razer Webcam Q838,Accessory,Razer,95.2,4.7,206.0,233.0,16.0,12.0,518,Medium
EOS-00332,Apple Mini Tablet V496,Tablet,Apple,195.06,4.0,144.0,296.0,14.0,12.0,371,Low
EOS-00333,LG 4K TV O776,TV,LG,860.84,4.7,348.0,98.0,12.0,36.0,414,Medium
EOS-00334,Samsung Smartwatch D187,Smartwatch,Samsung,347.69,4.1,423.0,150.0,18.0,24.0,633,High
EOS-00335,JBL Gaming Headset Q367,Headphones,JBL,85.56,3.6,91.0,160.0,29.0,6.0,455,Medium
EOS-00336,Canon Vlogging Camera B400,Camera,Canon,724.51,4.6,124.0,42.0,18.0,12.0,772,High
EOS-00337,Samsung 4K Monitor H382,Monitor,Samsung,654.74,3.5,316.0,147.0,,36.0,476,Medium
EOS-00338,BenQ Ultrawide Monitor U635,Monitor,BenQ,531.24,4.1,192.0,22.0,4.0,24.0,484,Medium
EOS-00339,JBL Gaming Headset Z228,Headphones,JBL,128.63,4.3,224.0,141.0,41.0,12.0,513,Medium
EOS-00340,Dell Ultrabook N153,Laptop,Dell,635.44,3.5,133.0,90.0,12.0,24.0,573,Medium
EOS-00341,Hisense QLED TV L697,TV,Hisense,1480.27,4.5,241.0,123.0,17.0,12.0,418,Medium
EOS-00342,OnePlus 5G Phone W370,Smartphone,OnePlus,573.7,3.9,14.0,118.0,13.0,12.0,314,Low
EOS-00343,Huawei Mini Tablet U540,Tablet,Huawei,376.27,4.6,264.0,104.0,27.0,12.0,373,Low
EOS-00344,Meta Gaming Console C936,Gaming Console,,387.26,3.6,53.0,6.0,21.0,,484,Medium
EOS-00345,AOC Curved Monitor E583,Monitor,AOC,1218.73,3.8,251.0,219.0,32.0,36.0,474,Medium
EOS-00346,Google Smartphone S521,Smartphone,Google,451.16,4.6,283.0,78.0,7.0,12.0,510,Medium
EOS-00347,Apple 2-in-1 Laptop I521,Laptop,Apple,,3.9,65.0,76.0,19.0,12.0,385,Low
EOS-00348,Meta Gaming Console B379,Gaming Console,Meta,432.14,3.9,111.0,1.0,16.0,24.0,336,Low
EOS-00349,OnePlus Pro Smartphone U933,Smartphone,OnePlus,406.78,3.6,96.0,223.0,27.0,12.0,337,Low
EOS-00350,Corsair Webcam X730,Accessory,Corsair,99.38,3.4,63.0,165.0,,24.0,399,Low
EOS-00351,Motorola Smartphone B939,Smartphone,Motorola,690.38,2.8,78.0,135.0,0.0,24.0,406,Medium
EOS-00352,BenQ Curved Monitor F256,Monitor,BenQ,1376.96,4.6,258.0,59.0,30.0,36.0,308,Low
EOS-00353,Samsung Hybrid Watch R112,Smartwatch,Samsung,128.7,4.3,521.0,111.0,,24.0,623,High
EOS-00354,Amazfit Hybrid Watch U137,Smartwatch,Amazfit,296.69,3.9,356.0,163.0,35.0,12.0,711,High
EOS-00355,Apple Creator Laptop F124,Laptop,Apple,1468.99,4.2,479.0,193.0,28.0,36.0,573,Medium
EOS-00356,HP Business Notebook A754,Laptop,HP,1346.98,4.0,,70.0,2.0,36.0,487,Medium
EOS-00357,Asus 4K Monitor E738,Monitor,Asus,1024.98,3.9,106.0,1.0,5.0,12.0,302,Low
EOS-00358,Amazfit Smartwatch R175,Smartwatch,Amazfit,521.21,3.7,265.0,96.0,5.0,12.0,472,Medium
EOS-00359,Nikon Instant Camera E559,Camera,Nikon,2254.76,4.2,110.0,113.0,10.0,12.0,267,Low
EOS-00360,Lenovo Pro Tablet E497,Tablet,Lenovo,1013.68,3.6,86.0,158.0,9.0,12.0,337,Low
EOS-00361,Motorola Smartphone U779,Smartphone,Motorola,440.97,4.9,129.0,206.0,6.0,24.0,549,Medium
EOS-00362,Huawei Tablet B678,Tablet,Huawei,162.34,4.2,153.0,155.0,17.0,12.0,629,High
EOS-00363,Nikon DSLR Camera F189,Camera,Nikon,712.52,4.1,38.0,64.0,9.0,12.0,564,Medium
EOS-00364,Apple GPS Watch O913,Smartwatch,Apple,626.67,4.6,221.0,140.0,9.0,24.0,270,Low
EOS-00365,JBL Gaming Headset M704,Headphones,JBL,123.05,4.2,71.0,158.0,21.0,12.0,445,Medium
EOS-00366,Acer Gaming Laptop V905,Laptop,Acer,1778.71,3.8,105.0,154.0,19.0,12.0,254,Low
EOS-00367,BenQ Office Monitor H894,Monitor,BenQ,498.26,4.4,35.0,50.0,36.0,36.0,280,Low
EOS-00368,Meta Gaming Console G770,Gaming Console,Meta,903.71,4.2,207.0,180.0,10.0,24.0,278,Low
EOS-00369,Samsung Pro Smartphone J512,Smartphone,Samsung,365.7,3.5,54.0,134.0,9.0,24.0,394,Low
EOS-00370,Apple Noise Cancelling Headphones E877,Headphones,Apple,152.57,4.7,98.0,126.0,0.0,6.0,544,Medium
EOS-00371,Valve VR Bundle G993,Gaming Console,Valve,656.92,4.2,193.0,210.0,24.0,24.0,330,Low
EOS-00372,Meta Retro Console I471,Gaming Console,Meta,346.0,3.2,143.0,167.0,19.0,12.0,503,Medium
EOS-00373,Sony Noise Cancelling Headphones J410,Headphones,Sony,183.94,2.8,145.0,137.0,2.0,24.0,488,Medium
EOS-00374,Philips Smart TV U983,TV,Philips,682.66,4.2,223.0,86.0,11.0,36.0,597,Medium
EOS-00375,Acer Business Notebook O849,Laptop,Acer,1896.28,4.3,148.0,299.0,5.0,12.0,495,Medium
EOS-00376,Acer Gaming Laptop R865,Laptop,Acer,1366.26,3.7,248.0,145.0,14.0,36.0,500,Medium
EOS-00377,Apple Studio Headphones S678,Headphones,Apple,191.93,3.8,436.0,78.0,3.0,12.0,339,Low
EOS-00378,Sony DSLR Camera S828,Camera,Sony,503.37,4.6,47.0,80.0,34.0,12.0,429,Medium
EOS-00379,OnePlus Smartphone D528,Smartphone,,1051.81,3.6,159.0,186.0,13.0,24.0,227,Low
EOS-00380,Xiaomi Pro Smartphone H591,Smartphone,Xiaomi,947.11,3.3,124.0,80.0,32.0,24.0,576,Medium
EOS-00381,Dell Ultrabook M506,Laptop,Dell,806.19,4.2,58.0,204.0,18.0,24.0,511,Medium
EOS-00382,Acer Business Notebook K493,Laptop,Acer,2128.44,4.1,76.0,82.0,6.0,36.0,649,High
EOS-00383,Sennheiser Wireless Headphones V732,Headphones,Sennheiser,89.93,4.4,82.0,114.0,21.0,6.0,350,Low
EOS-00384,AOC Office Monitor Y481,Monitor,AOC,647.78,3.9,45.0,160.0,27.0,36.0,239,Low
EOS-00385,Samsung 4K Monitor K857,Monitor,Samsung,760.07,4.1,338.0,162.0,21.0,24.0,337,Low
EOS-00386,Asus Ultrabook L411,Laptop,Asus,1066.52,4.4,265.0,153.0,29.0,24.0,623,High
EOS-00387,Bose Studio Headphones O462,Headphones,Bose,172.44,3.4,340.0,99.0,16.0,12.0,394,Low
EOS-00388,Huawei Drawing Tablet G428,Tablet,Huawei,301.44,5.0,223.0,127.0,15.0,12.0,757,High
EOS-00389,HP Business Notebook A290,Laptop,HP,764.23,3.0,35.0,47.0,18.0,,212,Low
EOS-00390,Sennheiser Gaming Headset Z176,Headphones,Sennheiser,120.13,4.5,147.0,71.0,14.0,12.0,525,Medium
EOS-00391,OnePlus Budget Phone S793,Smartphone,OnePlus,484.99,4.1,140.0,134.0,7.0,12.0,372,Low
EOS-00392,Huawei Drawing Tablet Z778,Tablet,Huawei,705.11,4.7,254.0,74.0,0.0,24.0,513,Medium
EOS-00393,Belkin Webcam I524,Accessory,Belkin,124.16,3.5,58.0,137.0,7.0,6.0,308,Low
EOS-00394,Samsung OLED TV K299,TV,Samsung,957.27,4.6,183.0,77.0,13.0,36.0,584,Medium
EOS-00395,Amazfit Hybrid Watch O856,Smartwatch,Amazfit,252.68,,180.0,170.0,20.0,12.0,456,Medium
EOS-00396,LG Ultrawide Monitor P113,Monitor,LG,356.23,3.7,409.0,104.0,18.0,12.0,295,Low
EOS-00397,Sennheiser Studio Headphones H166,Headphones,Sennheiser,263.21,3.8,60.0,107.0,13.0,24.0,346,Low
EOS-00398,MSI 2-in-1 Laptop C872,Laptop,MSI,1824.01,4.4,144.0,122.0,13.0,36.0,464,Medium
EOS-00399,Acer Gaming Laptop H813,Laptop,Acer,553.93,4.5,178.0,29.0,36.0,24.0,725,High
EOS-00400,LG OLED TV K857,TV,LG,3500.0,4.2,402.0,155.0,3.0,36.0,281,Low
EOS-00401,Anker USB-C Hub F740,Accessory,Anker,74.35,4.4,124.0,70.0,0.0,12.0,466,Medium
EOS-00402,Motorola Pro Smartphone E135,Smartphone,Motorola,611.76,3.1,46.0,,21.0,12.0,253,Low
EOS-00403,Microsoft Mechanical Keyboard I863,Accessory,Microsoft,101.46,4.5,105.0,131.0,21.0,24.0,523,Medium
EOS-00404,Bose Earbuds S983,Headphones,Bose,122.6,4.0,156.0,128.0,14.0,6.0,460,Medium
EOS-00405,Xiaomi Pro Smartphone W621,Smartphone,Xiaomi,480.01,,374.0,183.0,7.0,24.0,588,Medium
EOS-00406,TCL QLED TV G157,TV,TCL,766.26,3.6,33.0,0.0,2.0,36.0,502,Medium
EOS-00407,Apple Foldable Phone G925,Smartphone,Apple,581.91,4.5,271.0,78.0,15.0,12.0,695,High
EOS-00408,Sony Earbuds M641,Headphones,Sony,81.86,3.6,98.0,18.0,22.0,6.0,476,Medium
EOS-00409,Apple Pro Smartphone X996,Smartphone,Apple,1563.71,4.1,53.0,35.0,0.0,12.0,289,Low
EOS-00410,Sony DSLR Camera F282,Camera,Sony,770.74,4.1,90.0,160.0,10.0,24.0,588,Medium
EOS-00411,Apple Sports Watch F581,Smartwatch,Apple,191.83,3.5,74.0,173.0,30.0,12.0,318,Low
EOS-00412,Nikon Vlogging Camera Q377,Camera,Nikon,2537.05,4.7,252.0,94.0,13.0,36.0,440,Medium
EOS-00413,Xiaomi Pro Smartphone X638,Smartphone,Xiaomi,272.51,4.0,,106.0,24.0,12.0,371,Low
EOS-00414,BenQ Office Monitor E980,Monitor,BenQ,1038.93,4.6,237.0,251.0,21.0,12.0,418,Medium
EOS-00415,Asus Gaming Laptop E438,Laptop,Asus,1437.48,3.7,122.0,118.0,37.0,24.0,520,Medium
EOS-00416,Samsung Kids Tablet L490,Tablet,Samsung,457.12,3.0,308.0,135.0,0.0,24.0,336,Low
EOS-00417,MSI Creator Laptop Y205,Laptop,MSI,908.28,4.1,108.0,106.0,19.0,36.0,508,Medium
EOS-00418,Apple Smartwatch R871,Smartwatch,Apple,336.72,4.3,309.0,171.0,17.0,24.0,492,Medium
EOS-00419,OnePlus Smartphone N953,Smartphone,OnePlus,474.94,4.5,35.0,90.0,6.0,24.0,538,Medium
EOS-00420,Huawei Fitness Watch Q261,Smartwatch,Huawei,280.48,3.8,85.0,146.0,0.0,12.0,418,Medium
EOS-00421,OnePlus 5G Phone F769,Smartphone,OnePlus,314.37,4.9,191.0,64.0,8.0,24.0,560,Medium
EOS-00422,Samsung Tablet V418,Tablet,Samsung,390.71,2.6,136.0,187.0,0.0,12.0,572,Medium
EOS-00423,Lenovo Pro Tablet P367,Tablet,Lenovo,652.41,3.6,31.0,130.0,5.0,24.0,172,Low
EOS-00424,MSI Business Notebook I973,Laptop,MSI,758.76,4.0,290.0,140.0,28.0,12.0,578,Medium
EOS-00425,GoPro Vlogging Camera K286,Camera,GoPro,998.68,3.4,255.0,114.0,11.0,36.0,367,Low
EOS-00426,HP Business Notebook R367,Laptop,HP,1190.22,5.0,121.0,132.0,19.0,12.0,541,Medium
EOS-00427,OnePlus Foldable Phone A618,Smartphone,OnePlus,537.21,4.4,342.0,78.0,0.0,24.0,580,Medium
EOS-00428,Huawei Tablet A147,Tablet,Huawei,422.44,4.6,571.0,58.0,4.0,12.0,599,Medium
EOS-00429,Samsung Foldable Phone G672,Smartphone,Samsung,500.1,3.9,226.0,113.0,15.0,12.0,689,High
EOS-00430,Motorola Smartphone H688,Smartphone,Motorola,796.36,4.1,41.0,124.0,8.0,12.0,564,Medium
EOS-00431,Samsung 5G Phone U886,Smartphone,Samsung,596.53,4.0,44.0,107.0,19.0,24.0,473,Medium
EOS-00432,Samsung Pro Tablet B985,Tablet,Samsung,769.2,3.1,161.0,76.0,15.0,24.0,493,Medium
EOS-00433,Amazfit GPS Watch S646,Smartwatch,Amazfit,212.41,3.6,210.0,0.0,14.0,12.0,634,High
EOS-00434,Lenovo Tablet P849,Tablet,Lenovo,288.6,4.6,550.0,123.0,9.0,24.0,696,High
EOS-00435,Apple Hybrid Watch P356,Smartwatch,Apple,233.43,3.6,140.0,339.0,2.0,12.0,514,Medium
EOS-00436,Apple Tablet K579,Tablet,Apple,595.81,4.2,220.0,195.0,15.0,24.0,428,Medium
EOS-00437,Nikon Vlogging Camera X747,Camera,Nikon,576.09,3.1,125.0,59.0,10.0,24.0,561,Medium
EOS-00438,LG 4K Monitor H786,Monitor,LG,384.36,3.6,322.0,,26.0,36.0,665,High
EOS-00439,Razer Wireless Mouse T128,Accessory,Razer,76.57,4.2,117.0,18.0,8.0,12.0,432,Medium
EOS-00440,Google Budget Phone X161,Smartphone,Google,545.79,4.5,85.0,187.0,27.0,12.0,890,High
EOS-00441,LG 4K TV G694,TV,LG,2374.98,4.9,376.0,42.0,20.0,12.0,387,Low
EOS-00442,Xiaomi Budget Phone L436,Smartphone,Xiaomi,753.68,3.5,138.0,0.0,23.0,12.0,609,High
EOS-00443,Asus Gaming Laptop R907,Laptop,Asus,530.18,4.1,103.0,268.0,0.0,12.0,537,Medium
EOS-00444,Meta Console Bundle I786,Gaming Console,Meta,266.89,4.5,438.0,67.0,19.0,12.0,745,High
EOS-00445,MSI 2-in-1 Laptop Y430,Laptop,MSI,1454.86,3.6,77.0,213.0,33.0,24.0,460,Medium
EOS-00446,Asus Creator Laptop V318,Laptop,Asus,764.13,4.3,130.0,205.0,24.0,36.0,455,Medium
EOS-00447,Huawei Tablet N489,Tablet,Huawei,,4.0,,72.0,21.0,24.0,621,High
EOS-00448,Acer 2-in-1 Laptop R434,Laptop,Acer,755.06,4.4,3497.0,209.0,17.0,12.0,390,Low
EOS-00449,Acer Gaming Laptop Y455,Laptop,Acer,2319.67,4.3,146.0,150.0,26.0,36.0,416,Medium
EOS-00450,Apple Mini Tablet W513,Tablet,Apple,390.18,3.9,100.0,264.0,11.0,24.0,571,Medium
EOS-00451,Motorola Budget Phone Z883,Smartphone,Motorola,831.6,4.2,142.0,135.0,25.0,24.0,439,Medium
EOS-00452,Sony Action Camera C669,Camera,Sony,727.84,4.2,386.0,42.0,11.0,12.0,655,High
EOS-00453,Apple 5G Phone L471,Smartphone,Apple,408.67,4.2,227.0,212.0,0.0,24.0,561,Medium
EOS-00454,Sony Mini LED TV H149,TV,Sony,2102.72,3.1,152.0,165.0,24.0,24.0,417,Medium
EOS-00455,Fujifilm Vlogging Camera R410,Camera,Fujifilm,1513.65,3.9,52.0,46.0,12.0,36.0,410,Medium
EOS-00456,Apple Smartphone Y155,Smartphone,Apple,1600.0,3.2,186.0,201.0,3.0,12.0,218,Low
EOS-00457,Acer Gaming Laptop N634,Laptop,Acer,668.76,4.4,143.0,80.0,0.0,36.0,648,High
EOS-00458,Hisense QLED TV S920,TV,Hisense,786.49,3.6,220.0,219.0,22.0,36.0,552,Medium
EOS-00459,Fujifilm Mirrorless Camera X159,Camera,Fujifilm,1223.8,4.4,375.0,194.0,11.0,36.0,496,Medium
EOS-00460,GoPro Vlogging Camera L972,Camera,GoPro,1308.82,4.5,65.0,92.0,15.0,12.0,590,Medium
EOS-00461,Acer Business Notebook L314,Laptop,Acer,879.11,3.9,11.0,91.0,24.0,36.0,494,Medium
EOS-00462,Motorola Budget Phone K666,Smartphone,Motorola,217.97,3.4,81.0,63.0,8.0,24.0,559,Medium
EOS-00463,Samsung Drawing Tablet Q430,Tablet,Samsung,851.31,3.2,91.0,101.0,15.0,12.0,351,Low
EOS-00464,Google Pro Smartphone X952,Smartphone,Google,869.35,3.9,42.0,145.0,12.0,12.0,399,Low
EOS-00465,Samsung Office Monitor R358,Monitor,Samsung,315.23,3.5,14.0,45.0,16.0,36.0,403,Medium
EOS-00466,Microsoft Kids Tablet W326,Tablet,Microsoft,738.11,4.2,64.0,118.0,21.0,12.0,440,Medium
EOS-00467,HP Business Notebook N180,Laptop,HP,664.74,4.9,46.0,165.0,31.0,12.0,608,High
EOS-00468,Samsung Ultrawide Monitor V301,Monitor,Samsung,700.94,4.6,140.0,96.0,4.0,12.0,535,Medium
EOS-00469,MSI Gaming Laptop C379,Laptop,MSI,1306.28,3.7,252.0,60.0,15.0,24.0,586,Medium
EOS-00470,OnePlus Budget Phone X126,Smartphone,OnePlus,429.86,4.2,115.0,223.0,22.0,24.0,424,Medium
EOS-00471,Microsoft Console Bundle X399,Gaming Console,Microsoft,465.29,4.5,85.0,231.0,24.0,12.0,488,Medium
EOS-00472,Lenovo Business Notebook P715,Laptop,Lenovo,1325.12,4.4,30.0,216.0,19.0,36.0,389,Low
EOS-00473,Microsoft Kids Tablet Q700,Tablet,Microsoft,937.79,2.5,277.0,0.0,20.0,12.0,403,Medium
EOS-00474,Philips QLED TV C997,TV,Philips,2747.06,4.6,20.0,70.0,0.0,36.0,279,Low
EOS-00475,Sony Console Bundle R819,Gaming Console,Sony,348.53,2.9,115.0,141.0,19.0,24.0,467,Medium
EOS-00476,Meta Console Bundle O556,Gaming Console,Meta,346.4,3.6,214.0,157.0,15.0,24.0,441,Medium
EOS-00477,Fitbit Smartwatch U546,Smartwatch,Fitbit,461.7,3.7,467.0,68.0,3.0,24.0,660,High
EOS-00478,Hisense QLED TV G897,TV,Hisense,1067.02,3.9,367.0,284.0,17.0,24.0,335,Low
EOS-00479,Sony Earbuds F963,Headphones,Sony,159.79,3.5,175.0,160.0,17.0,24.0,257,Low
EOS-00480,Microsoft Wireless Mouse W612,Accessory,Microsoft,77.75,4.0,104.0,163.0,16.0,12.0,753,High
EOS-00481,Fujifilm Mirrorless Camera T525,Camera,Fujifilm,770.0,4.6,45.0,132.0,31.0,24.0,361,Low
EOS-00482,Samsung Smartphone M441,Smartphone,Samsung,988.61,4.4,310.0,175.0,21.0,24.0,260,Low
EOS-00483,Xiaomi 5G Phone E227,Smartphone,Xiaomi,686.68,4.6,313.0,146.0,4.0,12.0,230,Low
EOS-00484,Amazfit Smartwatch B789,Smartwatch,Amazfit,749.86,3.8,164.0,,13.0,24.0,473,Medium
EOS-00485,Belkin Wireless Mouse C731,Accessory,Belkin,99.97,4.1,168.0,88.0,11.0,24.0,361,Low
EOS-00486,Hisense OLED TV H636,TV,Hisense,829.2,3.6,355.0,131.0,9.0,36.0,474,Medium
EOS-00487,Apple Pro Smartphone O523,Smartphone,Apple,418.52,4.2,103.0,179.0,28.0,12.0,443,Medium
EOS-00488,Asus Ultrabook R176,Laptop,Asus,2850.77,4.3,221.0,183.0,10.0,24.0,368,Low
EOS-00489,LG Smart TV I645,TV,LG,1335.03,3.9,23.0,197.0,45.0,36.0,374,Low
EOS-00490,JBL Gaming Headset B221,Headphones,JBL,146.35,2.9,275.0,127.0,0.0,6.0,412,Medium
EOS-00491,Asus Ultrawide Monitor I519,Monitor,Asus,817.17,4.8,220.0,200.0,,12.0,350,Low
EOS-00492,Apple Sports Watch J982,Smartwatch,Apple,525.4,4.7,322.0,57.0,20.0,12.0,354,Low
EOS-00493,Sony Retro Console W732,Gaming Console,Sony,407.94,5.0,169.0,40.0,28.0,12.0,634,High
EOS-00494,Belkin USB-C Hub X143,Accessory,Belkin,84.7,4.0,252.0,155.0,38.0,24.0,596,Medium
EOS-00495,HP Creator Laptop A838,Laptop,HP,2075.53,4.0,126.0,247.0,20.0,24.0,405,Medium
EOS-00496,Garmin Smartwatch K427,Smartwatch,Garmin,334.79,4.9,124.0,69.0,23.0,24.0,669,High
EOS-00497,OnePlus Pro Smartphone O813,Smartphone,OnePlus,683.37,4.0,164.0,109.0,12.0,12.0,530,Medium
EOS-00498,OnePlus 5G Phone D196,Smartphone,OnePlus,887.9,4.3,168.0,81.0,12.0,24.0,281,Low
EOS-00499,Apple Smartphone A145,Smartphone,Apple,781.12,3.0,38.0,0.0,29.0,12.0,400,Medium
EOS-00500,Canon Action Camera P750,Camera,Canon,1344.62,3.0,201.0,139.0,4.0,12.0,357,Low
EOS-00501,Anker Mechanical Keyboard Z524,Accessory,Anker,84.08,5.0,326.0,124.0,16.0,24.0,603,High
EOS-00502,OnePlus Smartphone W134,Smartphone,OnePlus,594.32,3.8,95.0,31.0,5.0,12.0,3984,Medium
EOS-00503,Apple Smartphone Q777,Smartphone,Apple,477.76,4.1,101.0,194.0,17.0,12.0,342,Low
EOS-00504,Asus Gaming Laptop Q940,Laptop,Asus,653.03,4.1,143.0,172.0,0.0,36.0,354,Low
EOS-00505,Bose Earbuds C863,Headphones,Bose,217.4,4.4,154.0,61.0,27.0,12.0,552,Medium
EOS-00506,Fujifilm DSLR Camera L631,Camera,Fujifilm,546.96,4.3,45.0,136.0,7.0,24.0,380,Low
EOS-00507,Microsoft Pro Tablet L802,Tablet,Microsoft,413.25,3.7,118.0,73.0,24.0,24.0,389,Low
EOS-00508,LG Curved Monitor D479,Monitor,LG,786.39,3.7,259.0,78.0,10.0,24.0,559,Medium
EOS-00509,Garmin Smartwatch E348,Smartwatch,Garmin,247.39,3.4,125.0,93.0,4.0,12.0,627,High
EOS-00510,Garmin Fitness Watch S239,Smartwatch,Garmin,187.49,3.5,59.0,185.0,18.0,24.0,421,Medium
EOS-00511,JBL Gaming Headset L545,Headphones,JBL,109.85,2.8,192.0,54.0,0.0,12.0,637,High
EOS-00512,Canon DSLR Camera E265,Camera,Canon,845.71,3.7,206.0,199.0,4.0,24.0,449,Medium
EOS-00513,Bose Earbuds J504,Headphones,Bose,181.82,4.1,122.0,221.0,6.0,24.0,458,Medium
EOS-00514,JBL Earbuds V454,Headphones,JBL,87.67,3.4,102.0,269.0,27.0,12.0,476,Medium
EOS-00515,OnePlus Pro Smartphone R341,Smartphone,OnePlus,1058.34,3.9,134.0,192.0,0.0,24.0,313,Low
EOS-00516,Asus 4K Monitor S834,Monitor,Asus,1126.07,4.2,482.0,196.0,9.0,24.0,237,Low
EOS-00517,Apple Studio Headphones N137,Headphones,Apple,118.63,3.6,53.0,253.0,40.0,24.0,409,Medium
EOS-00518,Samsung Foldable Phone R647,Smartphone,Samsung,613.03,3.7,404.0,176.0,0.0,12.0,749,High
EOS-00519,Motorola Smartphone W513,Smartphone,Motorola,1281.46,4.1,80.0,0.0,1.0,12.0,271,Low
EOS-00520,TCL Smart TV W192,TV,TCL,1385.8,4.0,426.0,117.0,25.0,36.0,466,Medium
EOS-00521,Logitech Gaming Headset H662,Headphones,Logitech,113.05,4.1,378.0,140.0,12.0,6.0,524,Medium
EOS-00522,Xiaomi Budget Phone O561,Smartphone,Xiaomi,447.77,4.7,286.0,183.0,11.0,24.0,594,Medium
EOS-00523,Samsung 4K Monitor R985,Monitor,Samsung,534.91,4.4,151.0,,25.0,12.0,519,Medium
EOS-00524,Xiaomi Smartphone P236,Smartphone,Xiaomi,552.98,3.9,131.0,57.0,8.0,,443,Medium
EOS-00525,TCL QLED TV Z186,TV,TCL,851.51,3.7,448.0,111.0,23.0,36.0,524,Medium
EOS-00526,Samsung Foldable Phone W216,Smartphone,Samsung,359.34,3.5,95.0,107.0,7.0,12.0,443,Medium
EOS-00527,Motorola Foldable Phone K772,Smartphone,Motorola,701.91,2.9,216.0,121.0,13.0,12.0,627,High
EOS-00528,Belkin USB-C Hub V930,Accessory,Belkin,,3.4,182.0,216.0,3.0,24.0,324,Low
EOS-00529,Apple Foldable Phone R137,Smartphone,Apple,354.39,3.0,50.0,198.0,8.0,24.0,393,Low
EOS-00530,Samsung Curved Monitor G333,Monitor,Samsung,255.89,5.0,27.0,218.0,0.0,24.0,620,High
EOS-00531,Xiaomi 5G Phone J343,Smartphone,Xiaomi,577.02,3.7,69.0,33.0,11.0,12.0,448,Medium
EOS-00532,OnePlus Pro Smartphone R160,Smartphone,OnePlus,936.97,4.1,368.0,112.0,0.0,12.0,326,Low
EOS-00533,Fitbit Hybrid Watch W285,Smartwatch,Fitbit,282.22,3.5,228.0,61.0,29.0,24.0,544,Medium
EOS-00534,Samsung 5G Phone M229,Smartphone,Samsung,1506.34,3.7,392.0,186.0,23.0,12.0,346,Low
EOS-00535,Samsung Kids Tablet A950,Tablet,Samsung,480.78,3.7,114.0,59.0,3.0,12.0,668,High
EOS-00536,Amazfit Fitness Watch T949,Smartwatch,Amazfit,335.98,3.0,237.0,125.0,10.0,12.0,392,Low
EOS-00537,Samsung 4K Monitor G524,Monitor,Samsung,269.23,3.7,200.0,32.0,19.0,36.0,639,High
EOS-00538,Asus 2-in-1 Laptop Y340,Laptop,Asus,1683.48,4.6,67.0,33.0,12.0,36.0,416,Medium
EOS-00539,Bose Noise Cancelling Headphones Q767,Headphones,Bose,237.68,4.0,64.0,18.0,2.0,24.0,517,Medium
EOS-00540,Dell Gaming Laptop Z906,Laptop,Dell,450.0,4.1,144.0,197.0,1.0,36.0,529,Medium
EOS-00541,Dell Ultrabook K373,Laptop,Dell,1110.56,4.8,189.0,193.0,28.0,36.0,738,High
EOS-00542,Sony OLED TV G405,TV,Sony,1268.84,4.9,406.0,98.0,32.0,12.0,572,Medium
EOS-00543,Dell Business Notebook L683,Laptop,Dell,1289.41,4.1,111.0,220.0,26.0,36.0,569,Medium
EOS-00544,Nintendo Gaming Console G183,Gaming Console,Nintendo,950.0,4.8,241.0,141.0,2.0,12.0,279,Low
EOS-00545,Lenovo Creator Laptop A805,Laptop,Lenovo,1104.26,3.6,,176.0,8.0,24.0,412,Medium
EOS-00546,Microsoft Retro Console L897,Gaming Console,Microsoft,230.15,4.0,162.0,127.0,25.0,24.0,873,High
EOS-00547,Samsung Mini Tablet I227,Tablet,Samsung,509.37,4.5,96.0,84.0,19.0,12.0,493,Medium
EOS-00548,Canon Instant Camera V893,Camera,Canon,586.8,3.5,199.0,204.0,24.0,24.0,587,Medium
EOS-00549,Sony Gaming Headset H900,Headphones,Sony,280.53,2.7,119.0,210.0,33.0,24.0,385,Low
EOS-00550,Xiaomi 5G Phone N464,Smartphone,Xiaomi,294.26,4.4,236.0,99.0,14.0,24.0,368,Low
EOS-00551,Sony Action Camera L165,Camera,Sony,875.42,3.9,88.0,173.0,12.0,12.0,468,Medium
EOS-00552,Nintendo Handheld Console O220,Gaming Console,Nintendo,664.51,4.3,317.0,104.0,0.0,24.0,621,High
EOS-00553,Apple Creator Laptop A639,Laptop,Apple,1583.5,3.0,33.0,0.0,9.0,12.0,397,Low
EOS-00554,Apple Earbuds C824,Headphones,Apple,118.34,4.0,195.0,185.0,29.0,24.0,488,Medium
EOS-00555,Samsung Curved Monitor M149,Monitor,Samsung,788.7,3.8,231.0,180.0,0.0,24.0,456,Medium
EOS-00556,Lenovo Mini Tablet S316,Tablet,Lenovo,460.51,4.0,419.0,135.0,14.0,12.0,465,Medium
EOS-00557,Huawei Pro Tablet I385,Tablet,Huawei,564.77,,137.0,112.0,8.0,24.0,437,Medium
EOS-00558,Apple Wireless Headphones J193,Headphones,Apple,145.93,3.8,172.0,179.0,21.0,6.0,383,Low
EOS-00559,Garmin Sports Watch E680,Smartwatch,Garmin,328.91,3.5,103.0,53.0,20.0,24.0,420,Medium
EOS-00560,Canon Instant Camera T901,Camera,Canon,2800.0,2.5,138.0,111.0,9.0,12.0,191,Low
EOS-00561,TCL OLED TV Z849,TV,TCL,595.91,5.0,89.0,300.0,10.0,12.0,759,High
EOS-00562,Sony OLED TV K178,TV,Sony,1107.87,3.1,257.0,234.0,36.0,12.0,428,Medium
EOS-00563,Samsung GPS Watch J477,Smartwatch,Samsung,276.54,3.7,116.0,75.0,35.0,,521,Medium
EOS-00564,MSI Gaming Laptop I732,Laptop,MSI,1744.95,4.8,320.0,142.0,5.0,36.0,379,Low
EOS-00565,Sony Instant Camera Q568,Camera,Sony,1945.28,4.6,94.0,162.0,0.0,36.0,491,Medium
EOS-00566,Huawei Pro Tablet N312,Tablet,Huawei,407.82,3.2,224.0,254.0,27.0,24.0,333,Low
EOS-00567,Sony 4K TV T300,TV,Sony,1583.16,4.2,118.0,128.0,10.0,24.0,393,Low
EOS-00568,OnePlus Foldable Phone X892,Smartphone,,483.73,3.3,430.0,191.0,10.0,24.0,555,Medium
EOS-00569,MSI Creator Laptop H852,Laptop,MSI,2696.37,3.2,213.0,132.0,11.0,36.0,347,Low
EOS-00570,Fujifilm Mirrorless Camera Z400,Camera,Fujifilm,1653.5,4.0,55.0,104.0,1.0,24.0,257,Low
EOS-00571,Garmin GPS Watch K364,Smartwatch,Garmin,369.68,3.6,156.0,105.0,19.0,12.0,521,Medium
EOS-00572,Acer Business Notebook V272,Laptop,Acer,1645.54,3.8,303.0,184.0,10.0,36.0,428,Medium
EOS-00573,Dell Creator Laptop A899,Laptop,Dell,954.13,4.0,164.0,120.0,2.0,36.0,601,High
EOS-00574,Sony 4K TV T583,TV,Sony,1044.42,3.2,124.0,194.0,1.0,12.0,469,Medium
EOS-00575,Belkin Mechanical Keyboard A825,Accessory,Belkin,192.57,3.6,246.0,107.0,22.0,12.0,98,Low
EOS-00576,Sennheiser Wireless Headphones C578,Headphones,Sennheiser,138.21,5.0,147.0,100.0,15.0,6.0,906,High
EOS-00577,Nikon DSLR Camera C394,Camera,Nikon,1972.08,4.0,119.0,89.0,16.0,36.0,458,Medium
EOS-00578,Garmin GPS Watch H375,Smartwatch,Garmin,182.55,4.4,72.0,130.0,16.0,24.0,588,Medium
EOS-00579,Motorola Pro Smartphone A803,Smartphone,Motorola,560.64,3.4,145.0,,10.0,12.0,520,Medium
EOS-00580,Samsung Pro Tablet N757,Tablet,Samsung,275.39,3.4,352.0,162.0,4.0,24.0,440,Medium
EOS-00581,LG OLED TV H356,TV,LG,957.28,4.4,526.0,71.0,12.0,36.0,417,Medium
EOS-00582,Google Smartphone A495,Smartphone,Google,949.92,4.0,65.0,113.0,5.0,24.0,344,Low
EOS-00583,Belkin Wireless Mouse P678,Accessory,Belkin,71.17,3.6,97.0,123.0,5.0,6.0,448,Medium
EOS-00584,Belkin USB-C Hub W985,Accessory,Belkin,121.97,4.8,249.0,259.0,26.0,12.0,501,Medium
EOS-00585,Lenovo Pro Tablet R606,Tablet,Lenovo,434.33,2.7,5124.0,161.0,32.0,24.0,468,Medium
EOS-00586,Samsung Mini Tablet T876,Tablet,Samsung,898.82,3.4,119.0,0.0,21.0,24.0,379,Low
EOS-00587,Samsung Smartphone E517,Smartphone,Samsung,342.36,3.4,197.0,181.0,7.0,24.0,495,Medium
EOS-00588,Samsung GPS Watch O855,Smartwatch,Samsung,512.69,3.8,61.0,162.0,0.0,24.0,318,Low
EOS-00589,Sony QLED TV J159,TV,Sony,614.02,3.8,130.0,87.0,10.0,24.0,473,Medium
EOS-00590,Microsoft VR Bundle Y649,Gaming Console,Microsoft,393.03,4.1,325.0,183.0,15.0,24.0,628,High
EOS-00591,MSI Gaming Laptop E933,Laptop,MSI,2591.54,4.0,109.0,45.0,21.0,12.0,354,Low
EOS-00592,Apple Pro Smartphone F962,Smartphone,Apple,1471.41,3.8,165.0,180.0,18.0,12.0,479,Medium
EOS-00593,Google Budget Phone F516,Smartphone,Google,263.27,5.0,94.0,131.0,27.0,24.0,629,High
EOS-00594,Dell Curved Monitor M701,Monitor,Dell,200.15,4.0,198.0,197.0,10.0,24.0,392,Low
EOS-00595,Lenovo Gaming Laptop L971,Laptop,Lenovo,1415.61,4.7,294.0,191.0,25.0,12.0,445,Medium
EOS-00596,Sony Vlogging Camera X580,Camera,Sony,460.71,4.5,97.0,216.0,0.0,36.0,551,Medium
EOS-00597,Samsung OLED TV S267,TV,Samsung,1988.4,3.9,134.0,154.0,21.0,12.0,431,Medium
EOS-00598,Samsung 5G Phone V202,Smartphone,Samsung,563.47,4.1,55.0,31.0,22.0,24.0,409,Medium
EOS-00599,JBL Noise Cancelling Headphones N388,Headphones,JBL,110.39,3.6,97.0,140.0,12.0,6.0,654,High
EOS-00600,Motorola 5G Phone W249,Smartphone,Motorola,717.1,3.2,261.0,193.0,12.0,24.0,603,High
EOS-00601,Sony Wireless Headphones H127,Headphones,Sony,208.47,4.7,164.0,189.0,17.0,24.0,403,Medium
EOS-00602,Dell Gaming Monitor O173,Monitor,Dell,616.98,4.0,250.0,141.0,0.0,24.0,444,Medium
EOS-00603,OnePlus 5G Phone Y741,Smartphone,OnePlus,1107.07,4.2,137.0,135.0,12.0,24.0,392,Low
EOS-00604,Samsung Curved Monitor E368,Monitor,Samsung,729.56,3.5,95.0,54.0,27.0,36.0,477,Medium
EOS-00605,Samsung Foldable Phone C475,Smartphone,Samsung,863.15,4.5,245.0,135.0,8.0,12.0,627,High
EOS-00606,Asus Creator Laptop A642,Laptop,Asus,732.29,4.1,108.0,26.0,0.0,36.0,438,Medium
EOS-00607,Valve Console Bundle N828,Gaming Console,Valve,365.72,4.3,130.0,137.0,0.0,24.0,497,Medium
EOS-00608,Hisense OLED TV C214,TV,Hisense,921.41,4.2,317.0,132.0,37.0,,553,Medium
EOS-00609,Sony Wireless Headphones T890,Headphones,Sony,195.33,3.3,201.0,94.0,3.0,12.0,349,Low
EOS-00610,Apple Earbuds C780,Headphones,Apple,114.55,4.8,61.0,212.0,28.0,6.0,638,High
EOS-00611,Lenovo Tablet M864,Tablet,Lenovo,624.52,5.0,207.0,177.0,0.0,24.0,380,Low
EOS-00612,GoPro Mirrorless Camera M405,Camera,GoPro,1651.78,3.5,105.0,132.0,0.0,12.0,430,Medium
EOS-00613,Microsoft Console Bundle J251,Gaming Console,Microsoft,256.84,3.9,195.0,148.0,12.0,24.0,550,Medium
EOS-00614,Apple Kids Tablet U749,Tablet,Apple,448.74,4.0,106.0,2.0,6.0,24.0,532,Medium
EOS-00615,Sony QLED TV A127,TV,Sony,1241.16,3.3,131.0,110.0,0.0,36.0,603,High
EOS-00616,Fujifilm DSLR Camera O586,Camera,Fujifilm,802.04,3.4,313.0,304.0,10.0,24.0,579,Medium
EOS-00617,Apple Wireless Headphones E724,Headphones,Apple,99.47,3.3,234.0,133.0,21.0,6.0,565,Medium
EOS-00618,Huawei Drawing Tablet Y912,Tablet,Huawei,451.52,2.8,155.0,57.0,16.0,24.0,392,Low
EOS-00619,Samsung Fitness Watch B591,Smartwatch,Samsung,549.24,4.0,158.0,162.0,31.0,24.0,545,Medium
EOS-00620,LG Ultrawide Monitor X463,Monitor,LG,,3.4,23.0,112.0,14.0,12.0,423,Medium
EOS-00621,Canon Mirrorless Camera Y613,Camera,Canon,1077.5,3.2,139.0,122.0,6.0,12.0,336,Low
EOS-00622,Nintendo Console Bundle O296,Gaming Console,Nintendo,379.69,4.1,390.0,66.0,48.0,24.0,412,Medium
EOS-00623,Asus 4K Monitor H456,Monitor,Asus,351.65,3.7,46.0,77.0,11.0,36.0,481,Medium
EOS-00624,Samsung 4K Monitor T592,Monitor,Samsung,276.45,4.3,116.0,203.0,6.0,36.0,707,High
EOS-00625,Sony Mini LED TV C943,TV,Sony,1314.25,3.6,317.0,100.0,21.0,36.0,573,Medium
EOS-00626,Garmin Hybrid Watch D761,Smartwatch,Garmin,316.1,2.7,58.0,21.0,11.0,24.0,455,Medium
EOS-00627,Xiaomi Budget Phone B281,Smartphone,Xiaomi,553.55,4.6,77.0,18.0,20.0,12.0,599,Medium
EOS-00628,Sony Console Bundle D479,Gaming Console,Sony,283.38,3.7,327.0,58.0,17.0,,581,Medium
EOS-00629,Fitbit Sports Watch Z443,Smartwatch,Fitbit,264.03,4.2,206.0,115.0,13.0,24.0,399,Low
EOS-00630,TCL OLED TV L958,TV,TCL,1106.71,4.1,99.0,195.0,0.0,24.0,489,Medium
EOS-00631,Apple Foldable Phone P792,Smartphone,Apple,423.61,3.6,282.0,151.0,16.0,24.0,580,Medium
EOS-00632,OnePlus 5G Phone M300,Smartphone,OnePlus,181.01,4.2,201.0,93.0,32.0,12.0,706,High
EOS-00633,Nintendo Gaming Console L428,Gaming Console,Nintendo,191.94,4.9,200.0,348.0,18.0,12.0,509,Medium
EOS-00634,Panasonic Action Camera L803,Camera,Panasonic,525.3,4.9,184.0,183.0,20.0,12.0,650,High
EOS-00635,Meta Retro Console X629,Gaming Console,Meta,341.1,4.8,102.0,158.0,7.0,24.0,469,Medium
EOS-00636,Sony Wireless Headphones X363,Headphones,Sony,279.88,4.3,7.0,90.0,20.0,6.0,362,Low
EOS-00637,Samsung Mini LED TV J484,TV,Samsung,2037.32,4.5,234.0,208.0,9.0,36.0,311,Low
EOS-00638,OnePlus Pro Smartphone S984,Smartphone,OnePlus,625.81,3.8,144.0,129.0,2.0,24.0,543,Medium
EOS-00639,Samsung Mini LED TV N676,TV,Samsung,979.38,4.4,,259.0,14.0,24.0,598,Medium
EOS-00640,Huawei Drawing Tablet M643,Tablet,Huawei,859.93,4.5,123.0,182.0,11.0,12.0,385,Low
EOS-00641,Fitbit Fitness Watch I646,Smartwatch,Fitbit,289.28,3.8,292.0,103.0,9.0,12.0,633,High
EOS-00642,Nintendo Console Bundle D329,Gaming Console,Nintendo,321.19,4.5,45.0,161.0,29.0,24.0,626,High
EOS-00643,LG Smart TV I139,TV,LG,1238.97,4.0,229.0,52.0,10.0,24.0,442,Medium
EOS-00644,Huawei Smartwatch V883,Smartwatch,Huawei,246.78,4.6,135.0,194.0,40.0,24.0,776,High
EOS-00645,MSI Ultrabook M860,Laptop,MSI,,3.3,128.0,101.0,6.0,12.0,294,Low
EOS-00646,Amazfit Fitness Watch D689,Smartwatch,Amazfit,351.57,4.3,179.0,147.0,9.0,12.0,610,High
EOS-00647,Samsung Tablet F264,Tablet,Samsung,379.06,4.4,100.0,0.0,11.0,12.0,633,High
EOS-00648,Microsoft Mechanical Keyboard H243,Accessory,Microsoft,,4.6,376.0,79.0,1.0,12.0,598,Medium
EOS-00649,Logitech Mechanical Keyboard D706,Accessory,Logitech,110.97,2.9,116.0,114.0,32.0,24.0,344,Low
EOS-00650,Valve Gaming Console O815,Gaming Console,Valve,742.04,3.5,300.0,128.0,21.0,12.0,280,Low
EOS-00651,Canon Action Camera H110,Camera,Canon,1444.27,4.3,47.0,81.0,17.0,24.0,462,Medium
EOS-00652,Xiaomi 5G Phone X387,Smartphone,Xiaomi,464.99,2.9,164.0,89.0,20.0,12.0,518,Medium
EOS-00653,Apple Smartphone G287,Smartphone,Apple,1031.64,3.7,124.0,123.0,1.0,12.0,299,Low
EOS-00654,Huawei Sports Watch A458,Smartwatch,Huawei,289.87,3.9,57.0,114.0,22.0,12.0,427,Medium
EOS-00655,Meta Handheld Console F207,Gaming Console,Meta,638.13,3.3,94.0,173.0,4.0,12.0,326,Low
EOS-00656,Xiaomi 5G Phone M296,Smartphone,Xiaomi,321.14,4.5,49.0,138.0,19.0,24.0,411,Medium
EOS-00657,Dell Office Monitor P618,Monitor,Dell,709.68,3.4,206.0,131.0,26.0,36.0,464,Medium
EOS-00658,OnePlus Pro Smartphone G721,Smartphone,OnePlus,,3.8,508.0,149.0,21.0,24.0,288,Low
EOS-00659,Huawei GPS Watch I894,Smartwatch,Huawei,,2.7,129.0,194.0,26.0,12.0,354,Low
EOS-00660,Corsair USB-C Hub F109,Accessory,Corsair,224.81,3.1,110.0,142.0,15.0,24.0,297,Low
EOS-00661,Garmin GPS Watch H500,Smartwatch,Garmin,181.22,4.0,131.0,191.0,14.0,24.0,510,Medium
EOS-00662,HP Creator Laptop Z670,Laptop,HP,1011.08,4.3,76.0,89.0,25.0,12.0,518,Medium
EOS-00663,Google Smartphone P764,Smartphone,Google,318.47,4.3,148.0,102.0,7.0,,388,Low
EOS-00664,Motorola Budget Phone Z132,Smartphone,Motorola,468.23,4.5,301.0,77.0,23.0,12.0,386,Low
EOS-00665,Sony Mini LED TV A764,TV,Sony,1162.04,3.1,58.0,82.0,16.0,36.0,591,Medium
EOS-00666,Huawei Hybrid Watch I799,Smartwatch,Huawei,268.82,3.1,150.0,0.0,35.0,24.0,440,Medium
EOS-00667,Panasonic DSLR Camera L383,Camera,Panasonic,770.89,4.2,224.0,123.0,21.0,24.0,539,Medium
EOS-00668,Apple Foldable Phone G297,Smartphone,Apple,492.57,4.7,41.0,128.0,18.0,24.0,404,Medium
EOS-00669,Fitbit Fitness Watch X375,Smartwatch,Fitbit,117.44,3.2,504.0,229.0,3.0,12.0,482,Medium
EOS-00670,JBL Studio Headphones R969,Headphones,JBL,140.37,4.4,396.0,251.0,7.0,12.0,461,Medium
EOS-00671,Nikon Vlogging Camera O546,Camera,Nikon,1155.22,4.1,141.0,123.0,10.0,24.0,611,High
EOS-00672,Sony Retro Console R236,Gaming Console,Sony,943.49,,200.0,153.0,29.0,12.0,292,Low
EOS-00673,Google Budget Phone P848,Smartphone,Google,545.6,3.1,198.0,140.0,0.0,12.0,571,Medium
EOS-00674,Samsung Smartphone B471,Smartphone,Samsung,1164.79,3.2,246.0,64.0,22.0,12.0,455,Medium
EOS-00675,Samsung QLED TV E389,TV,Samsung,1594.81,4.1,,120.0,0.0,36.0,523,Medium
EOS-00676,Hisense 4K TV J133,TV,Hisense,988.26,4.2,3.0,207.0,27.0,12.0,549,Medium
EOS-00677,Sony Studio Headphones D476,Headphones,Sony,119.12,4.7,385.0,101.0,3.0,12.0,614,High
EOS-00678,TCL OLED TV Z694,TV,TCL,1662.75,4.8,407.0,33.0,17.0,36.0,457,Medium
EOS-00679,Apple Studio Headphones T449,Headphones,Apple,113.85,3.5,327.0,116.0,14.0,6.0,590,Medium
EOS-00680,Huawei Drawing Tablet G197,Tablet,Huawei,753.62,4.4,238.0,39.0,7.0,24.0,411,Medium
EOS-00681,Samsung OLED TV K369,TV,Samsung,725.73,4.7,144.0,,27.0,24.0,520,Medium
EOS-00682,HP Creator Laptop I799,Laptop,HP,1687.66,3.7,216.0,35.0,24.0,12.0,481,Medium
EOS-00683,AOC Office Monitor F355,Monitor,AOC,930.79,4.7,264.0,72.0,12.0,12.0,434,Medium
EOS-00684,Samsung Gaming Monitor C768,Monitor,Samsung,650.22,4.8,220.0,163.0,26.0,36.0,522,Medium
EOS-00685,Dell Ultrabook B822,Laptop,Dell,1451.55,3.9,82.0,154.0,2.0,36.0,322,Low
EOS-00686,Samsung 4K Monitor M345,Monitor,,315.01,4.4,538.0,127.0,1.0,12.0,463,Medium
EOS-00687,Bose Wireless Headphones Q634,Headphones,Bose,196.97,3.3,86.0,116.0,37.0,12.0,375,Low
EOS-00688,Sony Gaming Headset Z698,Headphones,Sony,349.26,3.4,233.0,172.0,35.0,24.0,416,Medium
EOS-00689,Philips Mini LED TV Z877,TV,Philips,785.19,4.0,193.0,164.0,5.0,36.0,401,Medium
EOS-00690,Philips OLED TV R307,TV,Philips,1250.3,3.9,223.0,39.0,19.0,36.0,486,Medium
EOS-00691,Asus Ultrawide Monitor R506,Monitor,Asus,352.9,5.0,271.0,170.0,0.0,24.0,606,High
EOS-00692,Panasonic Instant Camera T928,Camera,Panasonic,913.55,3.8,107.0,158.0,17.0,12.0,444,Medium
EOS-00693,Dell 2-in-1 Laptop L588,Laptop,Dell,1345.91,3.4,342.0,83.0,12.0,12.0,541,Medium
EOS-00694,Apple GPS Watch X375,Smartwatch,Apple,343.69,4.2,35.0,126.0,16.0,24.0,588,Medium
EOS-00695,Valve Retro Console K616,Gaming Console,,467.68,4.3,697.0,209.0,11.0,24.0,550,Medium
EOS-00696,Garmin Hybrid Watch U906,Smartwatch,Garmin,266.23,3.9,243.0,59.0,24.0,24.0,539,Medium
EOS-00697,Apple GPS Watch E359,Smartwatch,Apple,413.86,3.5,141.0,94.0,9.0,24.0,421,Medium
EOS-00698,Apple Foldable Phone Y998,Smartphone,Apple,314.09,4.3,100.0,39.0,16.0,24.0,450,Medium
EOS-00699,Asus Ultrabook Q482,Laptop,Asus,3013.34,4.3,239.0,0.0,23.0,36.0,392,Low
EOS-00700,Motorola Foldable Phone Y574,Smartphone,Motorola,347.58,5.0,336.0,211.0,13.0,12.0,834,High
EOS-00701,Philips Smart TV O885,TV,Philips,550.81,4.5,33.0,70.0,0.0,36.0,561,Medium
EOS-00702,Microsoft Pro Tablet W277,Tablet,Microsoft,1022.57,2.8,444.0,136.0,5.0,24.0,350,Low
EOS-00703,Fujifilm DSLR Camera Y198,Camera,Fujifilm,776.01,4.2,65.0,96.0,16.0,24.0,568,Medium
EOS-00704,Samsung GPS Watch A420,Smartwatch,Samsung,748.5,2.9,139.0,75.0,12.0,24.0,395,Low
EOS-00705,Lenovo Business Notebook U679,Laptop,Lenovo,871.86,3.9,55.0,102.0,6.0,12.0,466,Medium
EOS-00706,Samsung Budget Phone T444,Smartphone,,633.87,4.3,169.0,137.0,0.0,,536,Medium
EOS-00707,Motorola 5G Phone S844,Smartphone,Motorola,796.85,3.8,276.0,201.0,20.0,12.0,462,Medium
EOS-00708,Samsung Sports Watch N562,Smartwatch,Samsung,321.64,4.1,428.0,135.0,17.0,24.0,531,Medium
EOS-00709,HP Ultrabook I471,Laptop,HP,1888.45,4.0,65.0,232.0,18.0,12.0,588,Medium
EOS-00710,Samsung Pro Tablet F541,Tablet,Samsung,764.59,3.7,62.0,110.0,18.0,24.0,299,Low
EOS-00711,JBL Earbuds R305,Headphones,JBL,86.51,3.9,241.0,74.0,0.0,6.0,588,Medium
EOS-00712,Meta Retro Console S180,Gaming Console,Meta,413.09,3.1,172.0,39.0,,24.0,474,Medium
EOS-00713,Fitbit GPS Watch I300,Smartwatch,Fitbit,298.76,3.8,87.0,149.0,39.0,12.0,524,Medium
EOS-00714,Google Budget Phone I181,Smartphone,,1159.02,4.4,153.0,77.0,0.0,24.0,373,Low
EOS-00715,Acer Creator Laptop A496,Laptop,Acer,717.73,3.8,116.0,194.0,0.0,36.0,514,Medium
EOS-00716,Corsair Mechanical Keyboard J777,Accessory,Corsair,86.38,3.8,391.0,126.0,44.0,24.0,648,High
EOS-00717,Meta VR Bundle Q812,Gaming Console,Meta,394.06,3.7,187.0,214.0,18.0,24.0,417,Medium
EOS-00718,Sony 4K TV K112,TV,Sony,1005.54,5.0,160.0,144.0,17.0,24.0,768,High
EOS-00719,Samsung Budget Phone R543,Smartphone,Samsung,559.73,3.7,289.0,98.0,17.0,,453,Medium
EOS-00720,Samsung OLED TV E222,TV,Samsung,,4.3,20.0,0.0,20.0,36.0,654,High
EOS-00721,Canon Vlogging Camera R626,Camera,Canon,630.12,3.3,137.0,171.0,6.0,24.0,281,Low
EOS-00722,Apple 5G Phone K933,Smartphone,Apple,556.74,3.9,151.0,140.0,11.0,12.0,497,Medium
EOS-00723,Samsung Curved Monitor Z179,Monitor,Samsung,1193.91,3.3,114.0,283.0,8.0,36.0,300,Low
EOS-00724,Fujifilm Action Camera T614,Camera,Fujifilm,1008.95,4.0,294.0,116.0,24.0,12.0,515,Medium
EOS-00725,JBL Gaming Headset C116,Headphones,JBL,171.77,4.8,81.0,84.0,17.0,6.0,580,Medium
EOS-00726,Microsoft Retro Console P110,Gaming Console,Microsoft,289.64,3.0,210.0,120.0,21.0,24.0,477,Medium
EOS-00727,Apple Budget Phone F547,Smartphone,Apple,346.41,4.1,56.0,174.0,23.0,,577,Medium
EOS-00728,Apple Sports Watch W349,Smartwatch,Apple,301.89,3.9,213.0,132.0,24.0,12.0,528,Medium
EOS-00729,Canon DSLR Camera A278,Camera,Canon,272.68,3.8,44.0,140.0,23.0,36.0,739,High
EOS-00730,Asus Business Notebook G919,Laptop,Asus,1028.79,4.3,67.0,118.0,9.0,24.0,654,High
EOS-00731,Valve Retro Console L276,Gaming Console,Valve,201.66,3.3,150.0,87.0,9.0,12.0,515,Medium
EOS-00732,Sony Smart TV K884,TV,Sony,,4.1,82.0,89.0,32.0,36.0,338,Low
EOS-00733,Samsung Budget Phone D337,Smartphone,Samsung,912.34,4.4,343.0,152.0,0.0,24.0,468,Medium
EOS-00734,Nintendo Handheld Console S749,Gaming Console,Nintendo,537.57,4.8,96.0,160.0,15.0,12.0,342,Low
EOS-00735,Hisense OLED TV Q474,TV,Hisense,1233.26,2.8,25.0,267.0,6.0,24.0,356,Low
EOS-00736,Corsair Power Bank N362,Accessory,Corsair,164.05,4.0,303.0,228.0,18.0,6.0,399,Low
EOS-00737,Amazfit Smartwatch O921,Smartwatch,Amazfit,287.49,3.2,30.0,173.0,1.0,12.0,410,Medium
EOS-00738,Google Smartphone J544,Smartphone,Google,512.92,4.2,409.0,34.0,10.0,24.0,741,High
EOS-00739,Apple Creator Laptop S237,Laptop,Apple,2098.48,4.6,205.0,183.0,24.0,36.0,527,Medium
EOS-00740,Canon Instant Camera K126,Camera,Canon,1151.55,4.3,99.0,159.0,21.0,36.0,453,Medium
EOS-00741,Acer Ultrabook C365,Laptop,Acer,1703.44,4.2,121.0,183.0,1.0,36.0,341,Low
EOS-00742,HP Business Notebook D447,Laptop,HP,720.79,4.8,55.0,139.0,10.0,36.0,397,Low
EOS-00743,Belkin Power Bank U262,Accessory,Belkin,155.25,4.6,133.0,157.0,32.0,24.0,404,Medium
EOS-00744,Xiaomi Smartphone P609,Smartphone,Xiaomi,353.98,4.5,106.0,236.0,20.0,24.0,651,High
EOS-00745,Nintendo Retro Console R637,Gaming Console,Nintendo,297.96,3.7,369.0,0.0,21.0,12.0,496,Medium
EOS-00746,Huawei Fitness Watch L439,Smartwatch,Huawei,251.56,4.0,63.0,164.0,36.0,12.0,632,High
EOS-00747,Samsung GPS Watch M763,Smartwatch,Samsung,180.48,4.4,222.0,192.0,30.0,12.0,706,High
EOS-00748,Sony Studio Headphones L229,Headphones,Sony,328.96,4.1,287.0,95.0,0.0,24.0,217,Low
EOS-00749,Corsair USB-C Hub G198,Accessory,Corsair,112.02,4.3,127.0,169.0,22.0,12.0,409,Medium
EOS-00750,Fujifilm DSLR Camera I151,Camera,Fujifilm,861.23,3.6,269.0,60.0,11.0,36.0,408,Medium
EOS-00751,Dell Gaming Laptop I141,Laptop,Dell,450.0,4.0,308.0,69.0,36.0,12.0,555,Medium
EOS-00752,Dell Gaming Monitor R337,Monitor,Dell,288.63,4.5,212.0,0.0,27.0,12.0,481,Medium
EOS-00753,BenQ Ultrawide Monitor Z214,Monitor,BenQ,1238.15,4.6,115.0,155.0,1.0,24.0,269,Low
EOS-00754,Hisense OLED TV P351,TV,Hisense,1283.76,4.1,19.0,162.0,17.0,24.0,500,Medium
EOS-00755,Huawei Pro Tablet M312,Tablet,Huawei,302.25,3.4,245.0,98.0,32.0,24.0,439,Medium
EOS-00756,Corsair Mechanical Keyboard J893,Accessory,Corsair,90.79,3.4,160.0,213.0,47.0,24.0,273,Low
EOS-00757,Apple Mini Tablet R789,Tablet,Apple,400.58,4.4,377.0,101.0,15.0,12.0,543,Medium
EOS-00758,HP Business Notebook H269,Laptop,HP,2042.41,3.4,214.0,157.0,23.0,12.0,583,Medium
EOS-00759,Apple Studio Headphones J282,Headphones,Apple,350.1,3.2,354.0,90.0,21.0,24.0,262,Low
EOS-00760,Sennheiser Studio Headphones L372,Headphones,Sennheiser,450.0,4.2,82.0,107.0,3.0,12.0,299,Low
EOS-00761,Apple Creator Laptop T305,Laptop,Apple,1622.13,4.5,337.0,203.0,7.0,12.0,687,High
EOS-00762,Sony Wireless Headphones E175,Headphones,Sony,48.02,4.3,297.0,99.0,2.0,12.0,469,Medium
EOS-00763,OnePlus Foldable Phone K803,Smartphone,OnePlus,1379.0,3.8,190.0,88.0,0.0,12.0,250,Low
EOS-00764,Asus 4K Monitor Y826,Monitor,Asus,286.51,3.9,300.0,126.0,32.0,12.0,535,Medium
EOS-00765,Sony Console Bundle C886,Gaming Console,Sony,203.6,4.1,136.0,188.0,20.0,24.0,546,Medium
EOS-00766,Sony Mirrorless Camera B860,Camera,Sony,952.78,3.5,197.0,84.0,20.0,24.0,464,Medium
EOS-00767,Samsung Office Monitor F712,Monitor,Samsung,552.52,3.6,104.0,58.0,12.0,36.0,374,Low
EOS-00768,LG OLED TV I131,TV,LG,558.03,4.2,301.0,100.0,3.0,24.0,575,Medium
EOS-00769,Sony 4K TV V119,TV,Sony,1545.01,4.1,161.0,86.0,30.0,24.0,693,High
EOS-00770,Apple Tablet E978,Tablet,Apple,318.95,3.8,310.0,55.0,13.0,24.0,687,High
EOS-00771,Sony Vlogging Camera V671,Camera,Sony,834.31,4.6,31.0,203.0,33.0,36.0,517,Medium
EOS-00772,Fitbit Sports Watch M649,Smartwatch,Fitbit,246.59,2.9,47.0,0.0,11.0,12.0,733,High
EOS-00773,AOC Office Monitor O955,Monitor,AOC,594.91,3.5,118.0,97.0,11.0,24.0,241,Low
EOS-00774,Apple Budget Phone L582,Smartphone,Apple,875.11,4.7,42.0,30.0,30.0,24.0,415,Medium
EOS-00775,Fitbit Fitness Watch E438,Smartwatch,Fitbit,283.52,3.6,52.0,49.0,9.0,24.0,606,High
EOS-00776,Anker Wireless Mouse G410,Accessory,Anker,125.1,4.4,132.0,77.0,22.0,12.0,527,Medium
EOS-00777,Apple Smartphone E810,Smartphone,Apple,1063.74,5.0,326.0,174.0,23.0,24.0,399,Low
EOS-00778,Samsung Drawing Tablet Z976,Tablet,Samsung,612.47,4.0,363.0,294.0,0.0,24.0,368,Low
EOS-00779,Canon Mirrorless Camera N649,Camera,Canon,673.08,4.2,117.0,117.0,3.0,12.0,390,Low
EOS-00780,Razer Wireless Mouse F178,Accessory,Razer,163.62,4.1,144.0,183.0,14.0,12.0,306,Low
EOS-00781,Nikon Vlogging Camera L858,Camera,Nikon,981.89,4.6,69.0,122.0,3.0,12.0,429,Medium
EOS-00782,Apple Business Notebook N370,Laptop,Apple,1010.5,3.3,157.0,58.0,12.0,24.0,450,Medium
EOS-00783,Microsoft Mechanical Keyboard J134,Accessory,Microsoft,124.07,3.0,41.0,281.0,35.0,,301,Low
EOS-00784,Philips Smart TV S355,TV,Philips,1340.18,3.7,265.0,135.0,4.0,12.0,395,Low
EOS-00785,Garmin Hybrid Watch R109,Smartwatch,Garmin,254.89,3.9,80.0,110.0,7.0,12.0,473,Medium
EOS-00786,Dell Ultrabook R299,Laptop,Dell,1053.46,3.3,195.0,105.0,,12.0,283,Low
EOS-00787,OnePlus Budget Phone V365,Smartphone,OnePlus,436.57,4.7,245.0,111.0,17.0,24.0,531,Medium
EOS-00788,Bose Studio Headphones M612,Headphones,Bose,92.36,4.5,216.0,137.0,25.0,24.0,528,Medium
EOS-00789,Apple GPS Watch N226,Smartwatch,Apple,900.0,3.2,280.0,139.0,45.0,12.0,291,Low
EOS-00790,Samsung Smart TV E982,TV,Samsung,1677.74,3.3,26.0,20.0,33.0,24.0,375,Low
EOS-00791,Corsair Webcam G890,Accessory,Corsair,55.22,3.9,127.0,204.0,23.0,6.0,446,Medium
EOS-00792,MSI Business Notebook W170,Laptop,MSI,3017.01,3.6,148.0,,4.0,36.0,223,Low
EOS-00793,Acer Creator Laptop Y824,Laptop,Acer,1019.47,4.5,174.0,29.0,1.0,36.0,663,High
EOS-00794,Apple Smartphone Z342,Smartphone,Apple,398.27,4.3,120.0,217.0,30.0,12.0,591,Medium
EOS-00795,Microsoft Wireless Mouse H706,Accessory,,97.53,4.1,431.0,258.0,12.0,12.0,325,Low
EOS-00796,Garmin Smartwatch J388,Smartwatch,Garmin,524.78,3.6,121.0,102.0,45.0,24.0,393,Low
EOS-00797,TCL 4K TV Y673,TV,TCL,1586.72,3.5,67.0,48.0,23.0,12.0,321,Low
EOS-00798,Dell Ultrawide Monitor A764,Monitor,Dell,1219.1,4.6,60.0,77.0,0.0,12.0,405,Medium
EOS-00799,Apple Drawing Tablet J512,Tablet,Apple,778.79,4.2,61.0,109.0,9.0,24.0,460,Medium
EOS-00800,Amazfit Smartwatch Q824,Smartwatch,Amazfit,266.74,4.3,230.0,196.0,14.0,24.0,418,Medium
EOS-00801,GoPro DSLR Camera L975,Camera,GoPro,396.44,3.9,403.0,175.0,43.0,12.0,500,Medium
EOS-00802,Sony Vlogging Camera S836,Camera,Sony,1531.97,4.6,31.0,97.0,22.0,12.0,582,Medium
EOS-00803,Nintendo Handheld Console E656,Gaming Console,Nintendo,353.52,3.8,6.0,117.0,30.0,12.0,366,Low
EOS-00804,Lenovo 2-in-1 Laptop A259,Laptop,Lenovo,1088.51,4.5,21.0,96.0,26.0,24.0,701,High
EOS-00805,LG Mini LED TV F403,TV,LG,768.55,4.4,37.0,137.0,27.0,,591,Medium
EOS-00806,Apple 5G Phone A861,Smartphone,Apple,585.56,3.8,140.0,98.0,9.0,12.0,525,Medium
EOS-00807,Apple Studio Headphones L166,Headphones,Apple,166.23,4.5,244.0,198.0,33.0,,510,Medium
EOS-00808,Razer Mechanical Keyboard P775,Accessory,Razer,208.0,4.3,175.0,151.0,8.0,12.0,398,Low
EOS-00809,TCL 4K TV J363,TV,TCL,1361.57,4.7,461.0,247.0,17.0,24.0,578,Medium
EOS-00810,Corsair Mechanical Keyboard B419,Accessory,Corsair,109.93,4.0,113.0,90.0,8.0,24.0,407,Medium
EOS-00811,AOC Office Monitor W608,Monitor,AOC,678.07,4.9,405.0,147.0,23.0,12.0,427,Medium
EOS-00812,Dell Creator Laptop X395,Laptop,Dell,2125.52,4.0,164.0,93.0,8.0,24.0,408,Medium
EOS-00813,Xiaomi Budget Phone F623,Smartphone,Xiaomi,276.16,4.0,743.0,91.0,20.0,12.0,614,High
EOS-00814,LG Gaming Monitor G745,Monitor,LG,887.07,3.6,348.0,0.0,11.0,12.0,478,Medium
EOS-00815,HP Gaming Laptop Z201,Laptop,HP,1455.39,3.8,280.0,250.0,8.0,24.0,506,Medium
EOS-00816,Samsung Pro Smartphone H685,Smartphone,Samsung,540.59,3.6,115.0,188.0,0.0,12.0,569,Medium
EOS-00817,Nikon DSLR Camera O207,Camera,Nikon,1006.62,4.7,76.0,186.0,8.0,36.0,584,Medium
EOS-00818,Logitech Wireless Headphones L701,Headphones,Logitech,164.66,3.3,153.0,25.0,48.0,6.0,552,Medium
EOS-00819,Belkin USB-C Hub I431,Accessory,Belkin,,3.0,271.0,73.0,14.0,6.0,531,Medium
EOS-00820,Fujifilm Action Camera Y963,Camera,Fujifilm,2112.58,3.6,431.0,165.0,27.0,24.0,462,Medium
EOS-00821,Huawei Mini Tablet E302,Tablet,Huawei,151.17,4.2,23.0,212.0,9.0,12.0,532,Medium
EOS-00822,OnePlus Budget Phone I576,Smartphone,OnePlus,260.42,3.9,127.0,84.0,37.0,24.0,621,High
EOS-00823,Motorola Budget Phone H379,Smartphone,Motorola,826.29,3.0,26.0,116.0,21.0,24.0,336,Low
EOS-00824,Philips Smart TV C741,TV,Philips,536.82,4.2,39.0,192.0,17.0,24.0,312,Low
EOS-00825,Apple Earbuds Z783,Headphones,Apple,207.66,4.0,121.0,,0.0,6.0,429,Medium
EOS-00826,Corsair USB-C Hub W678,Accessory,Corsair,45.67,3.8,114.0,98.0,12.0,24.0,372,Low
EOS-00827,Samsung Gaming Monitor I686,Monitor,Samsung,476.9,3.9,29.0,81.0,23.0,36.0,386,Low
EOS-00828,Logitech Webcam R203,Accessory,Logitech,67.24,4.3,210.0,14.0,20.0,6.0,568,Medium
EOS-00829,Hisense Mini LED TV A539,TV,Hisense,1665.06,4.1,198.0,74.0,17.0,,500,Medium
EOS-00830,Samsung Tablet J116,Tablet,Samsung,316.07,4.8,506.0,85.0,12.0,24.0,434,Medium
EOS-00831,Apple Foldable Phone C540,Smartphone,Apple,596.87,4.2,90.0,172.0,38.0,12.0,665,High
EOS-00832,LG Ultrawide Monitor O286,Monitor,LG,860.19,4.2,138.0,125.0,29.0,12.0,418,Medium
EOS-00833,Dell 2-in-1 Laptop B171,Laptop,Dell,1478.29,3.5,32.0,94.0,37.0,24.0,502,Medium
EOS-00834,Microsoft Tablet T234,Tablet,Microsoft,403.56,4.7,149.0,22.0,22.0,24.0,609,High
EOS-00835,Amazfit Hybrid Watch I382,Smartwatch,Amazfit,288.03,3.2,220.0,37.0,,,285,Low
EOS-00836,Apple Foldable Phone B261,Smartphone,Apple,550.76,4.6,254.0,0.0,35.0,24.0,648,High
EOS-00837,Lenovo Business Notebook X193,Laptop,Lenovo,1632.75,4.6,139.0,166.0,11.0,24.0,666,High
EOS-00838,Garmin Smartwatch F565,Smartwatch,Garmin,294.68,3.6,135.0,128.0,2.0,24.0,450,Medium
EOS-00839,Dell Gaming Laptop S193,Laptop,Dell,11773.688583092207,4.2,243.0,159.0,0.0,36.0,441,Medium
EOS-00840,Amazfit Smartwatch T423,Smartwatch,Amazfit,522.54,3.9,169.0,58.0,25.0,12.0,481,Medium
EOS-00841,Google Pro Smartphone I907,Smartphone,Google,277.34,4.4,265.0,158.0,23.0,24.0,566,Medium
EOS-00842,LG QLED TV H811,TV,LG,1119.9,4.2,148.0,217.0,8.0,12.0,345,Low
EOS-00843,Bose Gaming Headset H215,Headphones,Bose,202.89,5.0,81.0,56.0,6.0,6.0,592,Medium
EOS-00844,Apple Ultrabook Z575,Laptop,Apple,1036.39,3.1,296.0,77.0,21.0,36.0,390,Low
EOS-00845,Apple Kids Tablet T930,Tablet,Apple,325.77,3.3,77.0,154.0,5.0,24.0,418,Medium
EOS-00846,Samsung Ultrawide Monitor P171,Monitor,Samsung,567.82,5.0,247.0,155.0,0.0,,444,Medium
EOS-00847,Apple Tablet N449,Tablet,Apple,235.47,3.9,443.0,90.0,0.0,12.0,378,Low
EOS-00848,Apple Pro Tablet X341,Tablet,Apple,519.62,3.7,251.0,204.0,10.0,24.0,369,Low
EOS-00849,Nintendo VR Bundle Z436,Gaming Console,Nintendo,430.06,3.0,167.0,103.0,22.0,12.0,371,Low
EOS-00850,Amazfit Fitness Watch T788,Smartwatch,Amazfit,456.42,3.7,554.0,59.0,10.0,12.0,369,Low
EOS-00851,Microsoft Handheld Console L433,Gaming Console,Microsoft,656.05,4.8,215.0,185.0,1.0,24.0,387,Low
EOS-00852,Fitbit Smartwatch A939,Smartwatch,Fitbit,480.38,4.5,171.0,,7.0,24.0,650,High
EOS-00853,Philips 4K TV Y944,TV,Philips,1759.92,4.4,174.0,219.0,18.0,36.0,459,Medium
EOS-00854,Amazfit Sports Watch P645,Smartwatch,Amazfit,457.14,3.5,103.0,132.0,10.0,12.0,374,Low
EOS-00855,Logitech Earbuds C645,Headphones,Logitech,144.33,3.7,199.0,95.0,13.0,12.0,410,Medium
EOS-00856,Apple Noise Cancelling Headphones P149,Headphones,Apple,152.83,4.0,111.0,101.0,20.0,24.0,609,High
EOS-00857,Sony Earbuds Z391,Headphones,Sony,94.61,4.6,96.0,253.0,5.0,6.0,628,High
EOS-00858,Samsung Pro Smartphone J770,Smartphone,Samsung,550.53,4.2,185.0,131.0,0.0,24.0,667,High
EOS-00859,Dell Curved Monitor J541,Monitor,Dell,457.31,4.2,152.0,15.0,18.0,36.0,595,Medium
EOS-00860,Logitech Studio Headphones F354,Headphones,Logitech,172.88,4.7,215.0,97.0,12.0,12.0,613,High
EOS-00861,Panasonic DSLR Camera G263,Camera,Panasonic,530.47,4.4,83.0,259.0,27.0,36.0,572,Medium
EOS-00862,MSI Ultrabook E297,Laptop,MSI,647.96,4.3,143.0,160.0,11.0,36.0,530,Medium
EOS-00863,JBL Studio Headphones X377,Headphones,JBL,124.61,4.6,120.0,254.0,6.0,24.0,590,Medium
EOS-00864,Logitech Earbuds Z252,Headphones,Logitech,131.37,4.7,167.0,164.0,11.0,24.0,651,High
EOS-00865,Sony VR Bundle N235,Gaming Console,Sony,489.89,3.8,56.0,113.0,22.0,24.0,323,Low
EOS-00866,Huawei Fitness Watch Y503,Smartwatch,Huawei,259.61,3.2,208.0,84.0,11.0,12.0,344,Low
EOS-00867,Samsung GPS Watch V661,Smartwatch,Samsung,377.42,4.0,114.0,211.0,28.0,,543,Medium
EOS-00868,Sennheiser Gaming Headset V255,Headphones,Sennheiser,201.93,3.9,260.0,89.0,6.0,12.0,348,Low
EOS-00869,Samsung OLED TV P868,TV,Samsung,664.84,3.9,85.0,95.0,36.0,24.0,352,Low
EOS-00870,Sony Studio Headphones B804,Headphones,Sony,143.15,2.8,139.0,100.0,27.0,6.0,289,Low
EOS-00871,Nintendo VR Bundle F917,Gaming Console,Nintendo,803.02,4.0,136.0,128.0,19.0,24.0,248,Low
EOS-00872,Sennheiser Studio Headphones X807,Headphones,Sennheiser,102.04,4.5,44.0,90.0,38.0,12.0,473,Medium
EOS-00873,Canon Vlogging Camera Q599,Camera,Canon,1402.83,4.5,128.0,80.0,21.0,36.0,544,Medium
EOS-00874,Microsoft Pro Tablet M877,Tablet,Microsoft,293.12,3.9,40.0,103.0,30.0,12.0,628,High
EOS-00875,Hisense 4K TV L816,TV,Hisense,2138.65,3.9,116.0,255.0,22.0,12.0,408,Medium
EOS-00876,Valve Retro Console H566,Gaming Console,Valve,396.51,4.3,321.0,130.0,27.0,12.0,378,Low
EOS-00877,BenQ Curved Monitor S549,Monitor,BenQ,430.69,4.3,426.0,39.0,5.0,12.0,452,Medium
EOS-00878,Sony Vlogging Camera W632,Camera,Sony,681.06,4.1,125.0,94.0,,24.0,744,High
EOS-00879,LG 4K TV V103,TV,LG,1541.4,5.0,185.0,150.0,13.0,36.0,584,Medium
EOS-00880,Google Budget Phone A379,Smartphone,Google,512.18,3.3,414.0,197.0,18.0,24.0,431,Medium
EOS-00881,Belkin Power Bank G859,Accessory,Belkin,143.8,4.8,108.0,133.0,1.0,24.0,437,Medium
EOS-00882,Apple Sports Watch M596,Smartwatch,Apple,138.0,4.3,123.0,110.0,23.0,12.0,684,High
EOS-00883,Logitech Studio Headphones Y622,Headphones,Logitech,197.79,4.3,76.0,0.0,15.0,6.0,454,Medium
EOS-00884,Microsoft VR Bundle A863,Gaming Console,Microsoft,233.11,4.3,235.0,29.0,16.0,12.0,610,High
EOS-00885,GoPro Mirrorless Camera G229,Camera,,1870.9,3.5,132.0,82.0,17.0,36.0,406,Medium
EOS-00886,Huawei Fitness Watch E602,Smartwatch,Huawei,437.55,3.4,47.0,168.0,18.0,24.0,326,Low
EOS-00887,Belkin Webcam K978,Accessory,Belkin,43.15,3.7,289.0,187.0,0.0,24.0,640,High
EOS-00888,HP Gaming Laptop E224,Laptop,HP,879.36,3.8,165.0,98.0,30.0,24.0,548,Medium
EOS-00889,TCL OLED TV I109,TV,TCL,2493.7,4.7,236.0,58.0,11.0,24.0,335,Low
EOS-00890,AOC Office Monitor S318,Monitor,AOC,370.7,4.2,133.0,172.0,28.0,36.0,530,Medium
EOS-00891,Hisense Smart TV R286,TV,Hisense,2345.37,4.2,137.0,8.0,31.0,12.0,529,Medium
EOS-00892,Belkin Wireless Mouse L947,Accessory,Belkin,98.77,3.7,135.0,195.0,0.0,12.0,487,Medium
EOS-00893,BenQ Ultrawide Monitor T766,Monitor,BenQ,,4.3,39.0,348.0,15.0,12.0,455,Medium
EOS-00894,Bose Noise Cancelling Headphones R972,Headphones,Bose,278.39,3.5,167.0,226.0,18.0,6.0,294,Low
EOS-00895,Apple Business Notebook R835,Laptop,Apple,1081.64,4.5,359.0,264.0,21.0,24.0,457,Medium
EOS-00896,Fujifilm Instant Camera U361,Camera,Fujifilm,993.53,3.6,105.0,207.0,6.0,12.0,403,Medium
EOS-00897,Apple Kids Tablet G975,Tablet,Apple,576.71,4.5,141.0,269.0,15.0,24.0,510,Medium
EOS-00898,JBL Studio Headphones Y101,Headphones,JBL,120.6,4.7,91.0,236.0,14.0,24.0,582,Medium
EOS-00899,Logitech USB-C Hub Y563,Accessory,Logitech,56.29,3.4,286.0,92.0,0.0,24.0,512,Medium
EOS-00900,Corsair USB-C Hub P498,Accessory,Corsair,101.14,4.3,167.0,162.0,3.0,6.0,623,High
EOS-00901,Apple Hybrid Watch I591,Smartwatch,,258.98,4.1,136.0,50.0,0.0,24.0,462,Medium
EOS-00902,TCL Mini LED TV O747,TV,TCL,1337.23,3.2,46.0,114.0,12.0,36.0,438,Medium
EOS-00903,Corsair Webcam T739,Accessory,Corsair,44.15,4.4,115.0,125.0,0.0,24.0,537,Medium
EOS-00904,Huawei Smartwatch N569,Smartwatch,Huawei,404.09,4.1,192.0,168.0,9.0,24.0,583,Medium
EOS-00905,Samsung Curved Monitor M248,Monitor,Samsung,1038.83,4.0,167.0,95.0,0.0,36.0,290,Low
EOS-00906,Samsung Gaming Monitor Z703,Monitor,Samsung,839.6,2.6,109.0,107.0,16.0,24.0,250,Low
EOS-00907,Samsung Drawing Tablet W206,Tablet,Samsung,398.66,3.5,62.0,131.0,8.0,12.0,386,Low
EOS-00908,Xiaomi 5G Phone F656,Smartphone,Xiaomi,421.89,4.1,177.0,119.0,40.0,12.0,430,Medium
EOS-00909,Microsoft Pro Tablet C255,Tablet,Microsoft,527.24,5.0,148.0,166.0,7.0,24.0,560,Medium
EOS-00910,GoPro Action Camera W925,Camera,GoPro,648.74,3.8,10.0,94.0,24.0,12.0,396,Low
EOS-00911,Asus Curved Monitor C762,Monitor,Asus,383.36,3.4,38.0,144.0,30.0,24.0,642,High
EOS-00912,Apple Creator Laptop L242,Laptop,Apple,1283.33,4.4,56.0,144.0,16.0,24.0,770,High
EOS-00913,Apple Mini Tablet J723,Tablet,Apple,639.49,3.0,98.0,114.0,25.0,24.0,361,Low
EOS-00914,Samsung Gaming Monitor M308,Monitor,Samsung,428.72,4.9,241.0,111.0,12.0,36.0,391,Low
EOS-00915,TCL 4K TV D786,TV,TCL,1331.6,5.0,150.0,88.0,11.0,36.0,458,Medium
EOS-00916,LG Mini LED TV G928,TV,,1719.57,3.5,303.0,118.0,,36.0,573,Medium
EOS-00917,Microsoft Wireless Mouse P569,Accessory,Microsoft,81.86,4.7,71.0,181.0,18.0,6.0,583,Medium
EOS-00918,Bose Wireless Headphones Y328,Headphones,Bose,,4.1,197.0,75.0,0.0,12.0,336,Low
EOS-00919,Apple Smartphone C974,Smartphone,Apple,247.32,5.0,125.0,30.0,26.0,24.0,420,Medium
EOS-00920,Fujifilm Vlogging Camera U434,Camera,Fujifilm,1667.93,4.6,89.0,133.0,15.0,24.0,253,Low
EOS-00921,Apple Creator Laptop M976,Laptop,Apple,2483.96,4.5,124.0,83.0,38.0,12.0,329,Low
EOS-00922,LG OLED TV P941,TV,LG,2146.48,4.0,17.0,173.0,13.0,24.0,259,Low
EOS-00923,Sennheiser Gaming Headset G106,Headphones,Sennheiser,179.72,3.5,231.0,22.0,20.0,6.0,644,High
EOS-00924,Google Pro Smartphone O389,Smartphone,Google,616.26,3.7,180.0,145.0,4.0,24.0,372,Low
EOS-00925,Apple Kids Tablet Y520,Tablet,Apple,321.78,3.7,391.0,132.0,12.0,12.0,718,High
EOS-00926,Acer Business Notebook W985,Laptop,Acer,1788.64,3.7,365.0,228.0,32.0,24.0,585,Medium
EOS-00927,BenQ 4K Monitor S537,Monitor,BenQ,534.15,3.3,136.0,55.0,18.0,36.0,434,Medium
EOS-00928,Asus Office Monitor A267,Monitor,Asus,873.32,4.1,42.0,141.0,28.0,12.0,563,Medium
EOS-00929,OnePlus Budget Phone J929,Smartphone,OnePlus,365.73,4.0,785.0,69.0,19.0,12.0,689,High
EOS-00930,Belkin Mechanical Keyboard K141,Accessory,Belkin,75.36,4.8,185.0,299.0,17.0,6.0,668,High
EOS-00931,Apple Foldable Phone S137,Smartphone,Apple,673.08,4.8,89.0,215.0,9.0,12.0,469,Medium
EOS-00932,Motorola Smartphone N539,Smartphone,Motorola,656.03,4.6,454.0,194.0,13.0,12.0,585,Medium
EOS-00933,Nintendo VR Bundle Q221,Gaming Console,Nintendo,536.71,4.7,267.0,71.0,4.0,12.0,538,Medium
EOS-00934,Apple Pro Smartphone Q786,Smartphone,Apple,395.8,4.2,118.0,133.0,19.0,24.0,567,Medium
EOS-00935,Logitech Wireless Headphones S781,Headphones,Logitech,131.18,3.3,114.0,33.0,11.0,24.0,459,Medium
EOS-00936,Motorola 5G Phone P188,Smartphone,Motorola,467.25,3.6,43.0,31.0,9.0,12.0,493,Medium
EOS-00937,TCL Mini LED TV T361,TV,TCL,1326.21,3.3,107.0,195.0,13.0,12.0,454,Medium
EOS-00938,Apple Budget Phone B364,Smartphone,,666.16,4.0,118.0,90.0,18.0,24.0,335,Low
EOS-00939,LG Ultrawide Monitor I407,Monitor,LG,,3.8,72.0,,11.0,12.0,459,Medium
EOS-00940,Corsair Mechanical Keyboard J652,Accessory,Corsair,66.05,3.4,323.0,90.0,14.0,12.0,476,Medium
EOS-00941,Dell Gaming Monitor T442,Monitor,Dell,436.91,3.4,55.0,151.0,0.0,12.0,564,Medium
EOS-00942,Motorola 5G Phone W991,Smartphone,Motorola,518.05,3.4,36.0,253.0,3.0,12.0,494,Medium
EOS-00943,Samsung Pro Smartphone T499,Smartphone,Samsung,682.88,4.2,128.0,24.0,4.0,12.0,298,Low
EOS-00944,Huawei Sports Watch N374,Smartwatch,Huawei,201.22,3.0,165.0,33.0,15.0,24.0,475,Medium
EOS-00945,Samsung Smartwatch D672,Smartwatch,Samsung,324.1,3.6,110.0,167.0,28.0,12.0,361,Low
EOS-00946,Dell Curved Monitor U566,Monitor,Dell,422.03,4.1,175.0,120.0,24.0,36.0,264,Low
EOS-00947,OnePlus Pro Smartphone U459,Smartphone,OnePlus,888.32,3.6,95.0,231.0,35.0,24.0,576,Medium
EOS-00948,Sony Instant Camera D367,Camera,Sony,633.04,3.9,57.0,168.0,32.0,36.0,488,Medium
EOS-00949,Apple Fitness Watch L735,Smartwatch,Apple,,3.9,78.0,209.0,24.0,24.0,285,Low
EOS-00950,Asus Ultrawide Monitor U941,Monitor,Asus,412.15,3.4,278.0,165.0,7.0,36.0,383,Low
EOS-00951,Belkin Mechanical Keyboard U947,Accessory,Belkin,250.0,3.0,50.0,253.0,17.0,24.0,208,Low
EOS-00952,Logitech Wireless Headphones S816,Headphones,Logitech,76.85,4.5,153.0,14.0,3.0,6.0,553,Medium
EOS-00953,Acer 2-in-1 Laptop C905,Laptop,Acer,1272.6,4.2,187.0,106.0,21.0,12.0,655,High
EOS-00954,Huawei Drawing Tablet M289,Tablet,Huawei,635.52,,100.0,0.0,7.0,24.0,389,Low
EOS-00955,Samsung Foldable Phone M224,Smartphone,Samsung,572.87,3.7,53.0,64.0,0.0,12.0,264,Low
EOS-00956,Xiaomi Pro Smartphone P895,Smartphone,Xiaomi,1164.14,3.5,211.0,161.0,0.0,24.0,374,Low
EOS-00957,GoPro Action Camera D391,Camera,GoPro,527.0,3.7,72.0,136.0,20.0,24.0,464,Medium
EOS-00958,Sony QLED TV L942,TV,Sony,1352.21,,205.0,13.0,2.0,36.0,336,Low
EOS-00959,Sony Wireless Headphones W263,Headphones,Sony,94.59,4.5,21.0,138.0,33.0,12.0,610,High
EOS-00960,Apple Smartphone H137,Smartphone,Apple,399.12,4.4,99.0,1.0,19.0,24.0,622,High
EOS-00961,Sony Noise Cancelling Headphones N833,Headphones,Sony,225.69,4.4,207.0,61.0,31.0,12.0,628,High
EOS-00962,LG Smart TV P527,TV,,3184.36,3.5,78.0,215.0,12.0,12.0,432,Medium
EOS-00963,Xiaomi Foldable Phone W161,Smartphone,Xiaomi,597.83,3.1,26.0,152.0,1.0,24.0,209,Low
EOS-00964,Logitech Earbuds Z751,Headphones,Logitech,140.42,3.9,212.0,158.0,18.0,24.0,801,High
EOS-00965,Garmin Sports Watch R247,Smartwatch,Garmin,385.05,3.2,58.0,199.0,21.0,12.0,461,Medium
EOS-00966,Asus Ultrabook P895,Laptop,Asus,1182.6,3.9,399.0,135.0,20.0,,499,Medium
EOS-00967,Huawei Pro Tablet J173,Tablet,Huawei,362.07,4.4,185.0,93.0,17.0,12.0,469,Medium
EOS-00968,Xiaomi Budget Phone S541,Smartphone,Xiaomi,590.66,3.8,253.0,205.0,27.0,12.0,500,Medium
EOS-00969,Logitech Studio Headphones S895,Headphones,Logitech,288.47,4.3,71.0,136.0,1.0,24.0,637,High
EOS-00970,Logitech Power Bank M164,Accessory,Logitech,111.35,4.2,216.0,78.0,23.0,6.0,454,Medium
EOS-00971,Motorola 5G Phone M903,Smartphone,Motorola,994.49,3.8,151.0,219.0,25.0,12.0,332,Low
EOS-00972,Fujifilm Mirrorless Camera A431,Camera,Fujifilm,1081.62,4.4,144.0,60.0,45.0,36.0,617,High
EOS-00973,Lenovo Creator Laptop G982,Laptop,Lenovo,806.38,4.2,31.0,185.0,22.0,24.0,583,Medium
EOS-00974,BenQ Gaming Monitor U462,Monitor,BenQ,907.31,4.6,214.0,199.0,1.0,12.0,404,Medium
EOS-00975,Fitbit Fitness Watch J897,Smartwatch,Fitbit,189.81,3.6,91.0,94.0,2.0,24.0,410,Medium
EOS-00976,Corsair Wireless Mouse C559,Accessory,Corsair,105.01,4.1,303.0,99.0,15.0,6.0,377,Low
EOS-00977,JBL Studio Headphones L407,Headphones,JBL,138.29,3.9,55.0,83.0,10.0,12.0,574,Medium
EOS-00978,Xiaomi Smartphone Z895,Smartphone,Xiaomi,818.79,4.1,200.0,72.0,0.0,24.0,476,Medium
EOS-00979,Huawei Mini Tablet K257,Tablet,Huawei,270.17,4.3,108.0,76.0,18.0,24.0,581,Medium
EOS-00980,Razer USB-C Hub J624,Accessory,Razer,54.44,3.6,110.0,35.0,9.0,12.0,550,Medium
EOS-00981,Logitech Earbuds W120,Headphones,Logitech,357.64,4.8,134.0,133.0,16.0,6.0,488,Medium
EOS-00982,Xiaomi Smartphone G172,Smartphone,Xiaomi,253.11,3.7,95.0,261.0,21.0,12.0,697,High
EOS-00983,Apple Smartphone B362,Smartphone,Apple,801.69,4.0,174.0,88.0,34.0,12.0,588,Medium
EOS-00984,OnePlus 5G Phone Y451,Smartphone,OnePlus,764.96,,140.0,292.0,15.0,24.0,373,Low
EOS-00985,Panasonic Instant Camera N700,Camera,Panasonic,570.08,3.8,89.0,132.0,0.0,36.0,371,Low
EOS-00986,Apple 2-in-1 Laptop X699,Laptop,Apple,932.04,4.0,246.0,250.0,17.0,24.0,607,High
EOS-00987,Fujifilm Action Camera X524,Camera,Fujifilm,490.91,3.1,171.0,129.0,16.0,12.0,503,Medium
EOS-00988,Huawei GPS Watch S649,Smartwatch,Huawei,290.71,4.6,282.0,91.0,3.0,24.0,413,Medium
EOS-00989,Sony 4K TV N150,TV,Sony,,4.6,91.0,70.0,1.0,36.0,491,Medium
EOS-00990,LG OLED TV S560,TV,LG,1673.08,4.1,104.0,9.0,32.0,24.0,385,Low
EOS-00991,Dell Creator Laptop O871,Laptop,Dell,670.2,4.4,336.0,108.0,20.0,36.0,464,Medium
EOS-00992,Sony Handheld Console Q659,Gaming Console,Sony,414.07,3.2,234.0,308.0,10.0,12.0,668,High
EOS-00993,Dell Gaming Laptop W355,Laptop,Dell,722.18,4.2,103.0,30.0,,24.0,594,Medium
EOS-00994,Apple Gaming Laptop L652,Laptop,Apple,1505.96,2.8,238.0,106.0,13.0,36.0,337,Low
EOS-00995,LG OLED TV F537,TV,LG,2026.8,3.5,370.0,99.0,1.0,36.0,369,Low
EOS-00996,Microsoft Handheld Console W951,Gaming Console,Microsoft,418.42,3.6,150.0,138.0,16.0,24.0,382,Low
EOS-00997,Dell Creator Laptop K365,Laptop,Dell,1110.97,4.6,119.0,108.0,20.0,24.0,871,High
EOS-00998,TCL OLED TV D664,TV,TCL,659.37,3.8,,15.0,28.0,12.0,753,High
EOS-00999,Nikon DSLR Camera N305,Camera,Nikon,,3.8,104.0,212.0,4.0,36.0,274,Low
EOS-01000,Meta Gaming Console Y614,Gaming Console,,394.3,5.0,186.0,170.0,10.0,12.0,504,Medium
EOS-01001,JBL Gaming Headset G343,Headphones,JBL,,4.1,160.0,124.0,5.0,24.0,423,Medium
EOS-01002,Canon DSLR Camera K546,Camera,Canon,2800.0,3.9,120.0,62.0,23.0,24.0,256,Low
EOS-01003,Corsair Power Bank R679,Accessory,Corsair,128.39,4.1,393.0,166.0,37.0,6.0,509,Medium
EOS-01004,Huawei Fitness Watch Y598,Smartwatch,Huawei,410.36,3.6,215.0,116.0,21.0,24.0,435,Medium
EOS-01005,Amazfit Smartwatch V951,Smartwatch,Amazfit,169.41,4.7,114.0,153.0,22.0,12.0,590,Medium
EOS-01006,Lenovo Ultrabook X882,Laptop,Lenovo,1990.96,4.0,76.0,182.0,0.0,24.0,564,Medium
EOS-01007,Huawei Hybrid Watch E714,Smartwatch,Huawei,280.11,4.2,47.0,108.0,13.0,24.0,500,Medium
EOS-01008,Amazfit Fitness Watch R707,Smartwatch,Amazfit,459.18,3.5,378.0,134.0,0.0,24.0,337,Low
EOS-01009,Samsung Mini LED TV S992,TV,Samsung,2097.11,4.0,183.0,0.0,1.0,12.0,303,Low
EOS-01010,Logitech Earbuds R597,Headphones,Logitech,156.96,4.4,298.0,190.0,10.0,12.0,441,Medium
EOS-01011,Apple Kids Tablet V269,Tablet,Apple,589.41,4.4,17.0,115.0,29.0,12.0,442,Medium
EOS-01012,OnePlus Budget Phone F191,Smartphone,OnePlus,368.42,4.0,130.0,199.0,16.0,12.0,777,High
EOS-01013,Apple Gaming Headset Y849,Headphones,Apple,41.52,4.0,276.0,97.0,11.0,24.0,583,Medium
EOS-01014,Logitech Earbuds Q811,Headphones,Logitech,79.0,3.7,95.0,82.0,0.0,6.0,588,Medium
EOS-01015,Anker Wireless Mouse X312,Accessory,Anker,58.03,4.9,112.0,100.0,0.0,6.0,577,Medium
EOS-01016,Asus Business Notebook W325,Laptop,Asus,1336.99,4.0,96.0,157.0,31.0,24.0,594,Medium
EOS-01017,TCL Smart TV T679,TV,TCL,692.85,4.1,152.0,46.0,15.0,12.0,826,High
EOS-01018,Microsoft Retro Console Q755,Gaming Console,Microsoft,428.0,3.6,29.0,180.0,18.0,24.0,487,Medium
EOS-01019,Logitech Mechanical Keyboard Q981,Accessory,Logitech,189.91,4.1,154.0,114.0,9.0,6.0,332,Low
EOS-01020,MSI Ultrabook Q952,Laptop,MSI,1106.0,2.9,223.0,60.0,24.0,36.0,546,Medium
EOS-01021,Apple Creator Laptop O574,Laptop,Apple,946.99,3.6,135.0,0.0,30.0,12.0,390,Low
EOS-01022,JBL Noise Cancelling Headphones H787,Headphones,JBL,121.76,3.7,,130.0,17.0,24.0,546,Medium
EOS-01023,MSI Ultrabook C806,Laptop,MSI,757.61,4.1,97.0,222.0,26.0,36.0,501,Medium
EOS-01024,Sony Vlogging Camera R908,Camera,Sony,1125.19,3.4,209.0,221.0,20.0,12.0,709,High
EOS-01025,OnePlus Pro Smartphone L441,Smartphone,OnePlus,616.57,3.2,149.0,255.0,0.0,24.0,495,Medium
EOS-01026,OnePlus Budget Phone F322,Smartphone,OnePlus,260.9,3.7,65.0,74.0,9.0,24.0,467,Medium
EOS-01027,MSI Business Notebook F890,Laptop,MSI,1289.07,3.7,136.0,120.0,10.0,12.0,389,Low
EOS-01028,Corsair USB-C Hub G146,Accessory,Corsair,68.64,3.7,256.0,136.0,21.0,6.0,607,High
EOS-01029,Lenovo Pro Tablet Y474,Tablet,Lenovo,390.91,4.5,90.0,176.0,4.0,12.0,454,Medium
EOS-01030,LG 4K Monitor F387,Monitor,LG,1239.4,3.8,215.0,131.0,13.0,36.0,362,Low
EOS-01031,Sony Instant Camera G742,Camera,Sony,887.41,4.7,72.0,88.0,3.0,36.0,601,High
EOS-01032,Canon Vlogging Camera G368,Camera,Canon,379.95,4.2,83.0,104.0,37.0,,763,High
EOS-01033,Canon Vlogging Camera I775,Camera,Canon,712.42,4.5,156.0,139.0,41.0,36.0,710,High
EOS-01034,Microsoft Webcam K471,Accessory,Microsoft,72.6,4.1,326.0,215.0,6.0,6.0,507,Medium
EOS-01035,Samsung Mini Tablet W563,Tablet,Samsung,402.03,4.8,150.0,169.0,5.0,24.0,689,High
EOS-01036,Hisense Smart TV U683,TV,Hisense,1359.42,4.3,249.0,147.0,12.0,12.0,519,Medium
EOS-01037,Microsoft Mechanical Keyboard L643,Accessory,Microsoft,36.4,4.5,167.0,99.0,0.0,12.0,414,Medium
EOS-01038,Logitech Gaming Headset X101,Headphones,Logitech,169.78,4.2,210.0,142.0,17.0,6.0,561,Medium
EOS-01039,Samsung Budget Phone S633,Smartphone,,363.06,4.4,42.0,167.0,7.0,12.0,670,High
EOS-01040,JBL Gaming Headset X569,Headphones,JBL,144.41,3.6,168.0,99.0,22.0,6.0,675,High
EOS-01041,Microsoft USB-C Hub I931,Accessory,Microsoft,61.24,3.8,27.0,24.0,9.0,6.0,565,Medium
EOS-01042,Anker Mechanical Keyboard H477,Accessory,Anker,91.14,3.9,146.0,81.0,12.0,24.0,354,Low
EOS-01043,Dell Curved Monitor G126,Monitor,Dell,453.9,4.8,145.0,0.0,20.0,24.0,520,Medium
EOS-01044,LG QLED TV K443,TV,LG,2142.25,3.9,73.0,189.0,0.0,12.0,548,Medium
EOS-01045,Nikon Instant Camera Y827,Camera,Nikon,761.88,4.8,42.0,251.0,23.0,36.0,395,Low
EOS-01046,Apple Foldable Phone F621,Smartphone,Apple,400.62,3.6,130.0,64.0,3.0,12.0,528,Medium
EOS-01047,Xiaomi Foldable Phone Y894,Smartphone,Xiaomi,677.84,5.0,217.0,83.0,0.0,24.0,514,Medium
EOS-01048,Dell Ultrabook C408,Laptop,Dell,1390.14,3.9,67.0,188.0,8.0,24.0,426,Medium
EOS-01049,Sennheiser Noise Cancelling Headphones T129,Headphones,Sennheiser,240.77,3.3,60.0,279.0,6.0,24.0,354,Low
EOS-01050,Fujifilm Mirrorless Camera D576,Camera,Fujifilm,465.62,4.0,270.0,206.0,21.0,24.0,478,Medium
EOS-01051,OnePlus Pro Smartphone Q885,Smartphone,OnePlus,1283.95,4.3,73.0,115.0,24.0,24.0,412,Medium
EOS-01052,Microsoft Mini Tablet Y495,Tablet,Microsoft,286.91,4.4,121.0,92.0,12.0,24.0,676,High
EOS-01053,Xiaomi Foldable Phone T772,Smartphone,Xiaomi,618.68,4.6,201.0,142.0,21.0,12.0,645,High
EOS-01054,Microsoft Power Bank O725,Accessory,Microsoft,75.8,3.5,57.0,90.0,6.0,24.0,639,High
EOS-01055,Microsoft Power Bank D214,Accessory,Microsoft,90.85,4.2,88.0,189.0,28.0,24.0,404,Medium
EOS-01056,Dell Office Monitor G854,Monitor,Dell,469.21,4.1,199.0,45.0,11.0,36.0,585,Medium
EOS-01057,OnePlus 5G Phone Q989,Smartphone,OnePlus,994.8,4.7,356.0,295.0,7.0,24.0,627,High
EOS-01058,Logitech Noise Cancelling Headphones S123,Headphones,Logitech,97.07,3.9,16.0,199.0,12.0,12.0,680,High
EOS-01059,Sony OLED TV U984,TV,Sony,1790.8,3.8,169.0,35.0,2.0,12.0,377,Low
EOS-01060,Corsair Webcam D748,Accessory,Corsair,129.13,4.0,406.0,143.0,10.0,24.0,530,Medium
EOS-01061,MSI Gaming Laptop Q411,Laptop,MSI,1560.03,4.7,264.0,172.0,37.0,36.0,738,High
EOS-01062,Lenovo Drawing Tablet T293,Tablet,Lenovo,196.36,3.8,122.0,182.0,12.0,12.0,543,Medium
EOS-01063,BenQ Gaming Monitor K212,Monitor,BenQ,,3.4,119.0,170.0,12.0,24.0,327,Low
EOS-01064,Nikon Instant Camera U637,Camera,Nikon,868.73,4.8,120.0,94.0,2.0,12.0,430,Medium
EOS-01065,MSI 2-in-1 Laptop B268,Laptop,MSI,988.34,3.7,291.0,49.0,12.0,36.0,522,Medium
EOS-01066,Google Pro Smartphone M311,Smartphone,Google,826.29,3.9,274.0,131.0,13.0,12.0,336,Low
EOS-01067,Philips OLED TV U393,TV,Philips,535.01,3.8,291.0,123.0,17.0,24.0,893,High
EOS-01068,Google Smartphone E714,Smartphone,Google,337.91,3.6,126.0,110.0,4.0,24.0,674,High
EOS-01069,Apple Pro Tablet M849,Tablet,Apple,1026.96,4.4,156.0,267.0,14.0,12.0,337,Low
EOS-01070,Acer Ultrabook Z411,Laptop,Acer,1981.92,3.1,479.0,251.0,10.0,24.0,600,High
EOS-01071,Apple 5G Phone V929,Smartphone,Apple,562.01,4.1,114.0,89.0,23.0,12.0,417,Medium
EOS-01072,GoPro DSLR Camera Y948,Camera,GoPro,1360.11,4.0,,105.0,14.0,24.0,514,Medium
EOS-01073,Acer Ultrabook W158,Laptop,Acer,2053.35,3.9,100.0,88.0,15.0,24.0,556,Medium
EOS-01074,LG 4K Monitor V293,Monitor,LG,257.14,3.2,375.0,141.0,8.0,12.0,490,Medium
EOS-01075,Apple Ultrabook E413,Laptop,Apple,1004.48,3.2,36.0,233.0,31.0,36.0,416,Medium
EOS-01076,MSI Creator Laptop B847,Laptop,MSI,1776.15,3.5,117.0,90.0,15.0,12.0,464,Medium
EOS-01077,Microsoft Webcam F633,Accessory,Microsoft,42.93,3.9,257.0,149.0,24.0,12.0,684,High
EOS-01078,Lenovo Ultrabook F242,Laptop,Lenovo,869.04,4.4,85.0,92.0,15.0,24.0,423,Medium
EOS-01079,Garmin Smartwatch G732,Smartwatch,Garmin,492.45,3.9,,152.0,28.0,12.0,538,Medium
EOS-01080,Acer Ultrabook F150,Laptop,Acer,1683.29,3.8,89.0,76.0,2.0,24.0,410,Medium
EOS-01081,Dell Gaming Monitor M710,Monitor,Dell,518.26,3.2,149.0,239.0,18.0,24.0,339,Low
EOS-01082,Canon Instant Camera H523,Camera,Canon,,4.9,65.0,162.0,4.0,12.0,569,Medium
EOS-01083,Lenovo Creator Laptop K736,Laptop,Lenovo,928.84,4.0,96.0,158.0,10.0,24.0,470,Medium
EOS-01084,Hisense Smart TV J890,TV,Hisense,2538.49,4.1,226.0,80.0,4.0,24.0,411,Medium
EOS-01085,Nikon Vlogging Camera F509,Camera,Nikon,826.7,4.6,131.0,84.0,0.0,24.0,522,Medium
EOS-01086,Philips Mini LED TV F679,TV,Philips,2135.42,4.3,47.0,127.0,0.0,36.0,413,Medium
EOS-01087,Logitech Power Bank F507,Accessory,Logitech,88.95,3.9,140.0,83.0,0.0,24.0,361,Low
EOS-01088,Acer 2-in-1 Laptop X987,Laptop,Acer,860.99,4.3,77.0,209.0,12.0,24.0,512,Medium
EOS-01089,Lenovo Tablet Q121,Tablet,Lenovo,,3.6,263.0,159.0,0.0,12.0,415,Medium
EOS-01090,Anker Mechanical Keyboard G939,Accessory,Anker,147.99,4.2,113.0,54.0,17.0,12.0,520,Medium
EOS-01091,JBL Wireless Headphones F901,Headphones,JBL,171.46,,102.0,236.0,16.0,12.0,601,High
EOS-01092,OnePlus Smartphone I651,Smartphone,OnePlus,758.68,4.4,163.0,90.0,25.0,12.0,563,Medium
EOS-01093,Motorola Foldable Phone A892,Smartphone,Motorola,679.25,3.3,207.0,100.0,15.0,12.0,465,Medium
EOS-01094,Bose Studio Headphones I922,Headphones,Bose,443.32,3.9,54.0,210.0,10.0,6.0,321,Low
EOS-01095,LG Gaming Monitor U353,Monitor,LG,1500.0,3.1,76.0,288.0,36.0,36.0,214,Low
EOS-01096,JBL Earbuds C618,Headphones,JBL,141.88,3.9,250.0,133.0,1.0,12.0,396,Low
EOS-01097,MSI Business Notebook N412,Laptop,MSI,1437.52,3.5,236.0,96.0,5.0,36.0,568,Medium
EOS-01098,Google Smartphone A841,Smartphone,Google,674.15,3.7,337.0,227.0,2.0,24.0,572,Medium
EOS-01099,Acer 2-in-1 Laptop X390,Laptop,Acer,1077.89,4.1,469.0,15.0,5.0,12.0,454,Medium
EOS-01100,Lenovo Business Notebook F343,Laptop,Lenovo,1433.24,4.7,216.0,49.0,8.0,36.0,337,Low
EOS-01101,Logitech Gaming Headset U843,Headphones,Logitech,329.23,4.1,70.0,178.0,4.0,6.0,338,Low
EOS-01102,Lenovo Mini Tablet R129,Tablet,Lenovo,184.27,3.5,48.0,158.0,0.0,24.0,552,Medium
EOS-01103,Bose Gaming Headset H832,Headphones,Bose,98.32,4.0,155.0,178.0,16.0,12.0,384,Low
EOS-01104,Samsung Budget Phone U208,Smartphone,Samsung,335.88,5.0,241.0,198.0,11.0,24.0,545,Medium
EOS-01105,Motorola 5G Phone G247,Smartphone,Motorola,546.07,4.9,82.0,186.0,22.0,12.0,522,Medium
EOS-01106,Lenovo Pro Tablet E255,Tablet,Lenovo,428.88,4.1,158.0,111.0,16.0,24.0,721,High
EOS-01107,BenQ 4K Monitor K930,Monitor,BenQ,1288.32,3.4,162.0,108.0,2.0,,236,Low
EOS-01108,HP Creator Laptop R215,Laptop,HP,1276.66,4.4,114.0,41.0,29.0,36.0,468,Medium
EOS-01109,Lenovo Tablet C553,Tablet,Lenovo,616.62,3.5,35.0,103.0,10.0,12.0,570,Medium
EOS-01110,Panasonic Instant Camera P896,Camera,Panasonic,1346.5,3.8,264.0,240.0,27.0,36.0,442,Medium
EOS-01111,Apple 2-in-1 Laptop Z385,Laptop,Apple,1701.55,3.8,342.0,1.0,27.0,12.0,484,Medium
EOS-01112,Lenovo Gaming Laptop Z547,Laptop,Lenovo,1558.25,3.6,183.0,239.0,0.0,12.0,297,Low
EOS-01113,Philips Mini LED TV T881,TV,Philips,1384.38,3.7,135.0,193.0,1.0,36.0,501,Medium
EOS-01114,Sony Earbuds Z295,Headphones,Sony,284.7,4.3,56.0,91.0,16.0,12.0,257,Low
EOS-01115,Nikon Vlogging Camera N599,Camera,Nikon,1110.74,3.7,170.0,111.0,45.0,12.0,455,Medium
EOS-01116,Nikon Action Camera B300,Camera,Nikon,769.87,3.2,55.0,123.0,23.0,24.0,565,Medium
EOS-01117,Nikon Mirrorless Camera S965,Camera,Nikon,,4.6,463.0,87.0,0.0,24.0,733,High
EOS-01118,Panasonic Mirrorless Camera S140,Camera,Panasonic,619.08,4.1,250.0,188.0,24.0,12.0,447,Medium
EOS-01119,Apple Smartphone W888,Smartphone,Apple,640.28,3.9,47.0,108.0,38.0,24.0,559,Medium
EOS-01120,Sennheiser Earbuds U942,Headphones,Sennheiser,136.14,3.4,157.0,195.0,34.0,12.0,297,Low
EOS-01121,Amazfit Fitness Watch Y617,Smartwatch,Amazfit,252.76,3.9,195.0,41.0,15.0,24.0,441,Medium
EOS-01122,Apple Pro Smartphone O241,Smartphone,Apple,354.04,3.1,40.0,113.0,0.0,12.0,585,Medium
EOS-01123,Motorola Smartphone N398,Smartphone,Motorola,373.16,4.1,250.0,226.0,0.0,12.0,720,High
EOS-01124,Lenovo Mini Tablet G954,Tablet,Lenovo,677.1,4.6,88.0,143.0,0.0,24.0,469,Medium
EOS-01125,Google Foldable Phone F673,Smartphone,Google,905.52,3.5,133.0,104.0,10.0,12.0,210,Low
EOS-01126,Apple 5G Phone R444,Smartphone,Apple,267.35,3.1,200.0,111.0,0.0,12.0,513,Medium
EOS-01127,Meta Retro Console N290,Gaming Console,Meta,180.0,3.6,138.0,56.0,15.0,24.0,516,Medium
EOS-01128,Logitech Wireless Headphones E799,Headphones,Logitech,227.53,4.7,107.0,249.0,22.0,24.0,469,Medium
EOS-01129,Sennheiser Studio Headphones L911,Headphones,Sennheiser,178.69,4.1,192.0,234.0,19.0,12.0,785,High
EOS-01130,Bose Earbuds P560,Headphones,Bose,177.67,4.0,533.0,210.0,13.0,12.0,444,Medium
EOS-01131,HP Gaming Laptop V358,Laptop,HP,2358.6,4.6,398.0,127.0,23.0,36.0,451,Medium
EOS-01132,Nikon Mirrorless Camera B303,Camera,Nikon,881.65,4.2,336.0,106.0,5.0,24.0,453,Medium
EOS-01133,Apple Drawing Tablet P884,Tablet,Apple,847.4,4.5,70.0,152.0,13.0,24.0,454,Medium
EOS-01134,Microsoft Handheld Console Z969,Gaming Console,Microsoft,477.51,3.8,251.0,105.0,27.0,24.0,493,Medium
EOS-01135,MSI 2-in-1 Laptop L100,Laptop,MSI,697.2,4.4,94.0,93.0,15.0,12.0,435,Medium
EOS-01136,Sony QLED TV D110,TV,Sony,1160.95,4.7,146.0,98.0,0.0,12.0,677,High
EOS-01137,Microsoft Webcam I834,Accessory,Microsoft,83.39,5.0,99.0,,6.0,6.0,600,High
EOS-01138,Samsung Tablet L858,Tablet,Samsung,538.66,4.0,192.0,88.0,12.0,24.0,723,High
EOS-01139,Logitech Earbuds J359,Headphones,Logitech,160.45,4.5,95.0,155.0,14.0,24.0,603,High
EOS-01140,JBL Gaming Headset I586,Headphones,JBL,171.13,3.7,22.0,97.0,13.0,6.0,409,Medium
EOS-01141,Logitech Gaming Headset J493,Headphones,Logitech,96.2,4.1,22.0,88.0,28.0,6.0,464,Medium
EOS-01142,Logitech Gaming Headset Z895,Headphones,Logitech,140.51,4.1,109.0,216.0,34.0,,662,High
EOS-01143,Nintendo Console Bundle K483,Gaming Console,Nintendo,573.89,4.5,394.0,122.0,0.0,,353,Low
EOS-01144,Meta Handheld Console A302,Gaming Console,Meta,305.96,4.7,92.0,143.0,25.0,24.0,409,Medium
EOS-01145,Philips Mini LED TV E314,TV,Philips,896.95,4.6,150.0,97.0,38.0,24.0,546,Medium
EOS-01146,Sony Handheld Console H238,Gaming Console,Sony,348.3,3.7,112.0,117.0,28.0,24.0,663,High
EOS-01147,Microsoft Handheld Console S645,Gaming Console,Microsoft,241.88,4.0,133.0,129.0,28.0,12.0,673,High
EOS-01148,Sony Studio Headphones G929,Headphones,Sony,329.19,3.4,357.0,61.0,18.0,24.0,445,Medium
EOS-01149,Nikon Vlogging Camera X789,Camera,Nikon,1687.21,4.4,30.0,117.0,15.0,12.0,571,Medium
EOS-01150,Apple Pro Smartphone S315,Smartphone,Apple,577.89,3.8,30.0,259.0,0.0,24.0,449,Medium
EOS-01151,Logitech Studio Headphones P983,Headphones,Logitech,288.19,3.5,101.0,78.0,19.0,24.0,357,Low
EOS-01152,Samsung Foldable Phone Z991,Smartphone,Samsung,421.19,3.7,200.0,177.0,4.0,24.0,622,High
EOS-01153,Samsung Pro Tablet D310,Tablet,Samsung,1094.72,4.1,300.0,135.0,0.0,24.0,444,Medium
EOS-01154,Sony QLED TV S614,TV,Sony,2016.13,5.0,91.0,143.0,13.0,24.0,525,Medium
EOS-01155,Acer Ultrabook I598,Laptop,Acer,,4.8,,226.0,29.0,12.0,324,Low
EOS-01156,Bose Earbuds U346,Headphones,Bose,178.03,4.4,121.0,184.0,21.0,24.0,680,High
EOS-01157,Apple Budget Phone J855,Smartphone,Apple,1405.82,4.6,90.0,0.0,22.0,12.0,530,Medium
EOS-01158,Motorola 5G Phone M405,Smartphone,Motorola,517.06,3.8,81.0,157.0,3.0,24.0,532,Medium
EOS-01159,Anker Power Bank W949,Accessory,Anker,135.74,5.0,809.0,0.0,14.0,24.0,571,Medium
EOS-01160,Nintendo VR Bundle O941,Gaming Console,Nintendo,344.22,4.5,102.0,169.0,12.0,12.0,378,Low
EOS-01161,Nintendo Console Bundle T641,Gaming Console,Nintendo,689.51,5.0,90.0,0.0,27.0,12.0,443,Medium
EOS-01162,Huawei Smartwatch U511,Smartwatch,Huawei,717.69,,519.0,234.0,0.0,24.0,411,Medium
EOS-01163,Logitech Earbuds V236,Headphones,Logitech,100.38,4.5,255.0,91.0,23.0,24.0,422,Medium
EOS-01164,Sony 4K TV X275,TV,Sony,1494.96,,210.0,173.0,27.0,24.0,536,Medium
EOS-01165,Samsung Smart TV Z201,TV,Samsung,1808.04,3.1,182.0,98.0,17.0,12.0,452,Medium
EOS-01166,Philips OLED TV A272,TV,Philips,1660.31,4.8,360.0,108.0,0.0,12.0,597,Medium
EOS-01167,Belkin Wireless Mouse F283,Accessory,Belkin,75.68,4.5,229.0,218.0,0.0,12.0,429,Medium
EOS-01168,Valve Gaming Console G601,Gaming Console,Valve,521.66,,45.0,127.0,9.0,24.0,630,High
EOS-01169,AOC Office Monitor Y928,Monitor,AOC,543.27,5.0,68.0,64.0,33.0,12.0,441,Medium
EOS-01170,LG Gaming Monitor V640,Monitor,LG,515.85,4.3,184.0,119.0,0.0,24.0,626,High
EOS-01171,Fujifilm DSLR Camera L283,Camera,Fujifilm,1469.22,4.8,370.0,154.0,19.0,24.0,349,Low
EOS-01172,Samsung 4K Monitor K625,Monitor,Samsung,277.78,4.1,139.0,270.0,20.0,36.0,593,Medium
EOS-01173,Belkin Wireless Mouse M499,Accessory,Belkin,80.0,4.4,212.0,177.0,20.0,24.0,417,Medium
EOS-01174,Sony Mirrorless Camera S393,Camera,Sony,2022.2,,111.0,0.0,18.0,24.0,277,Low
EOS-01175,Microsoft USB-C Hub F930,Accessory,Microsoft,45.78,5.0,49.0,57.0,2.0,12.0,702,High
EOS-01176,Fujifilm Vlogging Camera H183,Camera,Fujifilm,1235.87,4.1,181.0,136.0,12.0,36.0,639,High
EOS-01177,Amazfit GPS Watch C438,Smartwatch,Amazfit,444.44,4.2,107.0,131.0,3.0,12.0,521,Medium
EOS-01178,OnePlus Foldable Phone U579,Smartphone,OnePlus,593.8,4.2,208.0,123.0,26.0,24.0,788,High
EOS-01179,Samsung Foldable Phone Q460,Smartphone,Samsung,507.01,3.2,62.0,7.0,0.0,12.0,368,Low
EOS-01180,Microsoft Pro Tablet B467,Tablet,Microsoft,329.26,3.7,190.0,80.0,0.0,24.0,453,Medium
EOS-01181,Acer Ultrabook H227,Laptop,Acer,1271.38,4.9,240.0,181.0,15.0,24.0,541,Medium
EOS-01182,MSI Creator Laptop U324,Laptop,MSI,1030.5,3.1,13.0,151.0,7.0,36.0,329,Low
EOS-01183,Google Budget Phone L774,Smartphone,Google,289.11,4.6,65.0,196.0,15.0,12.0,533,Medium
EOS-01184,Microsoft Pro Tablet S103,Tablet,Microsoft,179.76,3.8,149.0,9.0,0.0,24.0,366,Low
EOS-01185,Sony Console Bundle X795,Gaming Console,Sony,419.93,3.5,28.0,157.0,10.0,24.0,577,Medium
EOS-01186,Sony Mirrorless Camera G489,Camera,Sony,1178.43,,139.0,157.0,,12.0,436,Medium
EOS-01187,Sony Earbuds U408,Headphones,Sony,202.22,4.3,100.0,117.0,8.0,24.0,481,Medium
EOS-01188,Xiaomi Pro Smartphone V271,Smartphone,Xiaomi,442.31,4.4,195.0,118.0,16.0,12.0,393,Low
EOS-01189,Sony Studio Headphones X865,Headphones,Sony,37.09,3.5,22.0,267.0,12.0,24.0,556,Medium
EOS-01190,Logitech Wireless Mouse Z617,Accessory,Logitech,98.69,3.9,114.0,106.0,29.0,12.0,633,High
EOS-01191,Sony Retro Console Z935,Gaming Console,Sony,382.38,3.7,135.0,166.0,1.0,12.0,509,Medium
EOS-01192,Nikon Action Camera J749,Camera,Nikon,742.07,3.6,125.0,217.0,26.0,36.0,631,High
EOS-01193,Lenovo Ultrabook C495,Laptop,Lenovo,1515.18,3.6,86.0,80.0,0.0,36.0,343,Low
EOS-01194,Lenovo Mini Tablet N172,Tablet,Lenovo,290.89,3.3,213.0,113.0,11.0,12.0,654,High
EOS-01195,Microsoft Kids Tablet G385,Tablet,Microsoft,886.22,2.9,605.0,220.0,28.0,12.0,326,Low
EOS-01196,Sony Mirrorless Camera U332,Camera,Sony,1252.28,3.5,116.0,85.0,9.0,36.0,387,Low
EOS-01197,GoPro DSLR Camera F813,Camera,GoPro,1191.77,4.1,26.0,232.0,5.0,36.0,336,Low
EOS-01198,Garmin GPS Watch T593,Smartwatch,Garmin,217.37,3.9,335.0,149.0,28.0,12.0,354,Low
EOS-01199,Apple 5G Phone P854,Smartphone,Apple,524.5,3.2,214.0,149.0,0.0,12.0,633,High
EOS-01200,Valve Gaming Console E295,Gaming Console,Valve,326.82,5.0,129.0,125.0,18.0,24.0,718,High
EOS-01201,Logitech Webcam H886,Accessory,Logitech,41.08,3.9,185.0,265.0,24.0,12.0,362,Low
EOS-01202,Samsung Tablet J940,Tablet,Samsung,475.51,3.9,50.0,116.0,12.0,12.0,553,Medium
EOS-01203,Samsung 5G Phone L626,Smartphone,Samsung,815.65,4.5,101.0,190.0,6.0,24.0,451,Medium
EOS-01204,Nintendo Console Bundle Y789,Gaming Console,Nintendo,516.75,4.0,225.0,86.0,18.0,24.0,603,High
EOS-01205,Motorola Smartphone U645,Smartphone,Motorola,713.05,,387.0,152.0,23.0,24.0,455,Medium
EOS-01206,Apple Business Notebook I664,Laptop,Apple,2041.89,4.2,288.0,282.0,28.0,12.0,454,Medium
EOS-01207,Philips Mini LED TV A802,TV,Philips,1597.45,4.0,58.0,277.0,18.0,36.0,657,High
EOS-01208,JBL Earbuds T487,Headphones,JBL,68.89,3.9,56.0,149.0,0.0,12.0,493,Medium
EOS-01209,Amazfit Fitness Watch U685,Smartwatch,Amazfit,240.98,3.3,213.0,55.0,3.0,24.0,411,Medium
EOS-01210,Samsung 4K Monitor Y706,Monitor,Samsung,632.27,3.9,133.0,178.0,15.0,24.0,653,High
EOS-01211,Meta Console Bundle B325,Gaming Console,,463.56,3.4,309.0,89.0,12.0,12.0,589,Medium
EOS-01212,Apple Foldable Phone X149,Smartphone,Apple,582.02,3.6,16.0,78.0,4.0,12.0,462,Medium
EOS-01213,Apple Hybrid Watch T138,Smartwatch,Apple,307.85,4.6,161.0,14.0,4.0,24.0,443,Medium
EOS-01214,Apple Smartphone B627,Smartphone,Apple,1392.61,4.8,136.0,84.0,16.0,24.0,500,Medium
EOS-01215,Lenovo 2-in-1 Laptop L427,Laptop,Lenovo,1288.29,3.6,,178.0,2.0,24.0,554,Medium
EOS-01216,Dell 4K Monitor C342,Monitor,Dell,1006.58,3.9,190.0,193.0,21.0,36.0,480,Medium
EOS-01217,Apple Smartwatch B480,Smartwatch,Apple,209.71,4.5,69.0,168.0,8.0,12.0,533,Medium
EOS-01218,Canon Vlogging Camera T379,Camera,Canon,1523.01,3.8,66.0,299.0,3.0,12.0,300,Low
EOS-01219,Microsoft Kids Tablet D975,Tablet,Microsoft,397.79,4.0,106.0,76.0,8.0,24.0,519,Medium
EOS-01220,Sony Earbuds S466,Headphones,Sony,147.51,5.0,62.0,136.0,13.0,6.0,647,High
EOS-01221,Samsung Smartwatch V890,Smartwatch,Samsung,642.62,4.7,574.0,83.0,25.0,12.0,504,Medium
EOS-01222,GoPro DSLR Camera V706,Camera,GoPro,892.75,4.3,42.0,144.0,16.0,12.0,490,Medium
EOS-01223,Sony Noise Cancelling Headphones P254,Headphones,Sony,162.95,3.7,461.0,17.0,6.0,12.0,337,Low
EOS-01224,Samsung 5G Phone C648,Smartphone,Samsung,771.61,3.5,268.0,157.0,,12.0,688,High
EOS-01225,Dell Ultrabook N324,Laptop,Dell,1006.95,3.8,231.0,200.0,19.0,12.0,445,Medium
EOS-01226,JBL Studio Headphones V528,Headphones,JBL,230.71,4.1,44.0,74.0,34.0,12.0,416,Medium
EOS-01227,Samsung Budget Phone G282,Smartphone,Samsung,577.35,4.4,87.0,200.0,18.0,12.0,576,Medium
EOS-01228,TCL Smart TV L774,TV,TCL,1025.86,3.2,350.0,116.0,7.0,12.0,464,Medium
EOS-01229,AOC Ultrawide Monitor V134,Monitor,AOC,1384.01,3.0,34.0,163.0,19.0,12.0,320,Low
EOS-01230,Amazfit Sports Watch C348,Smartwatch,Amazfit,455.21,4.4,366.0,153.0,0.0,12.0,412,Medium
EOS-01231,Bose Noise Cancelling Headphones L744,Headphones,Bose,176.75,4.3,76.0,76.0,12.0,12.0,575,Medium
EOS-01232,Dell Curved Monitor X864,Monitor,Dell,499.66,3.8,67.0,133.0,0.0,24.0,541,Medium
EOS-01233,Motorola Foldable Phone F155,Smartphone,Motorola,1176.74,4.0,30.0,139.0,9.0,12.0,327,Low
EOS-01234,Samsung Sports Watch X763,Smartwatch,Samsung,365.05,3.7,127.0,229.0,0.0,24.0,641,High
EOS-01235,Microsoft Retro Console V857,Gaming Console,Microsoft,386.74,4.6,253.0,168.0,27.0,24.0,404,Medium
EOS-01236,MSI Ultrabook L730,Laptop,MSI,1050.73,4.1,96.0,189.0,15.0,24.0,604,High
EOS-01237,Lenovo Pro Tablet O222,Tablet,Lenovo,608.47,4.1,265.0,143.0,11.0,12.0,619,High
EOS-01238,OnePlus Smartphone U565,Smartphone,OnePlus,704.2,5.0,412.0,74.0,41.0,24.0,369,Low
EOS-01239,Sony Gaming Headset Q885,Headphones,Sony,93.88,5.0,218.0,58.0,33.0,24.0,563,Medium
EOS-01240,Apple Ultrabook Y756,Laptop,Apple,690.22,3.8,162.0,150.0,28.0,24.0,595,Medium
EOS-01241,Samsung 5G Phone K657,Smartphone,Samsung,467.17,3.6,209.0,93.0,8.0,12.0,553,Medium
EOS-01242,HP Gaming Laptop L934,Laptop,HP,923.67,3.1,69.0,77.0,26.0,12.0,557,Medium
EOS-01243,Fujifilm Vlogging Camera U149,Camera,Fujifilm,1216.88,4.7,142.0,86.0,0.0,24.0,351,Low
EOS-01244,Lenovo Gaming Laptop R285,Laptop,Lenovo,1512.46,3.8,142.0,182.0,17.0,12.0,446,Medium
EOS-01245,Sony Noise Cancelling Headphones U359,Headphones,Sony,124.44,4.2,333.0,90.0,0.0,6.0,608,High
EOS-01246,Microsoft Pro Tablet H996,Tablet,Microsoft,372.61,4.0,48.0,119.0,44.0,12.0,800,High
EOS-01247,Sony Vlogging Camera W366,Camera,Sony,652.97,4.0,151.0,290.0,11.0,12.0,452,Medium
EOS-01248,Acer 2-in-1 Laptop N485,Laptop,Acer,1747.71,4.1,240.0,146.0,12.0,12.0,469,Medium
EOS-01249,LG Gaming Monitor G112,Monitor,LG,516.73,3.7,249.0,254.0,7.0,12.0,393,Low
EOS-01250,Razer Power Bank X543,Accessory,Razer,65.52,3.6,102.0,64.0,14.0,6.0,614,High
EOS-01251,Apple Smartphone F997,Smartphone,Apple,659.9,3.5,193.0,138.0,9.0,12.0,440,Medium
EOS-01252,MSI Creator Laptop I903,Laptop,MSI,1225.06,4.5,55.0,123.0,3.0,36.0,464,Medium
EOS-01253,Apple 2-in-1 Laptop Y576,Laptop,Apple,852.19,4.5,289.0,87.0,9.0,24.0,574,Medium
EOS-01254,Apple Hybrid Watch X668,Smartwatch,Apple,537.1,5.0,392.0,107.0,21.0,24.0,789,High
EOS-01255,Sony Gaming Headset V808,Headphones,Sony,145.02,3.9,279.0,0.0,0.0,12.0,449,Medium
EOS-01256,MSI Creator Laptop S488,Laptop,MSI,736.44,3.7,93.0,60.0,10.0,12.0,552,Medium
EOS-01257,Sony QLED TV A792,TV,Sony,964.63,3.3,142.0,70.0,13.0,24.0,328,Low
EOS-01258,Motorola Smartphone N181,Smartphone,Motorola,282.59,3.7,211.0,105.0,18.0,24.0,429,Medium
EOS-01259,Apple Studio Headphones A756,Headphones,Apple,262.66,3.8,91.0,258.0,6.0,24.0,458,Medium
EOS-01260,Amazfit Fitness Watch H306,Smartwatch,Amazfit,380.41,4.0,51.0,84.0,,12.0,557,Medium
EOS-01261,BenQ Curved Monitor H689,Monitor,BenQ,600.51,4.2,207.0,74.0,2.0,12.0,376,Low
EOS-01262,Samsung Smartphone W156,Smartphone,Samsung,745.21,4.8,173.0,122.0,21.0,12.0,559,Medium
EOS-01263,LG OLED TV O540,TV,LG,1370.53,2.9,79.0,86.0,29.0,36.0,719,High
EOS-01264,Google 5G Phone L187,Smartphone,Google,320.35,3.1,152.0,206.0,8.0,12.0,491,Medium
EOS-01265,Samsung Mini LED TV A548,TV,Samsung,1364.67,3.8,234.0,177.0,2.0,24.0,405,Medium
EOS-01266,Panasonic DSLR Camera I393,Camera,Panasonic,1652.08,4.6,121.0,251.0,13.0,24.0,528,Medium
EOS-01267,Samsung Smart TV X777,TV,Samsung,831.06,4.8,36.0,67.0,0.0,24.0,542,Medium
EOS-01268,HP Business Notebook V276,Laptop,HP,862.61,4.0,274.0,80.0,0.0,24.0,475,Medium
EOS-01269,Apple Smartwatch I378,Smartwatch,Apple,404.28,5.0,1984.0,72.0,0.0,12.0,618,High
EOS-01270,Sony DSLR Camera J532,Camera,Sony,1143.57,3.2,243.0,156.0,26.0,36.0,356,Low
EOS-01271,Motorola Smartphone P982,Smartphone,Motorola,,3.6,72.0,158.0,9.0,24.0,674,High
EOS-01272,Panasonic Mirrorless Camera Z185,Camera,Panasonic,1977.63,3.9,81.0,52.0,15.0,12.0,429,Medium
EOS-01273,Fujifilm Mirrorless Camera R542,Camera,Fujifilm,1369.27,4.2,,173.0,22.0,12.0,560,Medium
EOS-01274,Huawei Fitness Watch A969,Smartwatch,Huawei,512.54,3.4,346.0,94.0,8.0,24.0,321,Low
EOS-01275,TCL Mini LED TV S706,TV,TCL,1753.05,4.0,260.0,89.0,12.0,36.0,440,Medium
EOS-01276,Lenovo Creator Laptop X831,Laptop,Lenovo,450.0,3.7,345.0,225.0,12.0,24.0,566,Medium
EOS-01277,OnePlus Smartphone T264,Smartphone,OnePlus,613.28,4.2,228.0,55.0,31.0,12.0,445,Medium
EOS-01278,Sony Gaming Console Q798,Gaming Console,Sony,208.29,4.2,156.0,,14.0,24.0,706,High
EOS-01279,Acer Business Notebook J867,Laptop,Acer,581.9,4.2,124.0,72.0,18.0,24.0,754,High
EOS-01280,Apple Pro Smartphone O887,Smartphone,Apple,521.82,3.8,166.0,251.0,14.0,24.0,699,High
EOS-01281,LG Ultrawide Monitor K484,Monitor,LG,481.97,2.9,219.0,230.0,6.0,24.0,463,Medium
EOS-01282,Hisense 4K TV X225,TV,Hisense,1744.47,4.7,80.0,100.0,8.0,,501,Medium
EOS-01283,Samsung Hybrid Watch U279,Smartwatch,Samsung,594.41,3.8,54.0,261.0,,,263,Low
EOS-01284,TCL OLED TV U911,TV,TCL,934.49,3.7,116.0,95.0,10.0,36.0,289,Low
EOS-01285,AOC Curved Monitor B161,Monitor,AOC,504.13,4.1,99.0,62.0,11.0,36.0,549,Medium
EOS-01286,Dell 2-in-1 Laptop U115,Laptop,Dell,1212.42,4.2,66.0,122.0,6.0,12.0,444,Medium
EOS-01287,Asus Gaming Monitor T979,Monitor,Asus,598.94,,43.0,103.0,21.0,12.0,544,Medium
EOS-01288,Canon Instant Camera Z198,Camera,Canon,572.13,4.0,326.0,168.0,0.0,24.0,313,Low
EOS-01289,Sennheiser Studio Headphones R249,Headphones,Sennheiser,450.0,3.8,,67.0,25.0,6.0,256,Low
EOS-01290,Bose Gaming Headset O905,Headphones,Bose,138.78,3.7,80.0,247.0,8.0,6.0,443,Medium
EOS-01291,Philips OLED TV P601,TV,Philips,881.1,4.3,87.0,102.0,12.0,36.0,555,Medium
EOS-01292,HP Business Notebook S996,Laptop,HP,1020.3,3.6,291.0,118.0,16.0,12.0,611,High
EOS-01293,TCL 4K TV Y596,TV,TCL,1254.79,4.4,288.0,194.0,22.0,36.0,486,Medium
EOS-01294,Apple Sports Watch M751,Smartwatch,Apple,584.8,3.4,168.0,204.0,22.0,24.0,328,Low
EOS-01295,Motorola Budget Phone K908,Smartphone,Motorola,850.44,3.5,65.0,167.0,32.0,24.0,498,Medium
EOS-01296,Meta VR Bundle V498,Gaming Console,Meta,447.13,3.7,80.0,238.0,0.0,24.0,413,Medium
EOS-01297,Logitech Earbuds A441,Headphones,Logitech,218.74,3.9,213.0,190.0,0.0,12.0,332,Low
EOS-01298,Acer Business Notebook U930,Laptop,Acer,2367.82,3.5,48.0,248.0,13.0,36.0,493,Medium
EOS-01299,Canon Instant Camera L262,Camera,Canon,,3.7,366.0,160.0,0.0,36.0,452,Medium
EOS-01300,Sennheiser Earbuds Z923,Headphones,Sennheiser,189.63,4.1,63.0,44.0,0.0,24.0,387,Low
EOS-01301,Lenovo Creator Laptop M417,Laptop,Lenovo,1720.82,,245.0,0.0,32.0,24.0,424,Medium
EOS-01302,Microsoft Webcam Q762,Accessory,Microsoft,109.78,4.1,194.0,178.0,27.0,12.0,605,High
EOS-01303,MSI Ultrabook J139,Laptop,MSI,1169.04,3.5,122.0,165.0,6.0,12.0,268,Low
EOS-01304,Huawei Drawing Tablet V876,Tablet,Huawei,355.36,3.6,150.0,92.0,14.0,12.0,614,High
EOS-01305,Nikon Vlogging Camera Y693,Camera,Nikon,1172.09,4.7,23.0,153.0,14.0,36.0,429,Medium
EOS-01306,Dell Ultrawide Monitor V191,Monitor,Dell,651.59,3.9,70.0,215.0,0.0,36.0,379,Low
EOS-01307,Amazfit Fitness Watch T538,Smartwatch,Amazfit,357.1,4.3,181.0,39.0,2.0,12.0,481,Medium
EOS-01308,Sony Console Bundle O681,Gaming Console,Sony,232.81,3.7,57.0,118.0,24.0,24.0,664,High
EOS-01309,Belkin USB-C Hub J544,Accessory,Belkin,122.33,3.8,365.0,80.0,10.0,24.0,457,Medium
EOS-01310,Sony Vlogging Camera M914,Camera,Sony,997.06,3.4,53.0,203.0,20.0,12.0,415,Medium
EOS-01311,Amazfit Hybrid Watch B357,Smartwatch,Amazfit,549.36,3.5,85.0,27.0,9.0,24.0,370,Low
EOS-01312,Logitech Gaming Headset R483,Headphones,Logitech,409.94,3.6,134.0,81.0,31.0,12.0,325,Low
EOS-01313,LG Smart TV F323,TV,LG,1391.79,4.1,,191.0,32.0,12.0,809,High
EOS-01314,Belkin Webcam Z594,Accessory,Belkin,70.4,5.0,151.0,94.0,6.0,6.0,589,Medium
EOS-01315,Apple Pro Smartphone H316,Smartphone,Apple,532.09,3.4,72.0,193.0,10.0,24.0,443,Medium
EOS-01316,Asus Curved Monitor U883,Monitor,Asus,795.41,3.6,227.0,149.0,24.0,36.0,612,High
EOS-01317,Huawei GPS Watch E851,Smartwatch,Huawei,182.89,4.7,64.0,159.0,26.0,12.0,543,Medium
EOS-01318,Bose Studio Headphones I135,Headphones,Bose,110.89,3.5,124.0,0.0,29.0,6.0,474,Medium
EOS-01319,Philips OLED TV N629,TV,Philips,1091.61,4.0,169.0,129.0,0.0,12.0,465,Medium
EOS-01320,Sennheiser Earbuds C212,Headphones,Sennheiser,143.56,4.7,28.0,216.0,36.0,12.0,580,Medium
EOS-01321,AOC Ultrawide Monitor X263,Monitor,AOC,804.04,4.3,213.0,106.0,8.0,12.0,315,Low
EOS-01322,Huawei Mini Tablet Y646,Tablet,Huawei,,3.9,69.0,122.0,9.0,12.0,370,Low
EOS-01323,Huawei Mini Tablet F781,Tablet,Huawei,568.5,4.9,324.0,169.0,21.0,24.0,533,Medium
EOS-01324,Philips Mini LED TV F165,TV,Philips,1522.92,3.5,309.0,167.0,29.0,24.0,715,High
EOS-01325,Samsung 5G Phone X764,Smartphone,Samsung,530.1,3.1,195.0,0.0,10.0,12.0,197,Low
EOS-01326,Motorola 5G Phone Y210,Smartphone,Motorola,706.31,4.8,213.0,207.0,2.0,24.0,526,Medium
EOS-01327,Logitech Wireless Mouse T642,Accessory,Logitech,53.12,3.6,204.0,202.0,3.0,24.0,458,Medium
EOS-01328,Logitech Power Bank U620,Accessory,Logitech,173.41,3.4,291.0,6.0,4.0,6.0,365,Low
EOS-01329,Samsung Hybrid Watch N806,Smartwatch,Samsung,210.48,3.3,160.0,3.0,15.0,12.0,593,Medium
EOS-01330,Hisense Mini LED TV L443,TV,Hisense,1288.18,4.3,206.0,145.0,0.0,24.0,606,High
EOS-01331,Xiaomi 5G Phone X979,Smartphone,Xiaomi,534.24,3.3,,255.0,41.0,24.0,237,Low
EOS-01332,Huawei Hybrid Watch W783,Smartwatch,Huawei,181.42,4.0,170.0,149.0,22.0,12.0,690,High
EOS-01333,Bose Wireless Headphones B196,Headphones,Bose,195.23,4.2,413.0,216.0,9.0,6.0,394,Low
EOS-01334,Microsoft Wireless Mouse H450,Accessory,Microsoft,65.52,3.7,231.0,0.0,48.0,6.0,558,Medium
EOS-01335,Motorola Foldable Phone Y372,Smartphone,Motorola,412.9,4.7,35.0,104.0,3.0,24.0,365,Low
EOS-01336,Lenovo Ultrabook N725,Laptop,Lenovo,1304.79,,136.0,175.0,13.0,36.0,580,Medium
EOS-01337,Philips Mini LED TV L626,TV,Philips,1706.02,4.0,142.0,0.0,23.0,36.0,515,Medium
EOS-01338,Razer USB-C Hub C144,Accessory,Razer,28.44,3.9,79.0,153.0,9.0,6.0,692,High
EOS-01339,Garmin Sports Watch Q369,Smartwatch,Garmin,291.11,4.7,140.0,99.0,20.0,24.0,753,High
EOS-01340,Garmin Fitness Watch C257,Smartwatch,Garmin,288.41,4.6,270.0,248.0,10.0,12.0,406,Medium
EOS-01341,MSI Gaming Laptop M945,Laptop,MSI,1009.69,4.0,15.0,136.0,1.0,24.0,558,Medium
EOS-01342,LG Office Monitor M974,Monitor,LG,412.33,4.2,127.0,153.0,9.0,24.0,480,Medium
EOS-01343,Canon DSLR Camera V614,Camera,Canon,1134.09,4.3,116.0,30.0,0.0,36.0,370,Low
EOS-01344,OnePlus Foldable Phone J867,Smartphone,OnePlus,533.77,4.8,241.0,0.0,0.0,12.0,499,Medium
EOS-01345,Fitbit Smartwatch X278,Smartwatch,Fitbit,1209.1493028324285,4.2,94.0,100.0,22.0,12.0,598,Medium
EOS-01346,Philips Smart TV R876,TV,Philips,1922.49,4.2,96.0,207.0,6.0,12.0,662,High
EOS-01347,Logitech Earbuds S228,Headphones,Logitech,160.24,4.2,497.0,131.0,4.0,24.0,544,Medium
EOS-01348,JBL Wireless Headphones X167,Headphones,JBL,219.96,4.0,98.0,70.0,25.0,6.0,469,Medium
EOS-01349,Lenovo Gaming Laptop H785,Laptop,Lenovo,1376.1,2.9,52.0,80.0,0.0,36.0,413,Medium
EOS-01350,Xiaomi Budget Phone X940,Smartphone,,526.66,4.2,78.0,209.0,29.0,12.0,551,Medium
EOS-01351,Apple Pro Smartphone Y880,Smartphone,Apple,,3.9,362.0,81.0,24.0,24.0,655,High
EOS-01352,Razer Mechanical Keyboard Y434,Accessory,Razer,37.31,4.7,146.0,0.0,10.0,12.0,600,High
EOS-01353,Sony OLED TV U864,TV,Sony,821.87,4.0,401.0,121.0,42.0,24.0,680,High
EOS-01354,Fitbit Hybrid Watch C182,Smartwatch,Fitbit,376.27,3.9,101.0,21.0,0.0,24.0,280,Low
EOS-01355,Samsung Gaming Monitor E720,Monitor,Samsung,928.09,4.6,44.0,98.0,0.0,,307,Low
EOS-01356,Nintendo Retro Console X441,Gaming Console,Nintendo,527.96,3.9,225.0,99.0,37.0,24.0,392,Low
EOS-01357,JBL Noise Cancelling Headphones H806,Headphones,JBL,104.45,4.5,324.0,18.0,0.0,6.0,667,High
EOS-01358,HP 2-in-1 Laptop T662,Laptop,HP,3909.913984559761,4.3,129.0,170.0,9.0,24.0,616,High
EOS-01359,TCL 4K TV S423,TV,TCL,1466.32,4.3,293.0,176.0,0.0,12.0,568,Medium
EOS-01360,Nintendo VR Bundle Z472,Gaming Console,Nintendo,321.52,3.5,616.0,135.0,16.0,24.0,527,Medium
EOS-01361,Lenovo Mini Tablet I268,Tablet,Lenovo,749.32,4.3,325.0,219.0,14.0,12.0,307,Low
EOS-01362,Apple Budget Phone A386,Smartphone,Apple,308.54,4.9,99.0,99.0,3.0,24.0,551,Medium
EOS-01363,Sony Gaming Console S743,Gaming Console,Sony,209.92,3.7,107.0,233.0,11.0,24.0,668,High
EOS-01364,Apple Foldable Phone A309,Smartphone,Apple,614.46,4.5,,203.0,17.0,12.0,491,Medium
EOS-01365,Samsung 4K TV Q874,TV,Samsung,724.54,3.3,283.0,90.0,19.0,36.0,802,High
EOS-01366,Sony Console Bundle K517,Gaming Console,Sony,499.69,4.0,58.0,210.0,30.0,24.0,586,Medium
EOS-01367,Nikon Instant Camera M138,Camera,Nikon,1125.11,3.4,162.0,0.0,17.0,36.0,346,Low
EOS-01368,Apple Kids Tablet H776,Tablet,Apple,298.93,3.2,85.0,146.0,14.0,24.0,511,Medium
EOS-01369,Google Pro Smartphone W925,Smartphone,Google,437.94,3.7,70.0,187.0,14.0,12.0,371,Low
EOS-01370,JBL Gaming Headset I880,Headphones,JBL,281.82,4.2,289.0,58.0,2.0,12.0,577,Medium
EOS-01371,Samsung 5G Phone Q528,Smartphone,Samsung,1476.97,4.7,179.0,150.0,20.0,12.0,381,Low
EOS-01372,Valve Console Bundle C783,Gaming Console,Valve,476.1,4.2,843.0,53.0,11.0,24.0,369,Low
EOS-01373,Sony DSLR Camera X381,Camera,Sony,1593.94,3.6,39.0,170.0,18.0,24.0,298,Low
EOS-01374,Sony Mini LED TV P194,TV,Sony,731.55,3.8,189.0,145.0,14.0,12.0,519,Medium
EOS-01375,Apple Business Notebook R927,Laptop,Apple,1559.28,4.2,385.0,184.0,16.0,24.0,455,Medium
EOS-01376,Huawei Fitness Watch B315,Smartwatch,Huawei,577.15,4.4,141.0,155.0,22.0,12.0,517,Medium
EOS-01377,GoPro Action Camera O764,Camera,GoPro,,4.4,116.0,4.0,28.0,24.0,509,Medium
EOS-01378,Motorola 5G Phone S431,Smartphone,Motorola,627.94,4.4,418.0,69.0,3.0,24.0,742,High
EOS-01379,Canon Vlogging Camera W249,Camera,Canon,1346.98,3.7,119.0,98.0,15.0,24.0,477,Medium
EOS-01380,Sony DSLR Camera H491,Camera,Sony,783.48,4.0,304.0,282.0,14.0,24.0,559,Medium
EOS-01381,Logitech Wireless Headphones H259,Headphones,Logitech,140.31,4.2,169.0,80.0,5.0,12.0,585,Medium
EOS-01382,Fujifilm Instant Camera U332,Camera,Fujifilm,911.55,3.0,,57.0,,36.0,315,Low
EOS-01383,Bose Earbuds K941,Headphones,Bose,93.68,3.6,128.0,170.0,31.0,24.0,467,Medium
EOS-01384,MSI Ultrabook H991,Laptop,MSI,2678.14,4.6,270.0,136.0,11.0,12.0,339,Low
EOS-01385,Valve Gaming Console E221,Gaming Console,Valve,577.49,4.6,66.0,140.0,17.0,24.0,484,Medium
EOS-01386,Dell Business Notebook N525,Laptop,Dell,635.51,3.9,362.0,121.0,33.0,36.0,694,High
EOS-01387,Valve Console Bundle T576,Gaming Console,Valve,,4.2,171.0,48.0,18.0,24.0,597,Medium
EOS-01388,Belkin Power Bank Z920,Accessory,Belkin,76.9,4.0,198.0,222.0,0.0,12.0,460,Medium
EOS-01389,Huawei Fitness Watch W136,Smartwatch,Huawei,175.97,3.2,67.0,27.0,3.0,24.0,438,Medium
EOS-01390,Apple 5G Phone W522,Smartphone,Apple,397.95,4.9,192.0,158.0,19.0,12.0,677,High
EOS-01391,Hisense Mini LED TV I347,TV,Hisense,1312.84,5.0,8.0,149.0,12.0,24.0,460,Medium
EOS-01392,Dell Ultrabook Z300,Laptop,Dell,1086.23,4.3,87.0,181.0,20.0,12.0,3624,High
EOS-01393,Sennheiser Noise Cancelling Headphones O642,Headphones,Sennheiser,249.25,3.6,66.0,91.0,19.0,6.0,332,Low
EOS-01394,Apple Smartwatch P383,Smartwatch,Apple,311.62,4.1,434.0,63.0,21.0,12.0,462,Medium
EOS-01395,Google Smartphone Z470,Smartphone,Google,975.85,4.5,189.0,0.0,19.0,12.0,323,Low
EOS-01396,Meta Console Bundle D507,Gaming Console,Meta,354.76,4.3,123.0,239.0,21.0,24.0,378,Low
EOS-01397,Logitech Webcam D894,Accessory,Logitech,97.45,2.9,49.0,126.0,9.0,24.0,263,Low
EOS-01398,Apple Gaming Headset A735,Headphones,Apple,166.5,4.2,236.0,19.0,30.0,24.0,486,Medium
EOS-01399,Corsair Mechanical Keyboard D808,Accessory,Corsair,139.62,3.3,145.0,153.0,34.0,6.0,291,Low
EOS-01400,Lenovo Creator Laptop H672,Laptop,Lenovo,1042.31,4.1,65.0,47.0,10.0,36.0,258,Low
EOS-01401,Asus Office Monitor J197,Monitor,Asus,1174.32,4.2,188.0,191.0,20.0,36.0,267,Low
EOS-01402,Samsung Tablet N624,Tablet,Samsung,250.62,4.7,85.0,40.0,,12.0,399,Low
EOS-01403,JBL Earbuds P640,Headphones,JBL,130.75,4.6,63.0,111.0,20.0,12.0,601,High
EOS-01404,Lenovo Tablet H285,Tablet,Lenovo,976.03,3.1,209.0,232.0,23.0,12.0,345,Low
EOS-01405,Corsair Wireless Mouse C204,Accessory,Corsair,106.13,3.5,180.0,199.0,3.0,24.0,529,Medium
EOS-01406,Philips QLED TV Y103,TV,Philips,2063.24,5.0,329.0,226.0,32.0,24.0,610,High
EOS-01407,Apple Fitness Watch X787,Smartwatch,Apple,486.06,2.7,108.0,162.0,27.0,24.0,524,Medium
EOS-01408,TCL OLED TV D470,TV,TCL,705.29,5.0,245.0,16.0,3.0,24.0,405,Medium
EOS-01409,BenQ 4K Monitor B891,Monitor,BenQ,582.15,3.7,285.0,222.0,15.0,24.0,481,Medium
EOS-01410,Apple 5G Phone W687,Smartphone,Apple,399.24,2.9,173.0,122.0,0.0,24.0,405,Medium
EOS-01411,Samsung Curved Monitor C386,Monitor,Samsung,639.3,3.5,164.0,47.0,15.0,12.0,432,Medium
EOS-01412,Microsoft Retro Console I413,Gaming Console,Microsoft,599.59,3.9,11.0,162.0,23.0,24.0,431,Medium
EOS-01413,Asus Office Monitor T175,Monitor,Asus,,4.6,42.0,165.0,13.0,12.0,422,Medium
EOS-01414,Meta VR Bundle I826,Gaming Console,Meta,492.72,3.8,209.0,,37.0,24.0,456,Medium
EOS-01415,JBL Noise Cancelling Headphones I305,Headphones,JBL,323.47,4.5,69.0,234.0,0.0,24.0,415,Medium
EOS-01416,Microsoft Retro Console T475,Gaming Console,Microsoft,355.24,4.8,358.0,88.0,30.0,12.0,700,High
EOS-01417,Microsoft Wireless Mouse A747,Accessory,Microsoft,67.8,4.5,59.0,0.0,18.0,12.0,514,Medium
EOS-01418,Logitech Mechanical Keyboard L966,Accessory,Logitech,106.25,4.2,103.0,147.0,12.0,12.0,501,Medium
EOS-01419,Razer Mechanical Keyboard W985,Accessory,Razer,54.21,4.9,239.0,161.0,13.0,24.0,742,High
EOS-01420,Microsoft Mechanical Keyboard A355,Accessory,Microsoft,46.28,3.1,30.0,113.0,23.0,12.0,532,Medium
EOS-01421,Lenovo Drawing Tablet F896,Tablet,Lenovo,237.61,4.2,130.0,128.0,15.0,12.0,647,High
EOS-01422,Apple Hybrid Watch A913,Smartwatch,Apple,295.06,4.3,93.0,130.0,18.0,24.0,542,Medium
EOS-01423,Microsoft Webcam P597,Accessory,Microsoft,104.82,5.0,154.0,79.0,31.0,6.0,551,Medium
EOS-01424,MSI 2-in-1 Laptop P737,Laptop,MSI,1076.7,4.8,206.0,206.0,4.0,36.0,634,High
EOS-01425,Apple Gaming Headset X387,Headphones,Apple,279.09,3.6,81.0,152.0,0.0,24.0,322,Low
EOS-01426,Huawei Kids Tablet O132,Tablet,Huawei,412.67,3.6,176.0,213.0,3.0,12.0,539,Medium
EOS-01427,Samsung Budget Phone H580,Smartphone,Samsung,334.07,5.0,31.0,85.0,30.0,24.0,693,High
EOS-01428,Sony Gaming Headset C184,Headphones,Sony,141.7,3.6,206.0,137.0,27.0,6.0,549,Medium
EOS-01429,Lenovo Ultrabook P518,Laptop,Lenovo,1436.8,,214.0,184.0,23.0,36.0,388,Low
EOS-01430,BenQ 4K Monitor B737,Monitor,BenQ,1261.64,4.8,281.0,77.0,0.0,12.0,549,Medium
EOS-01431,Apple Creator Laptop Y970,Laptop,Apple,839.21,3.9,65.0,38.0,12.0,12.0,528,Medium
EOS-01432,Google Foldable Phone Q790,Smartphone,,464.4,3.9,481.0,167.0,9.0,12.0,743,High
EOS-01433,Fujifilm Action Camera T329,Camera,Fujifilm,284.6,3.6,589.0,244.0,10.0,24.0,513,Medium
EOS-01434,Motorola Foldable Phone O856,Smartphone,Motorola,905.63,3.7,185.0,104.0,4.0,24.0,638,High
EOS-01435,Logitech USB-C Hub C477,Accessory,Logitech,141.95,4.5,164.0,27.0,25.0,6.0,373,Low
EOS-01436,Apple Mini Tablet P726,Tablet,Apple,450.67,3.8,154.0,158.0,10.0,12.0,418,Medium
EOS-01437,Apple Earbuds Y357,Headphones,Apple,157.69,3.8,373.0,123.0,3.0,6.0,478,Medium
EOS-01438,OnePlus Pro Smartphone N451,Smartphone,OnePlus,534.81,3.3,186.0,90.0,6.0,24.0,422,Medium
EOS-01439,Motorola 5G Phone J182,Smartphone,Motorola,553.22,4.3,242.0,149.0,15.0,24.0,448,Medium
EOS-01440,Canon Instant Camera P836,Camera,Canon,2600.18,4.1,234.0,37.0,26.0,36.0,507,Medium
EOS-01441,Asus Business Notebook Q595,Laptop,Asus,966.14,4.6,228.0,146.0,6.0,36.0,568,Medium
EOS-01442,OnePlus Foldable Phone S987,Smartphone,OnePlus,851.17,2.6,227.0,211.0,22.0,24.0,327,Low
EOS-01443,Apple Pro Smartphone E426,Smartphone,Apple,307.01,3.2,162.0,127.0,9.0,12.0,414,Medium
EOS-01444,Nikon Instant Camera J187,Camera,Nikon,761.88,4.2,,185.0,0.0,12.0,631,High
EOS-01445,TCL 4K TV K524,TV,TCL,1116.0,3.5,103.0,88.0,3.0,36.0,653,High
EOS-01446,Logitech Power Bank W932,Accessory,Logitech,226.32,4.2,144.0,116.0,22.0,12.0,272,Low
EOS-01447,Apple Gaming Laptop S558,Laptop,Apple,731.04,4.7,294.0,223.0,12.0,12.0,844,High
EOS-01448,Google Pro Smartphone T966,Smartphone,Google,,4.5,349.0,111.0,8.0,24.0,686,High
EOS-01449,TCL QLED TV I167,TV,TCL,1599.52,3.4,132.0,189.0,11.0,24.0,335,Low
EOS-01450,OnePlus Budget Phone G207,Smartphone,OnePlus,412.56,4.2,141.0,212.0,27.0,12.0,741,High
EOS-01451,TCL Smart TV M493,TV,TCL,1141.98,4.7,261.0,56.0,12.0,24.0,739,High
EOS-01452,Microsoft Wireless Mouse M263,Accessory,Microsoft,67.4,3.9,307.0,290.0,3.0,6.0,747,High
EOS-01453,TCL Mini LED TV H520,TV,TCL,1329.32,3.3,448.0,111.0,3.0,36.0,532,Medium
EOS-01454,Asus 2-in-1 Laptop R597,Laptop,Asus,2025.32,3.9,83.0,164.0,16.0,24.0,429,Medium
EOS-01455,Samsung Smartwatch K136,Smartwatch,Samsung,589.55,3.1,77.0,78.0,10.0,12.0,233,Low
EOS-01456,Canon Action Camera N736,Camera,Canon,1262.9,4.3,134.0,99.0,7.0,12.0,543,Medium
EOS-01457,Fujifilm Instant Camera F245,Camera,Fujifilm,1331.05,4.1,225.0,0.0,7.0,12.0,451,Medium
EOS-01458,Logitech Gaming Headset F680,Headphones,Logitech,144.19,3.8,87.0,191.0,3.0,6.0,403,Medium
EOS-01459,Anker Power Bank J721,Accessory,Anker,122.89,3.9,227.0,168.0,0.0,6.0,369,Low
EOS-01460,Asus Gaming Monitor W903,Monitor,Asus,1093.76,4.4,24.0,257.0,48.0,24.0,360,Low
EOS-01461,JBL Wireless Headphones W894,Headphones,JBL,108.51,4.2,9.0,129.0,10.0,24.0,457,Medium
EOS-01462,Panasonic Mirrorless Camera V597,Camera,Panasonic,842.63,4.7,65.0,207.0,10.0,36.0,578,Medium
EOS-01463,MSI 2-in-1 Laptop N893,Laptop,MSI,469.39,3.9,371.0,18.0,17.0,36.0,417,Medium
EOS-01464,AOC Ultrawide Monitor V746,Monitor,AOC,563.62,4.1,101.0,171.0,29.0,36.0,480,Medium
EOS-01465,Huawei Tablet P379,Tablet,Huawei,1028.71,3.6,174.0,98.0,41.0,12.0,340,Low
EOS-01466,Bose Studio Headphones M546,Headphones,Bose,130.81,4.3,292.0,134.0,10.0,24.0,345,Low
EOS-01467,Logitech Power Bank D766,Accessory,Logitech,74.17,3.8,330.0,158.0,3.0,24.0,489,Medium
EOS-01468,TCL OLED TV Y103,TV,TCL,1233.65,5.0,154.0,174.0,19.0,24.0,346,Low
EOS-01469,Samsung Foldable Phone Y407,Smartphone,Samsung,916.25,3.1,61.0,122.0,21.0,24.0,384,Low
EOS-01470,Dell Gaming Laptop Z601,Laptop,Dell,2463.06,3.4,58.0,153.0,12.0,24.0,322,Low
EOS-01471,LG OLED TV V189,TV,LG,2397.03,4.3,22.0,93.0,15.0,12.0,500,Medium
EOS-01472,Philips QLED TV Y398,TV,Philips,1464.33,5.0,157.0,113.0,8.0,24.0,538,Medium
EOS-01473,Lenovo Mini Tablet B689,Tablet,Lenovo,322.45,3.5,144.0,93.0,17.0,24.0,723,High
EOS-01474,Amazfit Hybrid Watch X680,Smartwatch,Amazfit,326.59,3.9,96.0,163.0,0.0,24.0,527,Medium
EOS-01475,Motorola 5G Phone D789,Smartphone,Motorola,872.46,3.9,391.0,196.0,16.0,24.0,776,High
EOS-01476,Nintendo Retro Console X533,Gaming Console,Nintendo,459.49,4.8,342.0,289.0,26.0,12.0,619,High
EOS-01477,JBL Gaming Headset Q747,Headphones,JBL,185.81,3.9,46.0,101.0,39.0,24.0,3798,High
EOS-01478,Hisense 4K TV H943,TV,Hisense,2044.39,5.0,121.0,129.0,21.0,24.0,325,Low
EOS-01479,Belkin Wireless Mouse O576,Accessory,Belkin,94.13,3.9,271.0,159.0,27.0,6.0,372,Low
EOS-01480,Apple Smartphone C330,Smartphone,Apple,906.44,4.3,282.0,122.0,0.0,12.0,651,High
EOS-01481,Amazfit Fitness Watch Y902,Smartwatch,Amazfit,342.66,4.6,198.0,137.0,0.0,24.0,354,Low
EOS-01482,Corsair Power Bank X896,Accessory,Corsair,232.37,4.3,89.0,109.0,30.0,24.0,297,Low
EOS-01483,Sony Mirrorless Camera I581,Camera,Sony,890.05,4.2,148.0,110.0,9.0,24.0,470,Medium
EOS-01484,Sennheiser Noise Cancelling Headphones F191,Headphones,Sennheiser,179.48,4.8,310.0,225.0,33.0,24.0,726,High
EOS-01485,Asus Gaming Laptop H587,Laptop,Asus,1258.54,5.0,43.0,3.0,16.0,12.0,526,Medium
EOS-01486,Google Foldable Phone Z689,Smartphone,Google,707.86,3.5,139.0,195.0,30.0,12.0,562,Medium
EOS-01487,Lenovo Pro Tablet Q991,Tablet,Lenovo,266.68,,295.0,160.0,7.0,24.0,574,Medium
EOS-01488,OnePlus 5G Phone B541,Smartphone,OnePlus,801.12,5.0,79.0,242.0,26.0,12.0,560,Medium
EOS-01489,Microsoft Handheld Console H235,Gaming Console,Microsoft,395.19,4.9,58.0,86.0,10.0,24.0,624,High
EOS-01490,Dell Gaming Laptop B562,Laptop,Dell,570.84,4.6,75.0,153.0,14.0,36.0,554,Medium
EOS-01491,Apple Sports Watch N968,Smartwatch,Apple,430.18,3.6,535.0,137.0,11.0,12.0,370,Low
EOS-01492,Asus Ultrabook V139,Laptop,Asus,1628.98,3.8,215.0,52.0,1.0,36.0,495,Medium
EOS-01493,Nintendo VR Bundle F186,Gaming Console,Nintendo,180.0,4.0,214.0,253.0,2.0,24.0,587,Medium
EOS-01494,Valve Console Bundle B505,Gaming Console,Valve,180.0,3.9,77.0,36.0,19.0,24.0,372,Low
EOS-01495,Panasonic Instant Camera J736,Camera,Panasonic,1152.95,4.5,87.0,0.0,7.0,36.0,389,Low
EOS-01496,Google Budget Phone G613,Smartphone,Google,856.78,3.6,58.0,88.0,0.0,24.0,4176,Medium
EOS-01497,Meta Gaming Console P234,Gaming Console,Meta,233.76,3.5,309.0,83.0,21.0,24.0,426,Medium
EOS-01498,Apple Earbuds G826,Headphones,Apple,138.96,3.8,368.0,140.0,0.0,,416,Medium
EOS-01499,JBL Noise Cancelling Headphones L378,Headphones,JBL,93.89,4.1,213.0,8.0,11.0,12.0,617,High
EOS-01500,Apple Kids Tablet V979,Tablet,Apple,941.65,4.7,146.0,130.0,31.0,24.0,310,Low
EOS-01501,Motorola 5G Phone H142,Smartphone,Motorola,745.06,5.0,45.0,197.0,21.0,24.0,438,Medium
EOS-01502,Sony DSLR Camera V131,Camera,Sony,821.07,3.0,126.0,153.0,19.0,12.0,359,Low
EOS-01503,Razer Power Bank G475,Accessory,Razer,150.67,4.7,233.0,57.0,31.0,24.0,439,Medium
EOS-01504,Google Smartphone R830,Smartphone,Google,1320.68,4.2,91.0,71.0,25.0,12.0,289,Low
EOS-01505,Lenovo 2-in-1 Laptop P235,Laptop,Lenovo,,4.4,89.0,126.0,34.0,24.0,743,High
EOS-01506,Xiaomi Pro Smartphone Z290,Smartphone,Xiaomi,885.55,3.9,106.0,73.0,3.0,24.0,424,Medium
EOS-01507,Sony DSLR Camera P803,Camera,Sony,887.18,3.6,72.0,22.0,39.0,12.0,645,High
EOS-01508,LG 4K Monitor M991,Monitor,LG,325.64,3.9,74.0,83.0,37.0,12.0,916,High
EOS-01509,Apple Studio Headphones C249,Headphones,Apple,450.0,4.2,175.0,130.0,16.0,24.0,230,Low
EOS-01510,Lenovo Business Notebook R439,Laptop,Lenovo,1140.97,3.8,306.0,211.0,17.0,24.0,413,Medium
EOS-01511,Amazfit Sports Watch W585,Smartwatch,Amazfit,171.42,3.2,98.0,145.0,5.0,12.0,370,Low
EOS-01512,HP 2-in-1 Laptop M968,Laptop,HP,1707.52,4.4,53.0,153.0,16.0,36.0,512,Medium
EOS-01513,Lenovo Mini Tablet V616,Tablet,,430.87,4.2,160.0,51.0,19.0,12.0,655,High
EOS-01514,Logitech Earbuds L561,Headphones,Logitech,169.62,4.6,,222.0,18.0,12.0,299,Low
EOS-01515,Lenovo Tablet L359,Tablet,Lenovo,919.07,3.8,466.0,54.0,24.0,12.0,439,Medium
EOS-01516,Belkin Power Bank I803,Accessory,Belkin,115.68,4.9,128.0,93.0,32.0,24.0,270,Low
EOS-01517,Philips Smart TV T443,TV,Philips,1575.85,3.9,360.0,,28.0,12.0,507,Medium
EOS-01518,Belkin Power Bank R160,Accessory,Belkin,103.78,4.3,320.0,125.0,23.0,12.0,592,Medium
EOS-01519,Dell 2-in-1 Laptop Z928,Laptop,Dell,1676.3,4.7,575.0,97.0,,36.0,709,High
EOS-01520,Hisense 4K TV T555,TV,Hisense,1614.1,4.3,124.0,178.0,22.0,36.0,607,High
EOS-01521,Samsung Smart TV W243,TV,Samsung,2884.95,4.0,380.0,127.0,7.0,36.0,472,Medium
EOS-01522,Panasonic Vlogging Camera Q369,Camera,Panasonic,1042.46,4.4,74.0,279.0,8.0,36.0,500,Medium
EOS-01523,Acer Ultrabook X658,Laptop,Acer,1674.53,4.9,119.0,253.0,16.0,12.0,474,Medium
EOS-01524,Lenovo Creator Laptop I462,Laptop,Lenovo,819.69,3.8,12.0,184.0,19.0,12.0,446,Medium
EOS-01525,Apple Foldable Phone E560,Smartphone,Apple,569.51,5.0,80.0,184.0,3.0,24.0,534,Medium
EOS-01526,LG 4K Monitor O716,Monitor,LG,368.71,4.0,37.0,146.0,24.0,36.0,391,Low
EOS-01527,Lenovo Pro Tablet L720,Tablet,Lenovo,255.99,3.6,33.0,176.0,0.0,12.0,428,Medium
EOS-01528,Sony Gaming Console P413,Gaming Console,Sony,275.09,3.8,100.0,168.0,0.0,12.0,356,Low
EOS-01529,Samsung Foldable Phone R224,Smartphone,Samsung,820.4,3.6,77.0,21.0,9.0,12.0,293,Low
EOS-01530,Lenovo Gaming Laptop O159,Laptop,Lenovo,980.39,3.4,150.0,67.0,26.0,24.0,539,Medium
EOS-01531,Sony Instant Camera Z703,Camera,Sony,1036.15,4.0,104.0,146.0,24.0,36.0,517,Medium
EOS-01532,Motorola Pro Smartphone C739,Smartphone,Motorola,320.9,4.0,70.0,46.0,10.0,12.0,618,High
EOS-01533,TCL Mini LED TV J463,TV,TCL,1017.1,3.6,178.0,,30.0,24.0,561,Medium
EOS-01534,Nintendo Retro Console M301,Gaming Console,Nintendo,488.5,3.9,86.0,144.0,15.0,12.0,559,Medium
EOS-01535,Microsoft Retro Console V849,Gaming Console,Microsoft,271.0,,51.0,36.0,13.0,12.0,605,High
EOS-01536,Asus Business Notebook F271,Laptop,Asus,674.08,3.5,264.0,140.0,27.0,36.0,467,Medium
EOS-01537,Samsung Drawing Tablet C532,Tablet,Samsung,276.55,3.2,360.0,107.0,0.0,24.0,572,Medium
EOS-01538,Samsung Foldable Phone N525,Smartphone,Samsung,633.89,3.5,232.0,92.0,23.0,24.0,755,High
EOS-01539,Bose Wireless Headphones G599,Headphones,Bose,102.3,3.7,93.0,105.0,12.0,6.0,308,Low
EOS-01540,Apple Gaming Laptop H394,Laptop,Apple,1565.15,4.7,144.0,191.0,35.0,36.0,633,High
EOS-01541,Microsoft Webcam E920,Accessory,Microsoft,55.79,3.3,28.0,71.0,19.0,12.0,497,Medium
EOS-01542,Apple 2-in-1 Laptop V225,Laptop,Apple,830.2,3.9,135.0,207.0,19.0,36.0,338,Low
EOS-01543,Sony Retro Console H837,Gaming Console,Sony,391.25,5.0,208.0,180.0,28.0,12.0,466,Medium
EOS-01544,Nintendo VR Bundle U953,Gaming Console,Nintendo,454.38,3.4,36.0,113.0,3.0,24.0,485,Medium
EOS-01545,Dell 2-in-1 Laptop H766,Laptop,Dell,1634.2,4.5,191.0,251.0,9.0,24.0,539,Medium
EOS-01546,Sennheiser Wireless Headphones O332,Headphones,Sennheiser,91.39,3.0,267.0,111.0,25.0,24.0,524,Medium
EOS-01547,Samsung QLED TV C112,TV,Samsung,1538.73,4.2,143.0,192.0,0.0,24.0,409,Medium
EOS-01548,Sony Wireless Headphones I572,Headphones,Sony,411.32,4.0,51.0,75.0,0.0,6.0,242,Low
EOS-01549,Sony DSLR Camera U872,Camera,Sony,306.68,4.2,119.0,157.0,24.0,24.0,520,Medium
EOS-01550,Dell Office Monitor K198,Monitor,Dell,305.43,3.5,281.0,114.0,27.0,24.0,334,Low
EOS-01551,Apple 5G Phone J723,Smartphone,Apple,937.28,4.1,2548.0,39.0,18.0,12.0,590,Medium
EOS-01552,Nikon DSLR Camera T227,Camera,Nikon,639.37,4.7,310.0,126.0,17.0,36.0,293,Low
EOS-01553,Anker Webcam K108,Accessory,Anker,113.13,4.7,91.0,175.0,0.0,6.0,430,Medium
EOS-01554,JBL Earbuds Y148,Headphones,JBL,134.63,4.1,91.0,142.0,4.0,12.0,455,Medium
EOS-01555,OnePlus Budget Phone M287,Smartphone,OnePlus,453.5,4.0,213.0,193.0,3.0,12.0,423,Medium
EOS-01556,Google Pro Smartphone D832,Smartphone,Google,487.97,4.3,179.0,88.0,14.0,24.0,777,High
EOS-01557,Amazfit Sports Watch D642,Smartwatch,Amazfit,249.35,4.3,103.0,232.0,0.0,24.0,560,Medium
EOS-01558,Microsoft Power Bank H490,Accessory,Microsoft,68.35,3.8,111.0,141.0,7.0,6.0,653,High
EOS-01559,Google Foldable Phone M622,Smartphone,Google,1592.02,4.4,85.0,224.0,0.0,24.0,239,Low
EOS-01560,Apple Ultrabook F487,Laptop,Apple,1388.14,4.6,197.0,83.0,24.0,36.0,552,Medium
EOS-01561,Garmin GPS Watch U856,Smartwatch,Garmin,242.34,3.7,50.0,100.0,4.0,24.0,404,Medium
EOS-01562,Logitech Studio Headphones E116,Headphones,Logitech,243.39,3.8,149.0,227.0,30.0,12.0,345,Low
EOS-01563,Apple Studio Headphones Z838,Headphones,Apple,159.27,4.4,246.0,143.0,16.0,12.0,419,Medium
EOS-01564,Apple Pro Smartphone A455,Smartphone,Apple,836.01,4.7,345.0,77.0,0.0,24.0,718,High
EOS-01565,Sony Action Camera O149,Camera,Sony,1262.56,4.7,,88.0,2.0,12.0,545,Medium
EOS-01566,Apple Gaming Laptop H294,Laptop,Apple,1108.57,,18.0,94.0,28.0,24.0,391,Low
EOS-01567,Dell Gaming Laptop J674,Laptop,Dell,1141.83,2.5,83.0,84.0,10.0,36.0,291,Low
EOS-01568,Razer USB-C Hub A459,Accessory,Razer,85.98,3.4,157.0,114.0,19.0,12.0,475,Medium
EOS-01569,Google 5G Phone U432,Smartphone,Google,1440.4,4.6,175.0,80.0,21.0,12.0,394,Low
EOS-01570,TCL Smart TV W589,TV,TCL,1959.92,4.3,322.0,124.0,13.0,36.0,497,Medium
EOS-01571,Dell Business Notebook M616,Laptop,Dell,1460.5,4.4,198.0,49.0,28.0,36.0,517,Medium
EOS-01572,Microsoft VR Bundle S829,Gaming Console,Microsoft,390.36,3.7,130.0,226.0,17.0,24.0,500,Medium
EOS-01573,Xiaomi 5G Phone M200,Smartphone,Xiaomi,604.36,3.9,237.0,113.0,22.0,24.0,487,Medium
EOS-01574,Anker Power Bank M231,Accessory,Anker,89.17,4.8,28.0,280.0,20.0,6.0,480,Medium
EOS-01575,Lenovo Creator Laptop V731,Laptop,Lenovo,1469.71,5.0,160.0,245.0,0.0,36.0,553,Medium
EOS-01576,Huawei Pro Tablet G995,Tablet,Huawei,626.14,4.7,51.0,195.0,7.0,12.0,349,Low
EOS-01577,Valve Console Bundle O148,Gaming Console,Valve,402.58,3.3,212.0,71.0,19.0,24.0,519,Medium
EOS-01578,Microsoft Handheld Console P613,Gaming Console,Microsoft,180.0,4.0,102.0,36.0,8.0,12.0,656,High
EOS-01579,Asus Creator Laptop I111,Laptop,Asus,1120.11,4.4,293.0,64.0,19.0,12.0,561,Medium
EOS-01580,Bose Gaming Headset P300,Headphones,Bose,129.33,4.7,44.0,87.0,25.0,6.0,529,Medium
EOS-01581,Fitbit Smartwatch L296,Smartwatch,Fitbit,4052.3246921299046,4.0,86.0,260.0,8.0,12.0,385,Low
EOS-01582,Samsung Ultrawide Monitor P495,Monitor,Samsung,583.67,3.9,127.0,111.0,17.0,36.0,412,Medium
EOS-01583,Corsair USB-C Hub Z146,Accessory,Corsair,158.08,4.5,259.0,209.0,33.0,24.0,437,Medium
EOS-01584,Google 5G Phone N123,Smartphone,Google,459.75,4.9,60.0,37.0,3.0,12.0,604,High
EOS-01585,HP Creator Laptop F221,Laptop,HP,3200.0,4.8,191.0,114.0,6.0,12.0,344,Low
EOS-01586,Sony OLED TV Q453,TV,Sony,1535.12,3.8,35.0,107.0,23.0,12.0,578,Medium
EOS-01587,MSI 2-in-1 Laptop S204,Laptop,MSI,1519.46,3.0,133.0,146.0,5.0,24.0,565,Medium
EOS-01588,Apple Foldable Phone C507,Smartphone,Apple,1600.0,4.6,175.0,126.0,0.0,24.0,277,Low
EOS-01589,Sony Earbuds K763,Headphones,Sony,179.44,4.1,223.0,217.0,20.0,24.0,478,Medium
EOS-01590,Logitech Studio Headphones H171,Headphones,Logitech,199.78,4.2,158.0,184.0,20.0,24.0,558,Medium
EOS-01591,Logitech Studio Headphones R673,Headphones,Logitech,242.44,3.8,199.0,207.0,0.0,6.0,477,Medium
EOS-01592,Dell Creator Laptop L832,Laptop,Dell,1266.94,4.0,201.0,174.0,0.0,36.0,419,Medium
EOS-01593,Logitech Webcam M823,Accessory,Logitech,75.18,4.3,156.0,221.0,39.0,24.0,646,High
EOS-01594,Nintendo Handheld Console Q984,Gaming Console,Nintendo,180.0,4.8,85.0,114.0,5.0,24.0,509,Medium
EOS-01595,Apple Budget Phone Y879,Smartphone,Apple,324.6,3.6,243.0,66.0,7.0,24.0,497,Medium
EOS-01596,Apple Drawing Tablet C494,Tablet,Apple,200.36,3.1,287.0,0.0,24.0,24.0,605,High
EOS-01597,Meta Retro Console L622,Gaming Console,Meta,591.0,4.5,428.0,129.0,52.0,12.0,484,Medium
EOS-01598,Asus Ultrawide Monitor I843,Monitor,Asus,985.02,4.3,91.0,111.0,24.0,36.0,475,Medium
EOS-01599,Bose Earbuds B847,Headphones,Bose,101.29,4.5,155.0,47.0,24.0,24.0,507,Medium
EOS-01600,Panasonic Instant Camera F708,Camera,Panasonic,1116.44,3.3,65.0,34.0,0.0,12.0,437,Medium
EOS-01601,Logitech Noise Cancelling Headphones F485,Headphones,Logitech,209.91,,225.0,98.0,7.0,24.0,312,Low
EOS-01602,Sony Console Bundle O281,Gaming Console,,747.63,4.5,49.0,158.0,7.0,24.0,410,Medium
EOS-01603,Apple Fitness Watch E258,Smartwatch,Apple,314.09,3.4,119.0,211.0,33.0,12.0,521,Medium
EOS-01604,Xiaomi 5G Phone A179,Smartphone,Xiaomi,577.8,3.6,195.0,92.0,13.0,12.0,394,Low
EOS-01605,Samsung Smartphone Y225,Smartphone,Samsung,1550.67,5.0,100.0,195.0,7.0,12.0,399,Low
EOS-01606,Apple Tablet F418,Tablet,Apple,390.58,4.4,113.0,23.0,16.0,12.0,518,Medium
EOS-01607,Microsoft Webcam H401,Accessory,Microsoft,71.08,4.3,26.0,199.0,21.0,12.0,378,Low
EOS-01608,Huawei Fitness Watch B704,Smartwatch,Huawei,183.31,4.8,122.0,148.0,21.0,24.0,736,High
EOS-01609,OnePlus Budget Phone W169,Smartphone,OnePlus,775.54,4.8,290.0,0.0,24.0,12.0,522,Medium
EOS-01610,Anker Mechanical Keyboard I283,Accessory,Anker,75.29,4.4,583.0,84.0,17.0,24.0,778,High
EOS-01611,LG QLED TV G771,TV,LG,791.57,2.0,83.0,93.0,3.0,12.0,391,Low
EOS-01612,Dell 4K Monitor N525,Monitor,Dell,358.06,3.4,127.0,72.0,22.0,36.0,679,High
EOS-01613,Lenovo Pro Tablet Y721,Tablet,Lenovo,395.89,3.4,215.0,23.0,18.0,12.0,369,Low
EOS-01614,Samsung Smartwatch Q855,Smartwatch,Samsung,355.57,4.3,160.0,66.0,7.0,12.0,455,Medium
EOS-01615,Bose Wireless Headphones Q868,Headphones,Bose,124.4,4.8,147.0,145.0,2.0,6.0,744,High
EOS-01616,TCL 4K TV Q366,TV,TCL,2059.12,4.2,236.0,89.0,0.0,12.0,335,Low
EOS-01617,OnePlus Budget Phone V816,Smartphone,OnePlus,702.63,5.0,,96.0,4.0,12.0,523,Medium
EOS-01618,Microsoft Drawing Tablet A910,Tablet,Microsoft,236.37,4.8,57.0,161.0,15.0,24.0,467,Medium
EOS-01619,Google Smartphone J517,Smartphone,Google,459.44,5.0,47.0,124.0,11.0,12.0,585,Medium
EOS-01620,Samsung QLED TV F853,TV,Samsung,1400.96,3.6,,127.0,28.0,24.0,561,Medium
EOS-01621,AOC Gaming Monitor L229,Monitor,AOC,459.72,2.7,283.0,140.0,6.0,12.0,419,Medium
EOS-01622,Motorola Pro Smartphone H873,Smartphone,Motorola,764.26,3.6,86.0,60.0,25.0,12.0,417,Medium
EOS-01623,BenQ Office Monitor T457,Monitor,BenQ,1040.57,4.1,227.0,105.0,0.0,12.0,526,Medium
EOS-01624,Apple Pro Smartphone O744,Smartphone,Apple,231.45,4.6,68.0,210.0,12.0,24.0,855,High
EOS-01625,Microsoft Wireless Mouse Q681,Accessory,Microsoft,112.6,3.5,30.0,132.0,18.0,24.0,1970,Low
EOS-01626,BenQ Ultrawide Monitor H502,Monitor,BenQ,343.49,4.8,266.0,274.0,16.0,36.0,522,Medium
EOS-01627,Philips Mini LED TV Y717,TV,Philips,2336.22,4.0,325.0,75.0,0.0,,413,Medium
EOS-01628,Nikon Instant Camera S730,Camera,Nikon,547.26,3.9,491.0,301.0,24.0,12.0,657,High
EOS-01629,Apple Pro Smartphone B345,Smartphone,Apple,575.98,4.0,420.0,295.0,0.0,12.0,586,Medium
EOS-01630,Samsung Fitness Watch U270,Smartwatch,,183.76,3.2,169.0,112.0,4.0,12.0,614,High
EOS-01631,MSI 2-in-1 Laptop I222,Laptop,MSI,1506.91,3.7,170.0,133.0,20.0,24.0,412,Medium
EOS-01632,Fitbit Sports Watch B911,Smartwatch,Fitbit,229.02,4.6,137.0,53.0,16.0,24.0,782,High
EOS-01633,Apple Tablet B726,Tablet,Apple,320.09,2.5,109.0,72.0,12.0,24.0,570,Medium
EOS-01634,AOC Gaming Monitor V167,Monitor,AOC,737.12,3.9,424.0,195.0,14.0,36.0,292,Low
EOS-01635,Xiaomi Smartphone S206,Smartphone,Xiaomi,1028.2,3.5,258.0,133.0,22.0,24.0,431,Medium
EOS-01636,GoPro Mirrorless Camera R571,Camera,GoPro,659.76,,161.0,189.0,10.0,36.0,428,Medium
EOS-01637,Samsung Budget Phone A944,Smartphone,Samsung,852.66,3.6,272.0,224.0,29.0,24.0,432,Medium
EOS-01638,Samsung Smartphone X975,Smartphone,Samsung,312.08,4.1,158.0,187.0,2.0,12.0,673,High
EOS-01639,Huawei Hybrid Watch R958,Smartwatch,Huawei,288.23,4.1,219.0,149.0,2.0,12.0,585,Medium
EOS-01640,OnePlus Foldable Phone W813,Smartphone,OnePlus,488.77,3.8,49.0,145.0,0.0,24.0,348,Low
EOS-01641,JBL Gaming Headset Q836,Headphones,JBL,175.76,,283.0,221.0,29.0,12.0,255,Low
EOS-01642,Bose Earbuds S992,Headphones,Bose,219.79,4.0,474.0,102.0,41.0,6.0,391,Low
EOS-01643,Motorola 5G Phone E102,Smartphone,Motorola,584.33,4.0,155.0,23.0,10.0,12.0,584,Medium
EOS-01644,Acer Creator Laptop Y306,Laptop,Acer,2627.08,4.8,224.0,151.0,19.0,24.0,360,Low
EOS-01645,HP Business Notebook V718,Laptop,HP,1809.69,3.8,191.0,294.0,25.0,12.0,426,Medium
EOS-01646,Sony Mirrorless Camera M678,Camera,Sony,676.99,4.2,260.0,65.0,19.0,36.0,408,Medium
EOS-01647,Lenovo Business Notebook S441,Laptop,Lenovo,1262.55,3.8,240.0,148.0,21.0,24.0,625,High
EOS-01648,Dell 2-in-1 Laptop E357,Laptop,Dell,1738.17,3.4,116.0,171.0,29.0,36.0,565,Medium
EOS-01649,Amazfit Fitness Watch M285,Smartwatch,Amazfit,234.51,3.9,157.0,20.0,0.0,12.0,547,Medium
EOS-01650,MSI Ultrabook K466,Laptop,MSI,1486.37,4.7,298.0,,15.0,36.0,523,Medium
EOS-01651,Lenovo Gaming Laptop J972,Laptop,Lenovo,1345.84,4.7,137.0,314.0,16.0,12.0,799,High
EOS-01652,Apple Creator Laptop O347,Laptop,Apple,737.99,3.6,441.0,71.0,9.0,36.0,419,Medium
EOS-01653,AOC Curved Monitor S481,Monitor,AOC,958.41,4.7,135.0,255.0,0.0,,451,Medium
EOS-01654,Nintendo Console Bundle A975,Gaming Console,Nintendo,623.12,4.3,130.0,96.0,18.0,12.0,540,Medium
EOS-01655,Microsoft Handheld Console H179,Gaming Console,Microsoft,628.03,4.1,128.0,176.0,0.0,12.0,474,Medium
EOS-01656,Hisense Mini LED TV R164,TV,Hisense,513.91,4.4,22.0,207.0,8.0,36.0,550,Medium
EOS-01657,Asus Office Monitor Q208,Monitor,Asus,430.98,4.5,51.0,114.0,25.0,36.0,477,Medium
EOS-01658,Logitech Earbuds Z462,Headphones,Logitech,92.13,4.8,,115.0,13.0,24.0,515,Medium
EOS-01659,Sony Retro Console H659,Gaming Console,Sony,300.85,4.9,241.0,198.0,0.0,24.0,883,High
EOS-01660,Huawei GPS Watch V851,Smartwatch,Huawei,237.69,3.8,142.0,70.0,3.0,24.0,469,Medium
EOS-01661,Logitech Mechanical Keyboard I356,Accessory,Logitech,101.6,4.0,3870.0,195.0,38.0,24.0,370,Low
EOS-01662,BenQ Office Monitor S391,Monitor,BenQ,1430.91,4.2,116.0,212.0,14.0,36.0,278,Low
EOS-01663,HP Creator Laptop I861,Laptop,HP,976.95,3.6,83.0,96.0,4.0,12.0,582,Medium
EOS-01664,Valve Retro Console U453,Gaming Console,Valve,525.59,4.3,154.0,58.0,25.0,12.0,675,High
EOS-01665,Xiaomi Smartphone Y872,Smartphone,Xiaomi,1039.78,2.6,475.0,164.0,20.0,12.0,232,Low
EOS-01666,OnePlus Budget Phone M637,Smartphone,OnePlus,605.57,3.4,232.0,267.0,11.0,12.0,332,Low
EOS-01667,Apple Wireless Headphones X418,Headphones,Apple,138.76,3.2,231.0,189.0,11.0,6.0,502,Medium
EOS-01668,Panasonic Vlogging Camera N814,Camera,Panasonic,,3.7,89.0,65.0,12.0,12.0,538,Medium
EOS-01669,Anker Mechanical Keyboard G204,Accessory,Anker,70.45,5.0,491.0,232.0,11.0,6.0,506,Medium
EOS-01670,Valve Console Bundle A706,Gaming Console,Valve,686.96,4.2,113.0,31.0,4.0,12.0,471,Medium
EOS-01671,HP Ultrabook F872,Laptop,HP,2376.83,3.6,199.0,169.0,7.0,24.0,534,Medium
EOS-01672,Samsung Ultrawide Monitor M193,Monitor,Samsung,339.22,4.5,188.0,142.0,8.0,36.0,812,High
EOS-01673,Corsair Power Bank A950,Accessory,Corsair,112.29,5.0,66.0,0.0,21.0,24.0,539,Medium
EOS-01674,Apple Earbuds A603,Headphones,Apple,324.44,3.5,183.0,206.0,21.0,24.0,393,Low
EOS-01675,Samsung Sports Watch U146,Smartwatch,Samsung,577.67,3.7,187.0,306.0,42.0,12.0,483,Medium
EOS-01676,Sony Gaming Headset N541,Headphones,Sony,79.87,4.1,144.0,124.0,10.0,12.0,700,High
EOS-01677,Samsung Budget Phone F318,Smartphone,Samsung,243.35,5.0,181.0,69.0,1.0,12.0,645,High
EOS-01678,Nintendo Gaming Console W866,Gaming Console,Nintendo,427.85,,43.0,160.0,38.0,24.0,628,High
EOS-01679,Samsung OLED TV Z727,TV,Samsung,1037.89,3.8,269.0,183.0,21.0,24.0,634,High
EOS-01680,MSI Creator Laptop J113,Laptop,MSI,1544.48,3.6,66.0,73.0,22.0,12.0,382,Low
EOS-01681,Samsung Budget Phone V608,Smartphone,Samsung,530.01,4.6,244.0,50.0,2.0,12.0,428,Medium
EOS-01682,Samsung 5G Phone M624,Smartphone,,368.08,3.3,254.0,212.0,16.0,24.0,515,Medium
EOS-01683,Corsair Webcam R213,Accessory,Corsair,58.82,3.9,374.0,37.0,10.0,24.0,543,Medium
EOS-01684,Samsung Fitness Watch H132,Smartwatch,Samsung,284.83,4.7,308.0,127.0,29.0,24.0,719,High
EOS-01685,AOC Curved Monitor U295,Monitor,,992.93,4.8,105.0,222.0,0.0,12.0,408,Medium
EOS-01686,Xiaomi Smartphone Q799,Smartphone,Xiaomi,477.99,5.0,201.0,,0.0,24.0,559,Medium
EOS-01687,Nikon Vlogging Camera P520,Camera,Nikon,1072.61,3.7,47.0,0.0,20.0,24.0,419,Medium
EOS-01688,Apple Ultrabook J734,Laptop,Apple,1133.76,3.6,171.0,209.0,11.0,12.0,458,Medium
EOS-01689,JBL Studio Headphones J487,Headphones,JBL,,5.0,209.0,74.0,43.0,24.0,556,Medium
EOS-01690,MSI Gaming Laptop X217,Laptop,,2702.67,3.4,231.0,95.0,27.0,24.0,209,Low
EOS-01691,Lenovo Tablet G624,Tablet,Lenovo,1128.43,4.3,151.0,201.0,36.0,24.0,353,Low
EOS-01692,MSI Ultrabook Z307,Laptop,MSI,1669.85,4.5,276.0,166.0,5.0,12.0,355,Low
EOS-01693,Google Smartphone N158,Smartphone,Google,421.7,3.3,482.0,153.0,0.0,24.0,466,Medium
EOS-01694,Xiaomi Pro Smartphone J683,Smartphone,Xiaomi,409.47,3.9,135.0,106.0,26.0,12.0,522,Medium
EOS-01695,Apple Earbuds G482,Headphones,Apple,202.43,4.7,58.0,225.0,12.0,24.0,495,Medium
EOS-01696,Microsoft Mechanical Keyboard Q271,Accessory,Microsoft,42.02,3.8,51.0,119.0,10.0,6.0,662,High
EOS-01697,Panasonic Vlogging Camera N653,Camera,Panasonic,536.31,3.9,231.0,163.0,30.0,24.0,626,High
EOS-01698,Microsoft USB-C Hub Z558,Accessory,Microsoft,391.9370083603557,2.9,202.0,,0.0,24.0,478,Medium
EOS-01699,Sennheiser Wireless Headphones R407,Headphones,Sennheiser,143.6,4.4,63.0,302.0,12.0,6.0,329,Low
EOS-01700,Amazfit Hybrid Watch Q431,Smartwatch,Amazfit,2201.8160052830094,3.3,290.0,76.0,17.0,24.0,395,Low
EOS-01701,TCL QLED TV L966,TV,TCL,1042.17,4.6,211.0,96.0,0.0,12.0,516,Medium
EOS-01702,Belkin Mechanical Keyboard B231,Accessory,Belkin,212.66,4.5,227.0,104.0,0.0,6.0,185,Low
EOS-01703,BenQ Office Monitor D934,Monitor,BenQ,1204.51,4.6,69.0,173.0,3.0,12.0,385,Low
EOS-01704,BenQ 4K Monitor O743,Monitor,BenQ,469.34,3.4,265.0,150.0,0.0,24.0,361,Low
EOS-01705,Apple Kids Tablet Z391,Tablet,Apple,438.74,3.6,215.0,124.0,6.0,12.0,362,Low
EOS-01706,Samsung Pro Tablet B371,Tablet,Samsung,209.46,3.6,67.0,288.0,14.0,24.0,473,Medium
EOS-01707,Dell Curved Monitor E535,Monitor,Dell,451.81,3.3,84.0,127.0,16.0,12.0,467,Medium
EOS-01708,Google Budget Phone U719,Smartphone,Google,278.87,5.0,255.0,257.0,17.0,12.0,653,High
EOS-01709,Garmin Smartwatch X167,Smartwatch,Garmin,178.08,4.2,117.0,97.0,10.0,24.0,677,High
EOS-01710,Xiaomi Pro Smartphone J930,Smartphone,Xiaomi,507.32,4.3,155.0,130.0,20.0,12.0,412,Medium
EOS-01711,Microsoft Handheld Console C716,Gaming Console,Microsoft,227.9,4.6,276.0,103.0,1.0,12.0,413,Medium
EOS-01712,Samsung Fitness Watch K530,Smartwatch,Samsung,383.23,4.2,203.0,218.0,26.0,24.0,485,Medium
EOS-01713,JBL Earbuds I960,Headphones,JBL,63.48,4.3,299.0,181.0,31.0,12.0,804,High
EOS-01714,Sony Vlogging Camera A831,Camera,Sony,940.14,4.0,394.0,185.0,18.0,36.0,321,Low
EOS-01715,Apple Ultrabook S673,Laptop,Apple,523.02,4.2,131.0,62.0,12.0,12.0,437,Medium
EOS-01716,Fitbit Sports Watch J678,Smartwatch,Fitbit,324.85,3.8,71.0,13.0,29.0,24.0,516,Medium
EOS-01717,JBL Gaming Headset Q529,Headphones,JBL,127.91,5.0,290.0,225.0,29.0,24.0,577,Medium
EOS-01718,Samsung GPS Watch T811,Smartwatch,Samsung,255.95,4.6,40.0,0.0,2.0,12.0,485,Medium
EOS-01719,Lenovo Tablet W357,Tablet,Lenovo,529.8,3.8,228.0,255.0,28.0,24.0,480,Medium
EOS-01720,Logitech Power Bank K171,Accessory,Logitech,172.13,4.0,600.0,35.0,40.0,12.0,547,Medium
EOS-01721,Samsung Ultrawide Monitor N241,Monitor,Samsung,985.67,4.2,424.0,131.0,29.0,12.0,441,Medium
EOS-01722,Apple Drawing Tablet R370,Tablet,Apple,654.58,4.1,190.0,0.0,34.0,24.0,557,Medium
EOS-01723,Motorola 5G Phone Y349,Smartphone,Motorola,352.84,4.0,340.0,60.0,15.0,24.0,464,Medium
EOS-01724,Samsung Tablet H401,Tablet,Samsung,359.71,2.8,291.0,151.0,18.0,24.0,382,Low
EOS-01725,Valve Console Bundle Q350,Gaming Console,Valve,592.44,3.2,148.0,65.0,12.0,12.0,435,Medium
EOS-01726,Meta Retro Console L338,Gaming Console,Meta,420.98,4.1,64.0,218.0,7.0,24.0,299,Low
EOS-01727,OnePlus Smartphone S941,Smartphone,OnePlus,357.35,3.8,85.0,42.0,0.0,24.0,467,Medium
EOS-01728,Sony Action Camera X949,Camera,Sony,522.39,3.1,85.0,148.0,0.0,12.0,440,Medium
EOS-01729,Sony Smart TV H811,TV,Sony,2188.38,3.8,364.0,128.0,13.0,36.0,401,Medium
EOS-01730,Apple Smartwatch C794,Smartwatch,Apple,172.21,3.4,174.0,93.0,6.0,12.0,632,High
EOS-01731,Razer Wireless Mouse L318,Accessory,Razer,77.0,3.7,70.0,191.0,0.0,6.0,383,Low
EOS-01732,Google Pro Smartphone N577,Smartphone,Google,485.8,3.7,345.0,121.0,7.0,12.0,519,Medium
EOS-01733,Panasonic Instant Camera T800,Camera,Panasonic,867.16,3.7,272.0,240.0,27.0,36.0,529,Medium
EOS-01734,Apple Gaming Laptop C337,Laptop,Apple,3149.6,4.5,167.0,173.0,23.0,12.0,311,Low
EOS-01735,Razer Power Bank Z841,Accessory,Razer,47.23,3.6,166.0,244.0,11.0,12.0,605,High
EOS-01736,Huawei GPS Watch L266,Smartwatch,Huawei,189.3,4.2,143.0,176.0,12.0,24.0,582,Medium
EOS-01737,Lenovo Gaming Laptop U457,Laptop,Lenovo,863.94,3.8,34.0,34.0,27.0,36.0,566,Medium
EOS-01738,Sony Studio Headphones F479,Headphones,Sony,285.43,5.0,30.0,134.0,8.0,6.0,438,Medium
EOS-01739,Apple Fitness Watch F308,Smartwatch,Apple,261.71,3.0,109.0,196.0,14.0,12.0,291,Low
EOS-01740,Nintendo Gaming Console T740,Gaming Console,Nintendo,338.89,3.5,124.0,184.0,23.0,12.0,523,Medium
EOS-01741,Samsung Tablet D172,Tablet,Samsung,800.9,3.4,89.0,140.0,22.0,12.0,450,Medium
EOS-01742,Apple Sports Watch F602,Smartwatch,Apple,316.32,4.3,135.0,207.0,12.0,24.0,569,Medium
EOS-01743,Bose Gaming Headset O938,Headphones,Bose,282.78,4.4,11.0,89.0,15.0,12.0,399,Low
EOS-01744,Apple Wireless Headphones U531,Headphones,Apple,231.61,4.5,232.0,165.0,2.0,6.0,390,Low
EOS-01745,Samsung Drawing Tablet N342,Tablet,Samsung,318.53,4.6,87.0,204.0,9.0,12.0,548,Medium
EOS-01746,Garmin Smartwatch W727,Smartwatch,Garmin,154.56,4.0,232.0,196.0,10.0,12.0,431,Medium
EOS-01747,Bose Studio Headphones O735,Headphones,Bose,100.68,3.1,75.0,,,6.0,486,Medium
EOS-01748,Lenovo Business Notebook W154,Laptop,Lenovo,2106.33,4.8,28.0,84.0,21.0,24.0,389,Low
EOS-01749,Valve VR Bundle P975,Gaming Console,Valve,401.33,4.1,154.0,253.0,23.0,24.0,514,Medium
EOS-01750,Sennheiser Gaming Headset V504,Headphones,Sennheiser,202.25,3.6,257.0,187.0,22.0,12.0,465,Medium
EOS-01751,Apple Smartphone C235,Smartphone,Apple,1600.0,4.5,255.0,107.0,13.0,24.0,231,Low
EOS-01752,Microsoft Retro Console S672,Gaming Console,Microsoft,340.33,3.9,63.0,58.0,18.0,24.0,588,Medium
EOS-01753,Motorola Pro Smartphone K531,Smartphone,Motorola,539.41,4.5,195.0,97.0,27.0,24.0,605,High
EOS-01754,Apple Smartphone V860,Smartphone,Apple,986.17,3.7,223.0,157.0,24.0,12.0,484,Medium
EOS-01755,Lenovo Kids Tablet W848,Tablet,Lenovo,213.55,4.3,326.0,139.0,12.0,12.0,514,Medium
EOS-01756,Apple Studio Headphones Z368,Headphones,Apple,176.33,3.8,153.0,210.0,9.0,24.0,468,Medium
EOS-01757,Samsung Smartwatch F188,Smartwatch,Samsung,359.31,4.7,406.0,87.0,0.0,12.0,284,Low
EOS-01758,OnePlus Budget Phone K751,Smartphone,OnePlus,364.2,3.1,144.0,0.0,6.0,24.0,430,Medium
EOS-01759,Asus Office Monitor E692,Monitor,Asus,292.37,3.9,171.0,172.0,,24.0,679,High
EOS-01760,Anker Webcam S925,Accessory,Anker,151.21,5.0,188.0,80.0,41.0,6.0,322,Low
EOS-01761,Apple Gaming Laptop J682,Laptop,Apple,1027.08,3.6,20.0,110.0,0.0,12.0,457,Medium
EOS-01762,Apple Smartphone P188,Smartphone,Apple,608.0,4.4,293.0,82.0,22.0,24.0,452,Medium
EOS-01763,OnePlus Pro Smartphone P555,Smartphone,OnePlus,1241.14,4.6,172.0,157.0,7.0,24.0,212,Low
EOS-01764,Nikon DSLR Camera T226,Camera,Nikon,969.83,3.5,118.0,116.0,5.0,24.0,489,Medium
EOS-01765,Dell Ultrawide Monitor X131,Monitor,Dell,1032.75,3.5,23.0,85.0,2.0,36.0,243,Low
EOS-01766,Samsung Smartphone Q715,Smartphone,Samsung,,4.1,89.0,128.0,31.0,12.0,488,Medium
EOS-01767,Dell Ultrabook F902,Laptop,Dell,873.2,4.9,240.0,162.0,0.0,36.0,601,High
EOS-01768,Nikon Vlogging Camera D926,Camera,Nikon,979.2,4.5,186.0,249.0,24.0,36.0,360,Low
EOS-01769,Nikon Mirrorless Camera W254,Camera,Nikon,591.36,4.0,198.0,117.0,19.0,24.0,648,High
EOS-01770,Sony Noise Cancelling Headphones V803,Headphones,Sony,354.41,4.7,,0.0,2.0,24.0,379,Low
EOS-01771,Acer Gaming Laptop N340,Laptop,Acer,702.97,4.5,,179.0,16.0,24.0,718,High
EOS-01772,Bose Noise Cancelling Headphones U138,Headphones,Bose,107.57,4.6,269.0,180.0,22.0,12.0,381,Low
EOS-01773,Lenovo Creator Laptop M964,Laptop,Lenovo,1373.46,3.4,176.0,64.0,0.0,36.0,507,Medium
EOS-01774,Fitbit GPS Watch D428,Smartwatch,Fitbit,202.07,,179.0,55.0,10.0,12.0,474,Medium
EOS-01775,Sony VR Bundle H891,Gaming Console,Sony,205.64,3.6,367.0,189.0,28.0,12.0,492,Medium
EOS-01776,Motorola Smartphone W737,Smartphone,Motorola,703.47,4.2,146.0,0.0,30.0,24.0,412,Medium
EOS-01777,Garmin Smartwatch S818,Smartwatch,Garmin,208.31,3.5,117.0,0.0,16.0,12.0,620,High
EOS-01778,Lenovo Business Notebook M537,Laptop,Lenovo,1411.7,4.7,54.0,255.0,3.0,36.0,575,Medium
EOS-01779,Google Budget Phone M188,Smartphone,Google,815.45,4.4,25.0,0.0,27.0,,552,Medium
EOS-01780,Garmin Fitness Watch N671,Smartwatch,Garmin,434.35,5.0,45.0,100.0,9.0,24.0,463,Medium
EOS-01781,Nintendo Gaming Console M270,Gaming Console,Nintendo,434.32,4.3,278.0,105.0,20.0,12.0,418,Medium
EOS-01782,LG Gaming Monitor Y660,Monitor,LG,735.02,3.8,82.0,120.0,32.0,36.0,550,Medium
EOS-01783,Acer Business Notebook Y366,Laptop,Acer,897.82,3.6,148.0,30.0,9.0,24.0,541,Medium
EOS-01784,Microsoft Webcam M207,Accessory,Microsoft,84.33,4.3,176.0,113.0,33.0,12.0,439,Medium
EOS-01785,Apple Pro Smartphone B899,Smartphone,Apple,765.29,4.2,112.0,273.0,8.0,24.0,326,Low
EOS-01786,Apple Studio Headphones B904,Headphones,Apple,157.82,4.6,80.0,136.0,20.0,12.0,587,Medium
EOS-01787,OnePlus Budget Phone L707,Smartphone,OnePlus,480.2,4.2,100.0,113.0,2.0,12.0,353,Low
EOS-01788,Xiaomi Pro Smartphone I687,Smartphone,Xiaomi,843.83,4.6,132.0,0.0,24.0,12.0,595,Medium
EOS-01789,Valve VR Bundle B465,Gaming Console,Valve,467.09,4.2,159.0,204.0,8.0,12.0,287,Low
EOS-01790,Samsung Pro Smartphone K365,Smartphone,Samsung,535.61,4.4,197.0,248.0,23.0,12.0,587,Medium
EOS-01791,Sony Noise Cancelling Headphones M422,Headphones,Sony,278.79,4.6,262.0,1.0,15.0,6.0,317,Low
EOS-01792,AOC Ultrawide Monitor S363,Monitor,AOC,571.03,,307.0,103.0,17.0,24.0,604,High
EOS-01793,Microsoft Pro Tablet F164,Tablet,Microsoft,589.42,3.9,13.0,80.0,35.0,24.0,262,Low
EOS-01794,Xiaomi Pro Smartphone X925,Smartphone,Xiaomi,778.53,3.8,298.0,15.0,0.0,24.0,400,Medium
EOS-01795,BenQ Ultrawide Monitor Q608,Monitor,BenQ,459.6,4.0,139.0,258.0,9.0,36.0,658,High
EOS-01796,Microsoft Wireless Mouse U908,Accessory,Microsoft,87.5,3.4,150.0,172.0,36.0,6.0,347,Low
EOS-01797,Canon DSLR Camera Q132,Camera,Canon,1920.65,4.1,,7.0,18.0,12.0,334,Low
EOS-01798,Meta Handheld Console X460,Gaming Console,Meta,451.98,3.9,93.0,120.0,26.0,12.0,493,Medium
EOS-01799,Samsung 5G Phone U755,Smartphone,Samsung,790.84,3.9,170.0,21.0,19.0,12.0,522,Medium
EOS-01800,Razer USB-C Hub O576,Accessory,Razer,43.32,4.2,,197.0,3.0,6.0,637,High
EOS-01801,Xiaomi Smartphone S590,Smartphone,Xiaomi,463.55,4.6,778.0,42.0,8.0,24.0,444,Medium
EOS-01802,Sony Noise Cancelling Headphones D775,Headphones,Sony,106.48,3.6,108.0,80.0,22.0,6.0,454,Medium
EOS-01803,Razer Wireless Mouse U452,Accessory,Razer,60.68,4.4,112.0,116.0,0.0,6.0,482,Medium
EOS-01804,Belkin Power Bank J971,Accessory,Belkin,174.62,5.0,135.0,60.0,0.0,6.0,448,Medium
EOS-01805,Philips OLED TV Y649,TV,Philips,2740.81,4.0,88.0,120.0,33.0,12.0,514,Medium
EOS-01806,Nintendo VR Bundle M670,Gaming Console,Nintendo,336.98,4.6,110.0,112.0,20.0,12.0,662,High
EOS-01807,Meta Handheld Console J307,Gaming Console,Meta,561.44,4.5,130.0,236.0,16.0,12.0,408,Medium
EOS-01808,Lenovo Drawing Tablet A182,Tablet,Lenovo,224.22,4.3,291.0,0.0,11.0,24.0,653,High
EOS-01809,Razer USB-C Hub D196,Accessory,Razer,63.19,3.6,499.0,195.0,20.0,12.0,806,High
EOS-01810,AOC Office Monitor W696,Monitor,AOC,436.9,4.5,179.0,207.0,31.0,36.0,447,Medium
EOS-01811,Corsair Power Bank V183,Accessory,Corsair,52.32,5.0,134.0,50.0,26.0,6.0,460,Medium
EOS-01812,Corsair Webcam V232,Accessory,Corsair,108.69,3.6,287.0,88.0,25.0,6.0,465,Medium
EOS-01813,Panasonic Vlogging Camera E131,Camera,Panasonic,1511.88,4.2,195.0,108.0,33.0,36.0,373,Low
EOS-01814,Xiaomi Smartphone L165,Smartphone,Xiaomi,761.65,3.1,247.0,142.0,38.0,12.0,432,Medium
EOS-01815,Lenovo Pro Tablet P120,Tablet,Lenovo,592.69,3.8,101.0,94.0,31.0,12.0,379,Low
EOS-01816,Microsoft Mini Tablet N781,Tablet,Microsoft,913.41,4.5,350.0,132.0,5.0,12.0,516,Medium
EOS-01817,Samsung Gaming Monitor H116,Monitor,Samsung,288.41,4.3,380.0,23.0,40.0,36.0,502,Medium
EOS-01818,Samsung 4K TV H820,TV,Samsung,920.53,4.0,91.0,192.0,8.0,24.0,473,Medium
EOS-01819,Asus Gaming Laptop U909,Laptop,Asus,1309.07,3.9,55.0,157.0,10.0,12.0,321,Low
EOS-01820,Sony Mini LED TV R657,TV,Sony,778.34,4.1,45.0,155.0,32.0,12.0,602,High
EOS-01821,Logitech Wireless Mouse E201,Accessory,Logitech,,3.6,187.0,95.0,8.0,24.0,302,Low
EOS-01822,Meta Handheld Console D243,Gaming Console,Meta,476.2,4.4,132.0,85.0,22.0,24.0,404,Medium
EOS-01823,Samsung Budget Phone E115,Smartphone,Samsung,881.35,3.8,279.0,148.0,0.0,24.0,341,Low
EOS-01824,Samsung 5G Phone N821,Smartphone,Samsung,435.95,4.4,447.0,83.0,6.0,12.0,368,Low
EOS-01825,Sony QLED TV O281,TV,Sony,2567.91,4.1,65.0,25.0,0.0,12.0,513,Medium
EOS-01826,Microsoft Mechanical Keyboard T876,Accessory,Microsoft,76.32,3.7,190.0,139.0,22.0,6.0,614,High
EOS-01827,Microsoft Power Bank I323,Accessory,Microsoft,46.75,3.8,309.0,110.0,11.0,12.0,695,High
EOS-01828,HP Creator Laptop A715,Laptop,HP,1790.9,3.4,431.0,0.0,34.0,36.0,400,Medium
EOS-01829,Asus Business Notebook D146,Laptop,Asus,948.68,3.8,99.0,148.0,19.0,36.0,422,Medium
EOS-01830,Google Budget Phone V197,Smartphone,Google,945.11,3.7,230.0,100.0,0.0,24.0,289,Low
EOS-01831,Lenovo Tablet O847,Tablet,Lenovo,514.56,4.5,109.0,40.0,0.0,12.0,385,Low
EOS-01832,Dell Ultrawide Monitor G643,Monitor,Dell,193.91,4.5,296.0,65.0,18.0,24.0,577,Medium
EOS-01833,Huawei Kids Tablet R318,Tablet,Huawei,932.8,4.6,233.0,124.0,0.0,24.0,385,Low
EOS-01834,Acer Business Notebook P682,Laptop,Acer,1256.88,3.5,143.0,176.0,10.0,24.0,447,Medium
EOS-01835,GoPro DSLR Camera K551,Camera,GoPro,,4.5,43.0,182.0,10.0,24.0,506,Medium
EOS-01836,LG Office Monitor O643,Monitor,LG,590.62,3.4,211.0,83.0,0.0,12.0,524,Medium
EOS-01837,Canon DSLR Camera K663,Camera,Canon,1013.01,4.1,62.0,7.0,21.0,36.0,337,Low
EOS-01838,Hisense Smart TV W840,TV,Hisense,1430.06,4.3,120.0,74.0,10.0,24.0,302,Low
EOS-01839,LG Gaming Monitor P293,Monitor,LG,297.14,3.6,323.0,168.0,20.0,12.0,672,High
EOS-01840,Sony Noise Cancelling Headphones B877,Headphones,Sony,150.69,4.2,76.0,163.0,8.0,24.0,345,Low
EOS-01841,Samsung Kids Tablet A724,Tablet,Samsung,1088.95,4.0,350.0,129.0,13.0,,366,Low
EOS-01842,BenQ Curved Monitor D986,Monitor,BenQ,703.76,4.6,216.0,124.0,10.0,24.0,524,Medium
EOS-01843,GoPro Action Camera M813,Camera,GoPro,888.8,5.0,167.0,138.0,11.0,24.0,820,High
EOS-01844,LG OLED TV T741,TV,LG,2104.65,4.0,180.0,92.0,19.0,24.0,369,Low
EOS-01845,Huawei Sports Watch F284,Smartwatch,Huawei,471.13,3.1,138.0,163.0,2.0,24.0,422,Medium
EOS-01846,Logitech Wireless Headphones U634,Headphones,Logitech,197.02,4.7,143.0,125.0,16.0,6.0,377,Low
EOS-01847,Valve VR Bundle P407,Gaming Console,Valve,888.21,3.4,328.0,114.0,14.0,24.0,301,Low
EOS-01848,Samsung 4K TV H126,TV,Samsung,1086.87,2.8,160.0,0.0,10.0,12.0,480,Medium
EOS-01849,AOC Ultrawide Monitor P271,Monitor,AOC,518.79,5.0,175.0,101.0,23.0,24.0,407,Medium
EOS-01850,Sony OLED TV M930,TV,Sony,1550.07,4.0,50.0,173.0,28.0,36.0,521,Medium
EOS-01851,OnePlus 5G Phone J714,Smartphone,OnePlus,653.67,4.9,178.0,132.0,2.0,12.0,449,Medium
EOS-01852,Lenovo Ultrabook N749,Laptop,Lenovo,852.81,4.2,50.0,,11.0,24.0,563,Medium
EOS-01853,Razer USB-C Hub O752,Accessory,Razer,79.38,4.2,145.0,133.0,14.0,12.0,533,Medium
EOS-01854,Samsung Foldable Phone Q473,Smartphone,Samsung,361.75,3.5,601.0,215.0,25.0,12.0,690,High
EOS-01855,Acer Gaming Laptop D335,Laptop,Acer,1144.06,4.0,144.0,251.0,0.0,12.0,550,Medium
EOS-01856,Apple Kids Tablet O754,Tablet,Apple,217.25,5.0,68.0,56.0,0.0,12.0,416,Medium
EOS-01857,Microsoft Wireless Mouse T352,Accessory,Microsoft,81.84,2.6,99.0,55.0,21.0,12.0,360,Low
EOS-01858,Samsung Drawing Tablet N972,Tablet,,794.26,3.5,205.0,118.0,20.0,24.0,406,Medium
EOS-01859,Garmin Hybrid Watch I811,Smartwatch,Garmin,417.96,3.8,217.0,98.0,27.0,12.0,680,High
EOS-01860,Sennheiser Earbuds M253,Headphones,Sennheiser,169.53,4.1,146.0,220.0,8.0,24.0,610,High
EOS-01861,HP Business Notebook T555,Laptop,HP,1154.54,4.4,124.0,109.0,29.0,24.0,608,High
EOS-01862,OnePlus Pro Smartphone B718,Smartphone,OnePlus,643.31,5.0,107.0,138.0,25.0,24.0,469,Medium
EOS-01863,Bose Wireless Headphones J911,Headphones,Bose,259.23,4.3,50.0,164.0,33.0,24.0,595,Medium
EOS-01864,LG Ultrawide Monitor E803,Monitor,LG,561.82,4.8,52.0,130.0,13.0,12.0,488,Medium
EOS-01865,Garmin Fitness Watch L302,Smartwatch,Garmin,183.46,3.0,290.0,103.0,7.0,12.0,346,Low
EOS-01866,AOC 4K Monitor N897,Monitor,,423.96,4.5,100.0,152.0,24.0,36.0,535,Medium
EOS-01867,MSI Creator Laptop G306,Laptop,MSI,1098.78,3.9,407.0,280.0,,36.0,496,Medium
EOS-01868,MSI Gaming Laptop I722,Laptop,MSI,1355.3,5.0,155.0,66.0,18.0,36.0,753,High
EOS-01869,Asus Creator Laptop Z546,Laptop,Asus,812.98,4.5,120.0,171.0,31.0,36.0,501,Medium
EOS-01870,Dell Office Monitor H733,Monitor,Dell,392.55,4.1,98.0,149.0,6.0,24.0,363,Low
EOS-01871,Bose Earbuds I267,Headphones,Bose,183.82,3.6,120.0,0.0,10.0,6.0,391,Low
EOS-01872,Samsung Smart TV B113,TV,Samsung,1507.4,4.4,197.0,150.0,0.0,36.0,488,Medium
EOS-01873,Philips 4K TV T962,TV,Philips,1077.51,3.7,113.0,23.0,22.0,12.0,417,Medium
EOS-01874,LG Office Monitor T704,Monitor,LG,370.02,4.5,243.0,147.0,6.0,24.0,679,High
EOS-01875,Microsoft VR Bundle Y136,Gaming Console,Microsoft,274.69,3.7,233.0,199.0,0.0,12.0,330,Low
EOS-01876,Microsoft USB-C Hub J440,Accessory,Microsoft,45.15,3.4,189.0,74.0,8.0,6.0,562,Medium
EOS-01877,GoPro Action Camera L193,Camera,GoPro,640.56,4.6,48.0,,13.0,12.0,613,High
EOS-01878,Amazfit Sports Watch P853,Smartwatch,Amazfit,389.6,4.5,157.0,183.0,18.0,24.0,465,Medium
EOS-01879,Motorola Pro Smartphone C479,Smartphone,Motorola,662.14,4.1,268.0,150.0,12.0,12.0,500,Medium
EOS-01880,Huawei Smartwatch B865,Smartwatch,Huawei,273.79,4.3,180.0,218.0,23.0,12.0,525,Medium
EOS-01881,Acer Creator Laptop F519,Laptop,Acer,980.45,4.4,224.0,258.0,6.0,36.0,382,Low
EOS-01882,Dell 4K Monitor O754,Monitor,Dell,345.87,3.1,195.0,165.0,11.0,12.0,567,Medium
EOS-01883,Fitbit Fitness Watch N564,Smartwatch,Fitbit,236.67,4.1,79.0,100.0,18.0,12.0,535,Medium
EOS-01884,Sennheiser Noise Cancelling Headphones C753,Headphones,Sennheiser,204.55,3.8,172.0,242.0,19.0,24.0,471,Medium
EOS-01885,Microsoft Mini Tablet N947,Tablet,Microsoft,515.93,3.5,136.0,115.0,14.0,24.0,492,Medium
EOS-01886,Lenovo Creator Laptop G859,Laptop,Lenovo,559.56,3.4,99.0,33.0,4.0,36.0,576,Medium
EOS-01887,Philips QLED TV E814,TV,Philips,2382.26,3.8,55.0,,12.0,24.0,445,Medium
EOS-01888,Microsoft Mini Tablet F661,Tablet,Microsoft,338.26,4.1,173.0,186.0,15.0,12.0,508,Medium
EOS-01889,GoPro Instant Camera B514,Camera,GoPro,657.65,,70.0,63.0,27.0,36.0,610,High
EOS-01890,Microsoft Mini Tablet J484,Tablet,Microsoft,1300.0,4.0,238.0,80.0,14.0,24.0,409,Medium
EOS-01891,Microsoft Retro Console F319,Gaming Console,Microsoft,340.14,4.3,155.0,190.0,21.0,12.0,791,High
EOS-01892,Razer Power Bank M592,Accessory,Razer,51.09,4.6,310.0,179.0,11.0,12.0,658,High
EOS-01893,OnePlus Smartphone T992,Smartphone,OnePlus,508.93,3.4,103.0,158.0,29.0,12.0,389,Low
EOS-01894,Sony Vlogging Camera T135,Camera,Sony,1106.64,4.3,180.0,73.0,7.0,12.0,353,Low
EOS-01895,Lenovo Drawing Tablet D587,Tablet,Lenovo,590.41,4.0,9.0,222.0,24.0,12.0,449,Medium
EOS-01896,Microsoft Tablet K119,Tablet,Microsoft,490.76,3.7,347.0,20.0,29.0,24.0,648,High
EOS-01897,Google 5G Phone D757,Smartphone,Google,820.31,3.8,255.0,124.0,13.0,24.0,452,Medium
EOS-01898,Sony Earbuds W229,Headphones,Sony,198.32,4.8,171.0,140.0,8.0,6.0,521,Medium
EOS-01899,Huawei Mini Tablet H261,Tablet,Huawei,238.21,3.9,149.0,224.0,,24.0,513,Medium
EOS-01900,Lenovo 2-in-1 Laptop J697,Laptop,Lenovo,1008.87,4.2,8.0,212.0,2.0,36.0,482,Medium
EOS-01901,Garmin Fitness Watch Z958,Smartwatch,Garmin,276.81,5.0,87.0,216.0,24.0,12.0,677,High
EOS-01902,Logitech Earbuds R121,Headphones,Logitech,149.11,3.7,301.0,98.0,7.0,24.0,335,Low
EOS-01903,Apple Hybrid Watch H485,Smartwatch,Apple,439.65,3.6,215.0,225.0,13.0,12.0,461,Medium
EOS-01904,Dell Ultrabook G382,Laptop,Dell,1258.23,4.3,192.0,,3.0,36.0,509,Medium
EOS-01905,Samsung Ultrawide Monitor S162,Monitor,Samsung,548.36,4.1,244.0,3.0,28.0,12.0,533,Medium
EOS-01906,Huawei Drawing Tablet V718,Tablet,Huawei,597.4,4.7,184.0,75.0,31.0,12.0,884,High
EOS-01907,Nintendo Retro Console R752,Gaming Console,Nintendo,442.18,,88.0,110.0,5.0,12.0,445,Medium
EOS-01908,Sony Console Bundle T509,Gaming Console,Sony,447.78,3.4,291.0,0.0,36.0,24.0,550,Medium
EOS-01909,Apple Budget Phone E403,Smartphone,Apple,751.06,3.8,47.0,39.0,8.0,24.0,436,Medium
EOS-01910,Sony Gaming Headset G288,Headphones,Sony,296.64,3.2,413.0,128.0,,6.0,394,Low
EOS-01911,Anker Mechanical Keyboard N224,Accessory,,117.65,4.6,76.0,61.0,0.0,6.0,502,Medium
EOS-01912,Amazfit Sports Watch G865,Smartwatch,Amazfit,416.73,3.1,138.0,34.0,0.0,12.0,391,Low
EOS-01913,TCL Smart TV N377,TV,TCL,1429.72,4.7,14.0,122.0,21.0,36.0,490,Medium
EOS-01914,Acer Ultrabook X455,Laptop,Acer,1242.27,3.5,202.0,61.0,17.0,12.0,566,Medium
EOS-01915,Panasonic Action Camera P695,Camera,Panasonic,1040.98,4.0,230.0,82.0,20.0,36.0,710,High
EOS-01916,Dell Office Monitor B991,Monitor,Dell,1035.41,4.7,531.0,148.0,12.0,36.0,286,Low
EOS-01917,Canon Mirrorless Camera V709,Camera,Canon,757.12,4.0,60.0,165.0,0.0,24.0,414,Medium
EOS-01918,Hisense Mini LED TV A713,TV,Hisense,1445.45,4.2,101.0,125.0,12.0,24.0,469,Medium
EOS-01919,Lenovo Kids Tablet J953,Tablet,Lenovo,864.92,3.9,51.0,223.0,15.0,24.0,408,Medium
EOS-01920,Xiaomi Smartphone S693,Smartphone,Xiaomi,342.26,,208.0,42.0,3.0,12.0,480,Medium
EOS-01921,Meta Handheld Console B701,Gaming Console,Meta,500.4,3.9,123.0,50.0,5.0,24.0,403,Medium
EOS-01922,Logitech Power Bank H270,Accessory,Logitech,90.7,3.8,197.0,298.0,28.0,24.0,457,Medium
EOS-01923,Apple 5G Phone I831,Smartphone,Apple,338.92,3.7,95.0,46.0,26.0,12.0,441,Medium
EOS-01924,Bose Studio Headphones W300,Headphones,Bose,154.41,3.5,87.0,122.0,31.0,6.0,567,Medium
EOS-01925,Dell Gaming Laptop W651,Laptop,Dell,708.66,4.2,255.0,165.0,0.0,24.0,424,Medium
EOS-01926,Xiaomi Pro Smartphone Z815,Smartphone,Xiaomi,361.95,4.2,212.0,157.0,0.0,12.0,475,Medium
EOS-01927,Anker Wireless Mouse U691,Accessory,Anker,66.19,4.2,527.0,125.0,4.0,12.0,489,Medium
EOS-01928,Lenovo Pro Tablet A431,Tablet,Lenovo,291.25,5.0,436.0,219.0,11.0,24.0,440,Medium
EOS-01929,Bose Studio Headphones R479,Headphones,Bose,180.07,4.3,139.0,139.0,20.0,6.0,386,Low
EOS-01930,Huawei Tablet U671,Tablet,Huawei,357.38,3.4,264.0,173.0,0.0,12.0,531,Medium
EOS-01931,Sony Studio Headphones Q568,Headphones,Sony,336.88,4.3,84.0,199.0,17.0,24.0,327,Low
EOS-01932,Lenovo Business Notebook A307,Laptop,Lenovo,3200.0,4.5,275.0,156.0,16.0,36.0,213,Low
EOS-01933,Dell Gaming Laptop H911,Laptop,Dell,1193.34,4.1,144.0,,14.0,,476,Medium
EOS-01934,Sennheiser Studio Headphones Q161,Headphones,Sennheiser,131.95,4.2,108.0,206.0,11.0,12.0,465,Medium
EOS-01935,Sony Instant Camera O900,Camera,Sony,784.75,3.9,287.0,66.0,12.0,36.0,612,High
EOS-01936,AOC Ultrawide Monitor T507,Monitor,AOC,592.47,4.0,340.0,64.0,17.0,12.0,528,Medium
EOS-01937,Apple 2-in-1 Laptop C521,Laptop,Apple,2405.93,4.2,162.0,241.0,20.0,12.0,2634,Medium
EOS-01938,Apple Smartwatch W759,Smartwatch,Apple,351.35,5.0,297.0,13.0,16.0,24.0,496,Medium
EOS-01939,Fitbit Smartwatch W838,Smartwatch,Fitbit,1172.4741275445401,4.3,81.0,258.0,26.0,24.0,668,High
EOS-01940,Apple Hybrid Watch R668,Smartwatch,Apple,245.58,3.4,115.0,43.0,0.0,24.0,457,Medium
EOS-01941,Apple Foldable Phone E970,Smartphone,Apple,1056.88,4.4,152.0,156.0,11.0,24.0,531,Medium
EOS-01942,JBL Noise Cancelling Headphones T692,Headphones,JBL,95.32,4.0,130.0,208.0,4.0,12.0,595,Medium
EOS-01943,Amazfit Sports Watch H288,Smartwatch,Amazfit,696.46,3.7,43.0,175.0,5.0,24.0,287,Low
EOS-01944,Apple Pro Smartphone B449,Smartphone,Apple,465.59,4.1,120.0,166.0,10.0,12.0,519,Medium
EOS-01945,Panasonic DSLR Camera B187,Camera,Panasonic,922.77,3.6,62.0,176.0,23.0,24.0,416,Medium
EOS-01946,Dell 2-in-1 Laptop C130,Laptop,Dell,2241.51,5.0,21.0,149.0,17.0,12.0,519,Medium
EOS-01947,Logitech Mechanical Keyboard E804,Accessory,Logitech,105.4,3.5,296.0,97.0,7.0,6.0,493,Medium
EOS-01948,Fitbit Smartwatch G901,Smartwatch,Fitbit,813.62,4.8,117.0,106.0,19.0,12.0,210,Low
EOS-01949,Asus 2-in-1 Laptop A533,Laptop,Asus,1165.14,4.2,64.0,192.0,18.0,12.0,652,High
EOS-01950,Samsung GPS Watch Z462,Smartwatch,Samsung,362.84,4.1,73.0,180.0,15.0,12.0,535,Medium
EOS-01951,OnePlus 5G Phone H817,Smartphone,OnePlus,348.41,4.1,299.0,198.0,21.0,24.0,656,High
EOS-01952,Apple Foldable Phone U633,Smartphone,Apple,677.96,4.6,132.0,15.0,11.0,24.0,425,Medium
EOS-01953,Apple Tablet B420,Tablet,Apple,366.44,4.2,159.0,259.0,19.0,12.0,748,High
EOS-01954,Apple GPS Watch M487,Smartwatch,Apple,374.9,3.9,86.0,137.0,7.0,24.0,481,Medium
EOS-01955,Motorola Foldable Phone A594,Smartphone,Motorola,921.94,4.3,148.0,165.0,4.0,12.0,558,Medium
EOS-01956,Hisense QLED TV Z900,TV,Hisense,1447.32,,52.0,171.0,0.0,36.0,377,Low
EOS-01957,Huawei Smartwatch T383,Smartwatch,Huawei,865.54,3.5,88.0,199.0,19.0,24.0,216,Low
EOS-01958,Sennheiser Earbuds U851,Headphones,Sennheiser,244.39,3.1,350.0,107.0,14.0,6.0,298,Low
EOS-01959,Apple Hybrid Watch Z782,Smartwatch,Apple,329.97,3.6,77.0,85.0,0.0,24.0,315,Low
EOS-01960,BenQ 4K Monitor J928,Monitor,BenQ,328.02,4.3,293.0,230.0,2.0,36.0,446,Medium
EOS-01961,Apple Studio Headphones C400,Headphones,Apple,100.35,4.0,209.0,11.0,16.0,24.0,435,Medium
EOS-01962,Samsung Smartwatch Q798,Smartwatch,Samsung,,4.2,31.0,102.0,4.0,12.0,380,Low
EOS-01963,Samsung Foldable Phone O785,Smartphone,Samsung,870.41,4.8,325.0,217.0,8.0,12.0,600,High
EOS-01964,Microsoft Kids Tablet K485,Tablet,Microsoft,311.63,3.5,128.0,1.0,10.0,24.0,495,Medium
EOS-01965,Samsung Smartwatch Q343,Smartwatch,Samsung,731.89,3.6,28.0,195.0,0.0,12.0,291,Low
EOS-01966,AOC Office Monitor G448,Monitor,AOC,309.82,4.7,62.0,57.0,8.0,12.0,736,High
EOS-01967,Sony DSLR Camera V492,Camera,Sony,,5.0,189.0,66.0,12.0,24.0,527,Medium
EOS-01968,Huawei Mini Tablet D946,Tablet,Huawei,773.33,3.9,114.0,52.0,0.0,12.0,509,Medium
EOS-01969,Motorola Foldable Phone G676,Smartphone,Motorola,563.28,3.5,480.0,36.0,44.0,12.0,772,High
EOS-01970,Sony Noise Cancelling Headphones N498,Headphones,Sony,220.28,4.0,147.0,102.0,21.0,24.0,574,Medium
EOS-01971,Samsung Kids Tablet R175,Tablet,Samsung,580.38,4.8,67.0,75.0,25.0,12.0,398,Low
EOS-01972,Dell 2-in-1 Laptop Z479,Laptop,Dell,2050.29,,87.0,185.0,13.0,36.0,482,Medium
EOS-01973,Samsung Smart TV O656,TV,Samsung,1601.89,3.9,469.0,160.0,0.0,36.0,406,Medium
EOS-01974,Google Smartphone M557,Smartphone,Google,639.71,2.7,116.0,79.0,1.0,24.0,351,Low
EOS-01975,Google Pro Smartphone G543,Smartphone,Google,590.27,4.9,172.0,86.0,17.0,12.0,606,High
EOS-01976,Samsung Mini Tablet O788,Tablet,Samsung,376.99,4.1,112.0,317.0,8.0,12.0,548,Medium
EOS-01977,HP Creator Laptop C251,Laptop,HP,1404.28,,250.0,61.0,9.0,12.0,549,Medium
EOS-01978,OnePlus Smartphone F236,Smartphone,OnePlus,655.09,5.0,247.0,117.0,14.0,12.0,471,Medium
EOS-01979,Valve Handheld Console G394,Gaming Console,Valve,385.62,4.0,431.0,277.0,9.0,24.0,442,Medium
EOS-01980,Sony OLED TV I892,TV,Sony,908.98,2.9,67.0,132.0,0.0,12.0,291,Low
EOS-01981,Google Foldable Phone B817,Smartphone,Google,1012.17,3.8,104.0,,24.0,24.0,433,Medium
EOS-01982,Lenovo Ultrabook F445,Laptop,Lenovo,1032.61,3.8,196.0,120.0,25.0,24.0,730,High
EOS-01983,Dell Creator Laptop Y542,Laptop,Dell,1086.72,3.6,160.0,211.0,1.0,36.0,512,Medium
EOS-01984,BenQ 4K Monitor A558,Monitor,BenQ,495.24,4.5,243.0,38.0,18.0,36.0,642,High
EOS-01985,OnePlus Smartphone O591,Smartphone,OnePlus,590.45,3.8,9.0,154.0,14.0,24.0,443,Medium
EOS-01986,TCL QLED TV U614,TV,TCL,765.18,3.7,422.0,83.0,0.0,36.0,581,Medium
EOS-01987,GoPro Action Camera I725,Camera,GoPro,708.92,3.1,245.0,127.0,20.0,12.0,614,High
EOS-01988,Nikon DSLR Camera N622,Camera,Nikon,,3.2,370.0,252.0,14.0,24.0,563,Medium
EOS-01989,Samsung Curved Monitor F580,Monitor,Samsung,596.15,4.8,47.0,105.0,38.0,24.0,645,High
EOS-01990,Huawei Fitness Watch Z407,Smartwatch,Huawei,,3.9,311.0,207.0,30.0,24.0,491,Medium
EOS-01991,Lenovo Drawing Tablet U548,Tablet,Lenovo,707.45,4.5,118.0,105.0,17.0,12.0,358,Low
EOS-01992,Microsoft Tablet P269,Tablet,Microsoft,614.44,4.0,235.0,69.0,21.0,12.0,644,High
EOS-01993,Xiaomi Smartphone G664,Smartphone,Xiaomi,666.31,3.9,75.0,300.0,16.0,24.0,458,Medium
EOS-01994,Samsung QLED TV G477,TV,Samsung,1227.72,3.8,71.0,97.0,7.0,12.0,741,High
EOS-01995,HP Ultrabook Y963,Laptop,HP,1347.69,4.5,205.0,180.0,20.0,36.0,592,Medium
EOS-01996,Logitech Webcam Z391,Accessory,Logitech,97.26,3.9,128.0,194.0,19.0,12.0,664,High
EOS-01997,Xiaomi 5G Phone Y423,Smartphone,Xiaomi,368.39,4.1,186.0,123.0,0.0,12.0,418,Medium
EOS-01998,Canon Mirrorless Camera C640,Camera,Canon,798.02,4.0,350.0,127.0,25.0,12.0,584,Medium
EOS-01999,Huawei Sports Watch M924,Smartwatch,Huawei,473.74,4.8,58.0,98.0,25.0,12.0,670,High
EOS-02000,Bose Wireless Headphones N280,Headphones,Bose,161.0,4.1,150.0,68.0,13.0,6.0,426,Medium
EOS-02001,Samsung Drawing Tablet C608,Tablet,Samsung,232.1,4.0,135.0,135.0,14.0,24.0,655,High
EOS-02002,Fujifilm Instant Camera V350,Camera,Fujifilm,1095.51,4.3,119.0,168.0,12.0,12.0,376,Low
EOS-02003,Apple Noise Cancelling Headphones D961,Headphones,Apple,149.53,3.9,310.0,68.0,3.0,24.0,456,Medium
EOS-02004,Apple Smartphone N707,Smartphone,Apple,375.66,5.0,61.0,156.0,12.0,24.0,444,Medium
EOS-02005,Samsung QLED TV V271,TV,Samsung,789.29,4.1,46.0,141.0,6.0,24.0,335,Low
EOS-02006,Apple 2-in-1 Laptop X976,Laptop,Apple,1549.62,4.5,178.0,227.0,18.0,24.0,388,Low
EOS-02007,Nintendo Gaming Console H599,Gaming Console,Nintendo,288.74,4.9,125.0,89.0,33.0,24.0,818,High
EOS-02008,GoPro Action Camera C951,Camera,GoPro,463.23,4.1,243.0,0.0,0.0,24.0,824,High
EOS-02009,Dell Office Monitor Z267,Monitor,Dell,539.35,3.9,121.0,77.0,3.0,36.0,381,Low
EOS-02010,Samsung Curved Monitor I620,Monitor,Samsung,823.04,3.7,132.0,62.0,23.0,36.0,447,Medium
EOS-02011,Google Foldable Phone N102,Smartphone,Google,509.95,4.1,281.0,0.0,21.0,24.0,589,Medium
EOS-02012,Apple Mini Tablet T636,Tablet,Apple,406.17,3.2,306.0,206.0,20.0,12.0,544,Medium
EOS-02013,Acer Creator Laptop B823,Laptop,Acer,795.33,4.2,219.0,70.0,,,355,Low
EOS-02014,GoPro Mirrorless Camera B569,Camera,GoPro,1521.19,3.8,191.0,133.0,16.0,36.0,396,Low
EOS-02015,Huawei Drawing Tablet I574,Tablet,Huawei,340.32,3.7,130.0,60.0,0.0,24.0,236,Low
EOS-02016,Bose Wireless Headphones C897,Headphones,Bose,256.41,3.8,56.0,,0.0,12.0,384,Low
EOS-02017,Samsung Fitness Watch M712,Smartwatch,Samsung,498.75,3.9,220.0,162.0,10.0,12.0,452,Medium
EOS-02018,Belkin Wireless Mouse M227,Accessory,Belkin,38.92,3.9,109.0,107.0,20.0,6.0,584,Medium
EOS-02019,Apple GPS Watch L827,Smartwatch,Apple,196.11,3.8,40.0,100.0,28.0,12.0,553,Medium
EOS-02020,Samsung Ultrawide Monitor I214,Monitor,Samsung,636.7,3.8,147.0,217.0,,12.0,324,Low
EOS-02021,Anker Power Bank U450,Accessory,Anker,54.49,3.6,38.0,126.0,24.0,,398,Low
EOS-02022,Sennheiser Studio Headphones B748,Headphones,Sennheiser,76.12,4.4,94.0,128.0,11.0,24.0,562,Medium
EOS-02023,Google Foldable Phone E845,Smartphone,Google,489.58,3.6,112.0,267.0,9.0,12.0,583,Medium
EOS-02024,Nintendo Retro Console G159,Gaming Console,Nintendo,394.09,3.1,25.0,0.0,,24.0,354,Low
EOS-02025,Dell Ultrabook S300,Laptop,Dell,,4.7,38.0,145.0,18.0,12.0,646,High
EOS-02026,AOC Gaming Monitor Y583,Monitor,AOC,648.22,3.2,212.0,160.0,5.0,24.0,481,Medium
EOS-02027,Samsung Foldable Phone M941,Smartphone,Samsung,605.96,4.8,85.0,73.0,14.0,24.0,448,Medium
EOS-02028,Samsung Pro Tablet O163,Tablet,Samsung,252.39,4.0,136.0,167.0,20.0,24.0,600,High
EOS-02029,Acer Gaming Laptop P952,Laptop,Acer,1201.07,4.2,20.0,30.0,24.0,12.0,538,Medium
EOS-02030,Samsung Mini LED TV B496,TV,Samsung,1993.28,3.9,13.0,158.0,14.0,36.0,308,Low
EOS-02031,Samsung Foldable Phone B679,Smartphone,Samsung,480.2,4.4,179.0,86.0,9.0,12.0,471,Medium
EOS-02032,Lenovo Mini Tablet Q255,Tablet,Lenovo,491.87,4.6,195.0,125.0,17.0,24.0,388,Low
EOS-02033,Sony Action Camera F130,Camera,Sony,2800.0,3.7,52.0,206.0,29.0,24.0,326,Low
EOS-02034,Google Budget Phone G200,Smartphone,Google,353.03,4.4,180.0,126.0,37.0,12.0,700,High
EOS-02035,Apple 5G Phone T933,Smartphone,Apple,579.94,3.6,97.0,160.0,8.0,24.0,397,Low
EOS-02036,Apple Budget Phone C826,Smartphone,Apple,648.32,4.1,291.0,31.0,1.0,12.0,618,High
EOS-02037,Sony Earbuds U233,Headphones,Sony,124.31,3.8,76.0,0.0,8.0,12.0,535,Medium
EOS-02038,Apple Drawing Tablet P620,Tablet,Apple,1300.0,4.2,144.0,212.0,14.0,24.0,420,Medium
EOS-02039,Xiaomi Pro Smartphone F637,Smartphone,Xiaomi,404.92,3.5,263.0,138.0,33.0,12.0,690,High
EOS-02040,Microsoft Power Bank U237,Accessory,Microsoft,59.43,4.0,121.0,162.0,33.0,6.0,801,High
EOS-02041,BenQ Gaming Monitor I147,Monitor,BenQ,272.03,4.2,61.0,21.0,17.0,12.0,541,Medium
EOS-02042,Dell Office Monitor G911,Monitor,Dell,557.11,3.9,211.0,188.0,9.0,24.0,365,Low
EOS-02043,Asus Ultrabook J200,Laptop,Asus,1817.17,4.0,106.0,73.0,42.0,36.0,618,High
EOS-02044,MSI Creator Laptop Z607,Laptop,MSI,996.95,4.2,301.0,177.0,27.0,36.0,517,Medium
EOS-02045,Huawei GPS Watch G673,Smartwatch,Huawei,321.78,3.4,21.0,187.0,0.0,12.0,352,Low
EOS-02046,Samsung Smart TV O735,TV,Samsung,780.28,4.1,197.0,145.0,6.0,24.0,556,Medium
EOS-02047,Hisense Smart TV A500,TV,Hisense,1498.62,4.6,195.0,74.0,12.0,24.0,456,Medium
EOS-02048,Apple Smartphone Q520,Smartphone,Apple,438.75,3.4,135.0,123.0,34.0,24.0,590,Medium
EOS-02049,Acer Creator Laptop Z184,Laptop,Acer,686.67,4.1,125.0,138.0,17.0,24.0,536,Medium
EOS-02050,Razer Webcam V464,Accessory,Razer,66.04,4.3,146.0,66.0,2.0,12.0,700,High
EOS-02051,OnePlus Budget Phone B899,Smartphone,OnePlus,592.04,3.7,497.0,151.0,6.0,12.0,616,High
EOS-02052,Garmin GPS Watch V896,Smartwatch,Garmin,404.44,3.7,172.0,171.0,20.0,12.0,447,Medium
EOS-02053,Samsung Ultrawide Monitor F249,Monitor,Samsung,539.31,4.0,116.0,0.0,33.0,36.0,460,Medium
EOS-02054,Fujifilm Instant Camera I680,Camera,Fujifilm,448.85,4.0,158.0,34.0,20.0,36.0,557,Medium
EOS-02055,Belkin Wireless Mouse B454,Accessory,Belkin,96.69,5.0,195.0,165.0,2.0,6.0,568,Medium
EOS-02056,Fitbit Smartwatch I286,Smartwatch,Fitbit,129.09,3.3,139.0,122.0,27.0,,583,Medium
EOS-02057,Corsair Mechanical Keyboard F833,Accessory,Corsair,84.04,4.1,154.0,92.0,33.0,24.0,754,High
EOS-02058,Asus Office Monitor N886,Monitor,Asus,969.5,3.4,26.0,188.0,18.0,36.0,294,Low
EOS-02059,Microsoft Mini Tablet O941,Tablet,Microsoft,262.52,3.8,218.0,0.0,19.0,12.0,635,High
EOS-02060,Asus Office Monitor V294,Monitor,Asus,492.17,3.3,365.0,169.0,6.0,24.0,594,Medium
EOS-02061,Philips OLED TV U872,TV,Philips,770.73,4.1,115.0,67.0,12.0,12.0,392,Low
EOS-02062,Xiaomi Budget Phone D718,Smartphone,Xiaomi,282.09,4.4,119.0,0.0,0.0,12.0,690,High
EOS-02063,Asus Ultrawide Monitor C982,Monitor,Asus,600.27,4.4,173.0,,17.0,12.0,643,High
EOS-02064,Asus Creator Laptop P511,Laptop,Asus,892.03,4.3,397.0,185.0,0.0,12.0,448,Medium
EOS-02065,Motorola 5G Phone Q699,Smartphone,Motorola,,4.2,155.0,,24.0,24.0,510,Medium
EOS-02066,Google Foldable Phone D474,Smartphone,Google,743.06,3.0,177.0,243.0,17.0,12.0,420,Medium
EOS-02067,HP Business Notebook Z936,Laptop,HP,992.61,3.7,452.0,91.0,0.0,12.0,585,Medium
EOS-02068,Apple Kids Tablet F881,Tablet,Apple,1300.0,4.6,392.0,285.0,11.0,24.0,405,Medium
EOS-02069,OnePlus 5G Phone U964,Smartphone,OnePlus,242.93,3.2,91.0,204.0,15.0,12.0,525,Medium
EOS-02070,Meta Gaming Console X523,Gaming Console,Meta,180.0,4.3,49.0,135.0,0.0,12.0,568,Medium
EOS-02071,Samsung Smart TV I631,TV,Samsung,917.32,3.4,235.0,172.0,12.0,36.0,403,Medium
EOS-02072,Corsair Webcam H361,Accessory,Corsair,98.8,4.2,172.0,70.0,3.0,24.0,531,Medium
EOS-02073,OnePlus Budget Phone C777,Smartphone,OnePlus,938.13,4.8,185.0,140.0,10.0,24.0,466,Medium
EOS-02074,Valve Console Bundle N646,Gaming Console,Valve,510.51,4.4,363.0,125.0,3.0,24.0,511,Medium
EOS-02075,Nintendo Handheld Console S900,Gaming Console,Nintendo,194.15,,59.0,217.0,11.0,24.0,540,Medium
EOS-02076,Razer Power Bank B164,Accessory,Razer,70.33,4.2,337.0,276.0,20.0,6.0,526,Medium
EOS-02077,Samsung 4K Monitor N701,Monitor,Samsung,312.53,4.6,25.0,210.0,22.0,36.0,621,High
EOS-02078,Apple Gaming Laptop F612,Laptop,Apple,836.91,4.3,104.0,48.0,25.0,12.0,598,Medium
EOS-02079,Logitech Earbuds Z611,Headphones,Logitech,102.9,3.0,154.0,185.0,28.0,6.0,1996,Medium
EOS-02080,Razer Webcam T254,Accessory,Razer,84.5,4.8,99.0,81.0,37.0,6.0,537,Medium
EOS-02081,Sony Studio Headphones F319,Headphones,Sony,258.39,4.0,97.0,85.0,0.0,12.0,315,Low
EOS-02082,TCL Mini LED TV R210,TV,TCL,1301.09,4.9,78.0,112.0,46.0,24.0,603,High
EOS-02083,Samsung Pro Tablet T305,Tablet,Samsung,192.27,3.9,257.0,143.0,0.0,12.0,582,Medium
EOS-02084,BenQ 4K Monitor S483,Monitor,BenQ,501.69,4.3,219.0,182.0,32.0,24.0,548,Medium
EOS-02085,Fujifilm DSLR Camera J198,Camera,Fujifilm,1484.48,4.5,,157.0,29.0,36.0,443,Medium
EOS-02086,Acer Business Notebook P414,Laptop,Acer,1093.64,4.5,54.0,153.0,14.0,36.0,495,Medium
EOS-02087,MSI 2-in-1 Laptop B900,Laptop,MSI,1861.05,3.7,151.0,189.0,18.0,24.0,294,Low
EOS-02088,Google Pro Smartphone Y516,Smartphone,Google,591.46,4.2,64.0,189.0,10.0,24.0,375,Low
EOS-02089,Belkin Wireless Mouse E293,Accessory,Belkin,128.12,3.8,12.0,143.0,16.0,6.0,335,Low
EOS-02090,Sony Mini LED TV A365,TV,Sony,893.87,,15.0,278.0,12.0,12.0,572,Medium
EOS-02091,Fitbit GPS Watch U484,Smartwatch,Fitbit,133.48,4.5,110.0,93.0,32.0,24.0,536,Medium
EOS-02092,Asus Office Monitor M217,Monitor,Asus,862.79,4.3,388.0,130.0,27.0,12.0,662,High
EOS-02093,Samsung Hybrid Watch O318,Smartwatch,Samsung,385.8,3.5,114.0,165.0,5.0,12.0,314,Low
EOS-02094,Samsung Budget Phone J642,Smartphone,Samsung,700.92,4.2,245.0,51.0,21.0,12.0,427,Medium
EOS-02095,Bose Earbuds U382,Headphones,Bose,160.91,4.3,137.0,248.0,1.0,12.0,583,Medium
EOS-02096,OnePlus Pro Smartphone B458,Smartphone,OnePlus,588.24,3.2,212.0,141.0,18.0,12.0,413,Medium
EOS-02097,Sony Gaming Console G163,Gaming Console,Sony,293.19,4.6,158.0,130.0,12.0,24.0,428,Medium
EOS-02098,Sennheiser Gaming Headset D901,Headphones,Sennheiser,96.39,3.9,146.0,156.0,10.0,24.0,471,Medium
EOS-02099,Motorola Foldable Phone C348,Smartphone,Motorola,781.53,4.1,268.0,42.0,9.0,24.0,349,Low
EOS-02100,Hisense Mini LED TV Z432,TV,Hisense,2119.78,2.8,187.0,72.0,9.0,36.0,581,Medium
EOS-02101,TCL Smart TV G656,TV,TCL,1220.75,4.4,24.0,72.0,19.0,24.0,444,Medium
EOS-02102,Google Budget Phone W575,Smartphone,Google,554.55,3.6,238.0,114.0,36.0,12.0,456,Medium
EOS-02103,Samsung Pro Smartphone O599,Smartphone,Samsung,250.71,3.2,99.0,133.0,17.0,24.0,499,Medium
EOS-02104,Sony QLED TV U421,TV,Sony,,3.3,133.0,149.0,18.0,24.0,554,Medium
EOS-02105,Samsung Smart TV S422,TV,Samsung,644.62,4.1,319.0,53.0,24.0,12.0,389,Low
EOS-02106,Amazfit Sports Watch I755,Smartwatch,Amazfit,405.84,,40.0,237.0,12.0,24.0,449,Medium
EOS-02107,Sennheiser Earbuds J556,Headphones,Sennheiser,169.52,3.0,260.0,72.0,15.0,24.0,463,Medium
EOS-02108,OnePlus Budget Phone D944,Smartphone,OnePlus,1125.06,,126.0,176.0,27.0,12.0,309,Low
EOS-02109,Apple Pro Smartphone I410,Smartphone,Apple,983.72,3.9,142.0,197.0,9.0,24.0,452,Medium
EOS-02110,Amazfit Hybrid Watch U363,Smartwatch,Amazfit,718.12,4.0,121.0,223.0,29.0,24.0,243,Low
EOS-02111,Apple 2-in-1 Laptop D925,Laptop,Apple,2089.54,3.8,127.0,164.0,21.0,24.0,555,Medium
EOS-02112,Apple Earbuds R554,Headphones,Apple,100.3,3.4,310.0,163.0,17.0,6.0,491,Medium
EOS-02113,Google 5G Phone V759,Smartphone,Google,846.45,3.1,116.0,70.0,38.0,12.0,419,Medium
EOS-02114,Xiaomi Budget Phone W305,Smartphone,Xiaomi,796.59,3.7,135.0,174.0,15.0,,461,Medium
EOS-02115,BenQ Ultrawide Monitor U203,Monitor,BenQ,207.77,3.5,102.0,214.0,53.0,36.0,610,High
EOS-02116,Samsung Smartwatch G491,Smartwatch,Samsung,,4.0,218.0,143.0,7.0,24.0,588,Medium
EOS-02117,JBL Earbuds T337,Headphones,JBL,66.98,3.6,82.0,55.0,15.0,6.0,421,Medium
EOS-02118,Samsung 4K Monitor R129,Monitor,Samsung,607.82,4.7,94.0,99.0,7.0,24.0,383,Low
EOS-02119,Fujifilm DSLR Camera T392,Camera,Fujifilm,1351.86,4.8,87.0,52.0,23.0,36.0,675,High
EOS-02120,Hisense QLED TV U236,TV,Hisense,1269.72,4.1,152.0,95.0,19.0,12.0,291,Low
EOS-02121,Lenovo Drawing Tablet X421,Tablet,Lenovo,391.24,3.9,87.0,41.0,29.0,12.0,522,Medium
EOS-02122,Belkin USB-C Hub C387,Accessory,Belkin,32.28,,171.0,102.0,46.0,24.0,332,Low
EOS-02123,HP Business Notebook V665,Laptop,HP,991.97,3.3,66.0,0.0,27.0,12.0,360,Low
EOS-02124,Amazfit GPS Watch D264,Smartwatch,Amazfit,743.74,3.5,39.0,125.0,32.0,12.0,333,Low
EOS-02125,Panasonic Action Camera Q196,Camera,Panasonic,1058.94,3.8,260.0,186.0,31.0,24.0,596,Medium
EOS-02126,Asus Business Notebook R550,Laptop,Asus,1256.63,4.5,178.0,126.0,4.0,24.0,579,Medium
EOS-02127,LG 4K TV V206,TV,LG,2988.55,4.0,447.0,285.0,20.0,12.0,411,Medium
EOS-02128,Apple Pro Smartphone L575,Smartphone,Apple,585.12,4.1,248.0,182.0,19.0,24.0,510,Medium
EOS-02129,LG 4K Monitor X585,Monitor,LG,495.15,3.4,43.0,225.0,16.0,36.0,437,Medium
EOS-02130,Huawei Fitness Watch C635,Smartwatch,Huawei,157.15,3.4,158.0,95.0,19.0,24.0,595,Medium
EOS-02131,Logitech Power Bank N205,Accessory,Logitech,65.46,4.0,412.0,122.0,21.0,24.0,535,Medium
EOS-02132,Acer Business Notebook M485,Laptop,Acer,1509.06,3.7,22.0,127.0,16.0,12.0,355,Low
EOS-02133,Meta Console Bundle T832,Gaming Console,Meta,472.23,2.9,65.0,110.0,41.0,12.0,500,Medium
EOS-02134,OnePlus Budget Phone A789,Smartphone,OnePlus,775.69,3.7,255.0,142.0,0.0,12.0,580,Medium
EOS-02135,Fujifilm Action Camera J854,Camera,Fujifilm,1119.62,3.6,263.0,174.0,10.0,12.0,599,Medium
EOS-02136,Huawei Hybrid Watch B527,Smartwatch,Huawei,224.33,2.8,465.0,73.0,0.0,12.0,425,Medium
EOS-02137,Xiaomi Pro Smartphone X808,Smartphone,Xiaomi,242.44,3.3,45.0,195.0,32.0,,515,Medium
EOS-02138,LG 4K Monitor W331,Monitor,LG,760.5,4.2,109.0,73.0,22.0,12.0,388,Low
EOS-02139,Nikon Instant Camera M592,Camera,Nikon,1748.73,4.8,199.0,219.0,1.0,24.0,455,Medium
EOS-02140,Samsung Drawing Tablet U683,Tablet,Samsung,793.96,4.8,208.0,64.0,13.0,24.0,658,High
EOS-02141,LG Office Monitor J480,Monitor,LG,639.26,4.7,454.0,208.0,22.0,36.0,494,Medium
EOS-02142,Apple Smartphone T712,Smartphone,Apple,1432.77,4.1,56.0,177.0,23.0,12.0,417,Medium
EOS-02143,Apple Wireless Headphones E793,Headphones,Apple,230.82,4.3,75.0,135.0,26.0,6.0,468,Medium
EOS-02144,Lenovo Gaming Laptop D442,Laptop,Lenovo,2002.5,3.7,110.0,238.0,4.0,36.0,255,Low
EOS-02145,Valve Console Bundle N360,Gaming Console,Valve,497.83,4.1,227.0,156.0,15.0,12.0,519,Medium
EOS-02146,Belkin Webcam Y275,Accessory,Belkin,77.62,5.0,514.0,164.0,26.0,24.0,831,High
EOS-02147,JBL Noise Cancelling Headphones Q607,Headphones,JBL,90.71,3.9,105.0,213.0,16.0,6.0,499,Medium
EOS-02148,Samsung Ultrawide Monitor L578,Monitor,Samsung,579.29,4.6,225.0,151.0,1.0,12.0,484,Medium
EOS-02149,OnePlus Budget Phone Q945,Smartphone,OnePlus,1115.32,4.3,,99.0,21.0,24.0,320,Low
EOS-02150,Sony Earbuds P111,Headphones,Sony,95.45,4.4,306.0,84.0,6.0,6.0,524,Medium
EOS-02151,Google Pro Smartphone Z729,Smartphone,Google,957.36,4.3,39.0,138.0,10.0,24.0,365,Low
EOS-02152,Apple Smartwatch I981,Smartwatch,Apple,189.68,3.5,82.0,58.0,0.0,12.0,422,Medium
EOS-02153,OnePlus Foldable Phone J438,Smartphone,OnePlus,575.41,4.6,97.0,64.0,5.0,12.0,423,Medium
EOS-02154,Sony DSLR Camera M983,Camera,Sony,1348.47,4.9,377.0,132.0,10.0,12.0,351,Low
EOS-02155,Anker Wireless Mouse V902,Accessory,Anker,68.95,3.9,150.0,225.0,0.0,6.0,504,Medium
EOS-02156,Motorola 5G Phone L180,Smartphone,Motorola,1076.97,4.8,32.0,148.0,14.0,12.0,589,Medium
EOS-02157,Logitech Noise Cancelling Headphones G594,Headphones,Logitech,132.21,3.1,122.0,221.0,8.0,12.0,409,Medium
EOS-02158,Philips Mini LED TV J922,TV,Philips,2023.04,3.4,137.0,268.0,26.0,12.0,457,Medium
EOS-02159,Samsung Kids Tablet L490,Tablet,Samsung,354.84,3.8,228.0,296.0,2.0,12.0,654,High
EOS-02160,Logitech Power Bank V438,Accessory,Logitech,54.52,4.2,141.0,155.0,24.0,24.0,509,Medium
EOS-02161,Asus Office Monitor L640,Monitor,Asus,707.6,3.4,106.0,50.0,27.0,36.0,253,Low
EOS-02162,Huawei Tablet S548,Tablet,Huawei,816.96,4.5,75.0,185.0,32.0,12.0,374,Low
EOS-02163,Google Foldable Phone O174,Smartphone,Google,601.74,3.5,203.0,195.0,34.0,24.0,369,Low
EOS-02164,Google 5G Phone J173,Smartphone,Google,884.55,4.0,257.0,86.0,15.0,24.0,559,Medium
EOS-02165,Huawei Sports Watch T321,Smartwatch,Huawei,234.5,4.1,126.0,146.0,8.0,24.0,436,Medium
EOS-02166,Valve VR Bundle M880,Gaming Console,Valve,840.36,3.5,270.0,169.0,14.0,24.0,289,Low
EOS-02167,Google Pro Smartphone T889,Smartphone,Google,452.63,5.0,25.0,112.0,37.0,,644,High
EOS-02168,Amazfit Sports Watch Q828,Smartwatch,Amazfit,274.05,3.8,275.0,168.0,18.0,12.0,570,Medium
EOS-02169,Lenovo Business Notebook J724,Laptop,Lenovo,2767.65,3.8,178.0,41.0,6.0,36.0,283,Low
EOS-02170,OnePlus Budget Phone V244,Smartphone,,477.18,4.4,124.0,126.0,22.0,24.0,817,High
EOS-02171,Garmin Hybrid Watch A432,Smartwatch,Garmin,390.63,3.1,423.0,298.0,7.0,24.0,413,Medium
EOS-02172,Asus Gaming Monitor M755,Monitor,Asus,426.74,4.6,98.0,119.0,43.0,36.0,533,Medium
EOS-02173,Sennheiser Gaming Headset F255,Headphones,Sennheiser,189.42,4.9,106.0,77.0,0.0,12.0,582,Medium
EOS-02174,MSI Creator Laptop Q852,Laptop,MSI,1101.65,3.7,109.0,44.0,13.0,24.0,330,Low
EOS-02175,Google Pro Smartphone W876,Smartphone,Google,1193.13,3.2,,220.0,20.0,24.0,318,Low
EOS-02176,Samsung QLED TV R196,TV,Samsung,1579.3,4.3,93.0,112.0,0.0,12.0,387,Low
EOS-02177,Xiaomi Foldable Phone U933,Smartphone,Xiaomi,1600.0,4.0,191.0,153.0,28.0,24.0,254,Low
EOS-02178,Panasonic DSLR Camera Y946,Camera,Panasonic,2163.96,4.5,97.0,182.0,31.0,36.0,472,Medium
EOS-02179,Samsung Drawing Tablet R684,Tablet,,404.11,3.4,425.0,211.0,0.0,12.0,574,Medium
EOS-02180,Sony VR Bundle L831,Gaming Console,Sony,203.65,,94.0,247.0,37.0,12.0,663,High
EOS-02181,Apple 5G Phone D102,Smartphone,Apple,564.63,3.9,115.0,101.0,1.0,12.0,658,High
EOS-02182,Nintendo Handheld Console Q940,Gaming Console,Nintendo,312.23,3.7,154.0,112.0,0.0,24.0,548,Medium
EOS-02183,Sony Retro Console E869,Gaming Console,Sony,307.4,3.7,82.0,208.0,29.0,24.0,328,Low
EOS-02184,Dell 4K Monitor F719,Monitor,Dell,237.22,3.4,165.0,142.0,22.0,12.0,431,Medium
EOS-02185,Apple Tablet U256,Tablet,Apple,271.14,4.2,,99.0,5.0,12.0,506,Medium
EOS-02186,Samsung Mini LED TV R902,TV,Samsung,1392.31,3.6,297.0,61.0,23.0,24.0,616,High
EOS-02187,Dell Curved Monitor K246,Monitor,Dell,485.69,4.2,178.0,87.0,2.0,36.0,637,High
EOS-02188,Fitbit Hybrid Watch X129,Smartwatch,Fitbit,440.28,3.6,50.0,169.0,17.0,24.0,3682,Medium
EOS-02189,Sennheiser Earbuds H857,Headphones,Sennheiser,204.8,4.2,55.0,182.0,27.0,6.0,454,Medium
EOS-02190,Logitech USB-C Hub C792,Accessory,Logitech,73.27,3.7,333.0,90.0,17.0,12.0,705,High
EOS-02191,Garmin Sports Watch Z375,Smartwatch,Garmin,170.26,3.1,,197.0,4.0,12.0,527,Medium
EOS-02192,Microsoft Console Bundle Z247,Gaming Console,Microsoft,316.75,4.2,107.0,150.0,25.0,24.0,660,High
EOS-02193,OnePlus Foldable Phone S509,Smartphone,OnePlus,999.9,3.5,56.0,,20.0,12.0,342,Low
EOS-02194,Nikon Instant Camera E842,Camera,Nikon,1134.18,3.7,295.0,76.0,23.0,24.0,511,Medium
EOS-02195,Apple Foldable Phone X769,Smartphone,Apple,538.87,3.1,170.0,133.0,0.0,12.0,421,Medium
EOS-02196,OnePlus Smartphone X454,Smartphone,OnePlus,602.15,4.3,160.0,66.0,34.0,24.0,638,High
EOS-02197,Huawei Pro Tablet K162,Tablet,Huawei,594.23,4.7,673.0,83.0,0.0,,236,Low
EOS-02198,Amazfit Hybrid Watch J720,Smartwatch,Amazfit,280.39,3.1,296.0,129.0,0.0,24.0,473,Medium
EOS-02199,Apple Tablet A315,Tablet,Apple,634.07,3.5,51.0,177.0,21.0,12.0,417,Medium
EOS-02200,Apple Studio Headphones C911,Headphones,Apple,104.62,5.0,49.0,46.0,18.0,12.0,645,High
EOS-02201,Apple Gaming Laptop R467,Laptop,Apple,1233.56,3.7,108.0,72.0,19.0,24.0,768,High
EOS-02202,Samsung Smartphone K804,Smartphone,Samsung,481.17,4.5,118.0,62.0,31.0,12.0,563,Medium
EOS-02203,Lenovo Pro Tablet Y294,Tablet,Lenovo,233.75,3.4,263.0,76.0,7.0,24.0,598,Medium
EOS-02204,TCL OLED TV P552,TV,TCL,743.1,3.6,100.0,112.0,18.0,24.0,519,Medium
EOS-02205,Lenovo Tablet A411,Tablet,Lenovo,273.94,4.1,128.0,129.0,9.0,12.0,479,Medium
EOS-02206,Xiaomi Smartphone S633,Smartphone,Xiaomi,739.94,4.0,179.0,122.0,0.0,12.0,292,Low
EOS-02207,HP Business Notebook T657,Laptop,HP,1003.41,3.5,214.0,237.0,2.0,36.0,620,High
EOS-02208,Apple Smartphone F839,Smartphone,Apple,901.41,3.5,347.0,78.0,26.0,12.0,643,High
EOS-02209,Anker Power Bank Z810,Accessory,Anker,143.19,4.6,351.0,197.0,27.0,12.0,610,High
EOS-02210,Google Pro Smartphone F830,Smartphone,,279.1,4.2,142.0,142.0,24.0,12.0,552,Medium
EOS-02211,Nintendo Console Bundle B646,Gaming Console,Nintendo,422.62,3.7,115.0,11.0,23.0,24.0,694,High
EOS-02212,Canon Vlogging Camera K841,Camera,Canon,1178.68,4.4,149.0,45.0,17.0,36.0,277,Low
EOS-02213,LG Office Monitor Q712,Monitor,LG,1208.38,4.7,208.0,105.0,21.0,36.0,502,Medium
EOS-02214,Dell Ultrawide Monitor N273,Monitor,Dell,535.11,3.5,121.0,66.0,20.0,24.0,349,Low
EOS-02215,Garmin Smartwatch J256,Smartwatch,Garmin,350.07,4.2,73.0,116.0,,24.0,655,High
EOS-02216,Sennheiser Studio Headphones R430,Headphones,Sennheiser,258.76,3.5,30.0,219.0,7.0,12.0,416,Medium
EOS-02217,Samsung Gaming Monitor X559,Monitor,Samsung,1140.43,4.6,110.0,154.0,0.0,24.0,423,Medium
EOS-02218,LG Smart TV J627,TV,LG,858.76,3.3,91.0,127.0,24.0,36.0,362,Low
EOS-02219,Xiaomi 5G Phone V308,Smartphone,Xiaomi,1262.12,3.2,113.0,93.0,7.0,24.0,327,Low
EOS-02220,Samsung Ultrawide Monitor J354,Monitor,Samsung,406.09,3.3,118.0,190.0,32.0,36.0,681,High
EOS-02221,Garmin Smartwatch T709,Smartwatch,Garmin,463.1,4.3,269.0,84.0,2.0,24.0,431,Medium
EOS-02222,Nikon Mirrorless Camera S715,Camera,Nikon,444.95,,46.0,144.0,29.0,24.0,346,Low
EOS-02223,Dell Gaming Laptop V140,Laptop,Dell,468.96,4.3,66.0,134.0,22.0,24.0,496,Medium
EOS-02224,Hisense OLED TV T493,TV,,,4.0,308.0,254.0,2.0,36.0,460,Medium
EOS-02225,Bose Wireless Headphones T235,Headphones,Bose,359.43,4.9,159.0,126.0,,12.0,502,Medium
EOS-02226,HP 2-in-1 Laptop N956,Laptop,HP,1021.66,4.3,102.0,236.0,15.0,36.0,813,High
EOS-02227,Huawei Pro Tablet U140,Tablet,Huawei,360.66,3.5,24.0,282.0,5.0,12.0,471,Medium
EOS-02228,Google Smartphone C258,Smartphone,Google,580.43,,330.0,135.0,21.0,12.0,733,High
EOS-02229,Samsung QLED TV K823,TV,Samsung,1275.21,4.1,106.0,94.0,0.0,36.0,434,Medium
EOS-02230,Motorola Budget Phone S558,Smartphone,Motorola,909.13,4.7,152.0,11.0,24.0,24.0,415,Medium
EOS-02231,Apple Pro Tablet I861,Tablet,Apple,550.73,3.6,212.0,203.0,5.0,12.0,441,Medium
EOS-02232,BenQ Gaming Monitor I163,Monitor,BenQ,246.22,3.6,133.0,119.0,7.0,24.0,446,Medium
EOS-02233,Google Foldable Phone F600,Smartphone,Google,386.95,3.8,118.0,139.0,0.0,24.0,594,Medium
EOS-02234,Apple Kids Tablet O865,Tablet,Apple,693.48,3.1,247.0,63.0,30.0,12.0,436,Medium
EOS-02235,Meta VR Bundle N923,Gaming Console,Meta,732.24,3.2,44.0,129.0,29.0,24.0,393,Low
EOS-02236,Apple Budget Phone Q376,Smartphone,Apple,652.82,3.3,186.0,199.0,26.0,12.0,385,Low
EOS-02237,Xiaomi Pro Smartphone E550,Smartphone,Xiaomi,789.57,3.6,101.0,180.0,7.0,12.0,366,Low
EOS-02238,Huawei GPS Watch V147,Smartwatch,Huawei,432.37,3.9,217.0,171.0,10.0,24.0,439,Medium
EOS-02239,LG QLED TV L381,TV,LG,960.49,3.5,299.0,125.0,18.0,12.0,617,High
EOS-02240,Lenovo 2-in-1 Laptop V162,Laptop,Lenovo,1641.14,4.9,305.0,141.0,3.0,12.0,409,Medium
EOS-02241,Belkin Webcam Z580,Accessory,Belkin,83.96,4.4,591.0,105.0,6.0,12.0,455,Medium
EOS-02242,Bose Studio Headphones O901,Headphones,Bose,105.8,3.9,361.0,265.0,6.0,24.0,765,High
EOS-02243,Sennheiser Noise Cancelling Headphones X181,Headphones,Sennheiser,122.24,5.0,111.0,56.0,1.0,12.0,487,Medium
EOS-02244,Motorola Budget Phone S434,Smartphone,Motorola,404.19,4.5,22.0,191.0,2.0,24.0,705,High
EOS-02245,Razer Wireless Mouse C912,Accessory,Razer,122.34,5.0,,297.0,19.0,12.0,578,Medium
EOS-02246,Logitech USB-C Hub L776,Accessory,Logitech,45.45,,120.0,174.0,44.0,6.0,474,Medium
EOS-02247,Huawei Sports Watch Z382,Smartwatch,Huawei,,3.6,292.0,34.0,21.0,12.0,333,Low
EOS-02248,Microsoft Kids Tablet F696,Tablet,Microsoft,706.55,4.0,111.0,51.0,12.0,12.0,270,Low
EOS-02249,Huawei Mini Tablet U539,Tablet,Huawei,,4.2,6.0,121.0,0.0,12.0,421,Medium
EOS-02250,Sony Studio Headphones S246,Headphones,Sony,249.24,4.2,123.0,200.0,0.0,6.0,489,Medium
EOS-02251,Apple Studio Headphones F331,Headphones,Apple,226.58,4.4,152.0,160.0,10.0,24.0,526,Medium
EOS-02252,Canon Vlogging Camera N877,Camera,Canon,,5.0,148.0,199.0,14.0,12.0,378,Low
EOS-02253,Samsung Budget Phone A202,Smartphone,Samsung,1600.0,3.9,205.0,130.0,20.0,12.0,405,Medium
EOS-02254,Lenovo Business Notebook D983,Laptop,Lenovo,1000.67,4.1,435.0,117.0,9.0,36.0,733,High
EOS-02255,Garmin Sports Watch J864,Smartwatch,Garmin,559.74,3.9,58.0,193.0,20.0,12.0,550,Medium
EOS-02256,TCL QLED TV U892,TV,TCL,1079.79,3.9,110.0,98.0,20.0,24.0,536,Medium
EOS-02257,Belkin Webcam V206,Accessory,Belkin,,3.5,160.0,0.0,42.0,12.0,562,Medium
EOS-02258,Samsung OLED TV A975,TV,Samsung,764.61,5.0,123.0,161.0,14.0,24.0,738,High
EOS-02259,GoPro Vlogging Camera P126,Camera,GoPro,815.16,3.0,58.0,68.0,4.0,12.0,455,Medium
EOS-02260,Huawei Pro Tablet K728,Tablet,Huawei,964.29,4.5,114.0,149.0,24.0,24.0,412,Medium
EOS-02261,Sony DSLR Camera A761,Camera,Sony,669.9,2.8,85.0,205.0,24.0,24.0,409,Medium
EOS-02262,GoPro DSLR Camera S913,Camera,GoPro,1825.45,5.0,247.0,32.0,13.0,12.0,579,Medium
EOS-02263,TCL Smart TV Q420,TV,TCL,3500.0,2.9,79.0,168.0,12.0,24.0,360,Low
EOS-02264,Fujifilm Mirrorless Camera J452,Camera,Fujifilm,,4.1,43.0,24.0,17.0,24.0,479,Medium
EOS-02265,Samsung Ultrawide Monitor C452,Monitor,Samsung,717.98,3.6,215.0,135.0,5.0,36.0,402,Medium
EOS-02266,OnePlus Smartphone U799,Smartphone,OnePlus,1561.1,4.4,,203.0,0.0,12.0,298,Low
EOS-02267,Amazfit GPS Watch Z702,Smartwatch,Amazfit,87.99,4.4,265.0,49.0,4.0,24.0,567,Medium
EOS-02268,Huawei Drawing Tablet W866,Tablet,Huawei,532.09,3.8,246.0,101.0,24.0,24.0,671,High
EOS-02269,Corsair Power Bank J117,Accessory,Corsair,61.1,4.4,121.0,246.0,36.0,12.0,619,High
EOS-02270,Google Budget Phone K536,Smartphone,Google,413.9,3.8,236.0,160.0,15.0,24.0,701,High
EOS-02271,Nintendo Handheld Console J744,Gaming Console,Nintendo,301.7,3.2,163.0,139.0,29.0,24.0,495,Medium
EOS-02272,AOC Ultrawide Monitor V264,Monitor,AOC,1061.38,4.2,37.0,153.0,11.0,36.0,488,Medium
EOS-02273,Microsoft Power Bank J195,Accessory,Microsoft,172.6,4.5,141.0,51.0,0.0,6.0,348,Low
EOS-02274,Lenovo Gaming Laptop D787,Laptop,Lenovo,940.09,,49.0,210.0,7.0,36.0,433,Medium
EOS-02275,BenQ 4K Monitor U614,Monitor,BenQ,860.48,4.3,119.0,150.0,59.0,36.0,464,Medium
EOS-02276,Xiaomi 5G Phone Y571,Smartphone,Xiaomi,607.96,4.3,97.0,34.0,19.0,12.0,332,Low
EOS-02277,Dell Ultrabook I137,Laptop,Dell,1247.35,3.8,373.0,149.0,0.0,12.0,392,Low
EOS-02278,Samsung Budget Phone D664,Smartphone,Samsung,312.78,4.8,243.0,234.0,35.0,12.0,608,High
EOS-02279,Samsung 5G Phone T493,Smartphone,Samsung,658.22,4.3,197.0,32.0,29.0,12.0,395,Low
EOS-02280,AOC Curved Monitor D657,Monitor,AOC,810.23,4.2,151.0,20.0,4.0,,471,Medium
EOS-02281,LG OLED TV M119,TV,LG,1027.31,3.9,230.0,217.0,8.0,24.0,493,Medium
EOS-02282,Panasonic Vlogging Camera Z297,Camera,Panasonic,391.88,3.3,270.0,150.0,6.0,12.0,419,Medium
EOS-02283,Dell Ultrawide Monitor S505,Monitor,Dell,744.71,4.2,95.0,63.0,14.0,36.0,555,Medium
EOS-02284,JBL Gaming Headset Y604,Headphones,JBL,164.36,2.4,107.0,107.0,0.0,12.0,365,Low
EOS-02285,Amazfit Sports Watch K869,Smartwatch,Amazfit,215.14,4.3,155.0,129.0,6.0,12.0,569,Medium
EOS-02286,Logitech Mechanical Keyboard K342,Accessory,Logitech,121.92,4.8,101.0,224.0,17.0,6.0,481,Medium
EOS-02287,Logitech Mechanical Keyboard J989,Accessory,Logitech,74.42,3.8,44.0,114.0,30.0,6.0,397,Low
EOS-02288,Huawei Sports Watch T484,Smartwatch,Huawei,324.64,5.0,204.0,54.0,21.0,24.0,679,High
EOS-02289,Samsung Pro Tablet C620,Tablet,Samsung,547.28,3.7,132.0,82.0,18.0,24.0,539,Medium
EOS-02290,AOC 4K Monitor B316,Monitor,AOC,265.37,4.1,237.0,68.0,15.0,24.0,611,High
EOS-02291,Samsung Drawing Tablet N420,Tablet,Samsung,423.75,4.4,70.0,137.0,19.0,12.0,311,Low
EOS-02292,Samsung Ultrawide Monitor I996,Monitor,Samsung,619.94,2.7,81.0,54.0,0.0,24.0,382,Low
EOS-02293,Philips 4K TV H253,TV,Philips,1155.05,5.0,34.0,67.0,24.0,36.0,402,Medium
EOS-02294,Asus Business Notebook F718,Laptop,Asus,1140.62,5.0,71.0,145.0,25.0,12.0,680,High
EOS-02295,Samsung Mini LED TV N228,TV,Samsung,881.28,4.4,274.0,105.0,0.0,36.0,577,Medium
EOS-02296,Samsung Smart TV N157,TV,Samsung,1141.9,3.8,284.0,120.0,8.0,12.0,485,Medium
EOS-02297,Asus 4K Monitor R990,Monitor,Asus,572.85,4.8,118.0,182.0,11.0,12.0,561,Medium
EOS-02298,Razer Power Bank W275,Accessory,Razer,118.01,4.3,133.0,79.0,15.0,6.0,369,Low
EOS-02299,Sennheiser Noise Cancelling Headphones C780,Headphones,Sennheiser,159.98,5.0,94.0,28.0,10.0,6.0,370,Low
EOS-02300,BenQ Ultrawide Monitor S132,Monitor,BenQ,463.68,3.4,130.0,124.0,19.0,36.0,507,Medium
EOS-02301,Logitech Gaming Headset A697,Headphones,Logitech,209.02,4.5,211.0,62.0,7.0,24.0,507,Medium
EOS-02302,Dell Ultrabook F390,Laptop,Dell,1410.71,4.0,313.0,133.0,2.0,36.0,319,Low
EOS-02303,Apple GPS Watch K520,Smartwatch,Apple,275.32,5.0,56.0,70.0,14.0,24.0,659,High
EOS-02304,Samsung Pro Smartphone M825,Smartphone,Samsung,180.0,4.0,201.0,13.0,9.0,12.0,429,Medium
EOS-02305,Sony VR Bundle Y876,Gaming Console,Sony,508.41,3.9,,116.0,27.0,12.0,620,High
EOS-02306,Apple Foldable Phone K406,Smartphone,Apple,679.76,4.2,162.0,39.0,12.0,12.0,577,Medium
EOS-02307,Motorola Pro Smartphone P964,Smartphone,Motorola,941.64,4.2,178.0,139.0,18.0,24.0,473,Medium
EOS-02308,BenQ Office Monitor V398,Monitor,BenQ,598.08,4.0,135.0,119.0,8.0,24.0,457,Medium
EOS-02309,Apple Sports Watch O384,Smartwatch,Apple,900.0,4.1,50.0,64.0,5.0,12.0,195,Low
EOS-02310,Logitech Wireless Headphones E524,Headphones,Logitech,74.24,3.8,71.0,57.0,39.0,12.0,727,High
EOS-02311,Bose Wireless Headphones J554,Headphones,Bose,450.0,3.9,167.0,48.0,20.0,6.0,228,Low
EOS-02312,Xiaomi Pro Smartphone Z949,Smartphone,Xiaomi,717.99,4.9,197.0,71.0,10.0,24.0,436,Medium
EOS-02313,Asus Curved Monitor D874,Monitor,Asus,543.97,3.7,54.0,221.0,27.0,24.0,417,Medium
EOS-02314,BenQ 4K Monitor Z414,Monitor,BenQ,1467.24,3.5,232.0,106.0,2.0,24.0,447,Medium
EOS-02315,Samsung Drawing Tablet T880,Tablet,Samsung,283.36,4.0,237.0,0.0,18.0,24.0,436,Medium
EOS-02316,Fitbit Smartwatch Z951,Smartwatch,Fitbit,483.56,3.9,99.0,119.0,0.0,24.0,415,Medium
EOS-02317,Apple Pro Smartphone P601,Smartphone,Apple,577.38,2.8,103.0,116.0,12.0,12.0,488,Medium
EOS-02318,Belkin USB-C Hub X232,Accessory,Belkin,46.13,4.5,139.0,232.0,4.0,6.0,646,High
EOS-02319,MSI Creator Laptop B567,Laptop,MSI,1463.42,4.8,141.0,117.0,27.0,36.0,465,Medium
EOS-02320,Logitech Webcam Z126,Accessory,Logitech,133.87,3.8,2.0,176.0,21.0,24.0,325,Low
EOS-02321,HP Ultrabook A228,Laptop,HP,1416.49,4.4,42.0,103.0,2.0,36.0,435,Medium
EOS-02322,Apple Pro Tablet B718,Tablet,Apple,294.4,5.0,180.0,125.0,20.0,12.0,515,Medium
EOS-02323,Razer Mechanical Keyboard C540,Accessory,Razer,93.33,3.7,92.0,,7.0,6.0,461,Medium
EOS-02324,Microsoft Power Bank X839,Accessory,Microsoft,75.29,4.0,315.0,90.0,13.0,24.0,495,Medium
EOS-02325,MSI Gaming Laptop N777,Laptop,MSI,870.73,4.0,233.0,27.0,36.0,12.0,561,Medium
EOS-02326,Sony Gaming Headset L673,Headphones,Sony,200.45,4.0,123.0,130.0,18.0,12.0,412,Medium
EOS-02327,OnePlus Budget Phone D201,Smartphone,OnePlus,636.74,4.8,352.0,84.0,20.0,24.0,655,High
EOS-02328,Bose Gaming Headset I799,Headphones,Bose,125.37,2.9,16.0,46.0,34.0,12.0,405,Medium
EOS-02329,Asus Creator Laptop M320,Laptop,Asus,754.71,3.8,201.0,161.0,38.0,36.0,422,Medium
EOS-02330,TCL Smart TV M394,TV,TCL,1579.54,4.1,184.0,114.0,10.0,36.0,338,Low
EOS-02331,Sony OLED TV N562,TV,Sony,619.06,3.8,181.0,46.0,19.0,24.0,509,Medium
EOS-02332,Apple Foldable Phone O936,Smartphone,Apple,912.07,3.7,48.0,42.0,18.0,24.0,365,Low
EOS-02333,Corsair Mechanical Keyboard C808,Accessory,Corsair,42.96,3.7,740.0,168.0,22.0,6.0,807,High
EOS-02334,Apple Fitness Watch P354,Smartwatch,Apple,212.06,3.9,286.0,125.0,12.0,,533,Medium
EOS-02335,Logitech Gaming Headset E533,Headphones,Logitech,185.01,4.0,58.0,155.0,7.0,12.0,409,Medium
EOS-02336,Microsoft Wireless Mouse D762,Accessory,Microsoft,43.7,3.0,93.0,184.0,31.0,6.0,595,Medium
EOS-02337,Samsung Pro Smartphone I255,Smartphone,Samsung,812.81,4.7,170.0,115.0,,12.0,410,Medium
EOS-02338,LG 4K TV T588,TV,LG,704.59,4.7,161.0,48.0,5.0,12.0,508,Medium
EOS-02339,Nikon DSLR Camera E817,Camera,Nikon,1038.24,4.2,279.0,21.0,23.0,36.0,477,Medium
EOS-02340,MSI 2-in-1 Laptop L599,Laptop,MSI,450.0,4.1,270.0,168.0,19.0,36.0,737,High
EOS-02341,Dell Office Monitor L133,Monitor,,370.64,4.7,52.0,295.0,27.0,36.0,500,Medium
EOS-02342,LG Curved Monitor O465,Monitor,LG,730.61,3.1,70.0,127.0,0.0,12.0,364,Low
EOS-02343,Samsung Ultrawide Monitor V447,Monitor,Samsung,1099.08,3.7,169.0,173.0,9.0,36.0,326,Low
EOS-02344,Sony Action Camera A337,Camera,Sony,1023.73,3.9,282.0,169.0,0.0,24.0,356,Low
EOS-02345,Xiaomi Budget Phone K873,Smartphone,Xiaomi,723.18,3.4,245.0,190.0,0.0,24.0,395,Low
EOS-02346,Lenovo Pro Tablet Q838,Tablet,Lenovo,361.3,4.1,357.0,114.0,2.0,24.0,493,Medium
EOS-02347,Apple Smartwatch S453,Smartwatch,Apple,138.5,4.5,98.0,229.0,6.0,24.0,592,Medium
EOS-02348,Dell Office Monitor E401,Monitor,Dell,342.02,4.2,95.0,90.0,0.0,24.0,449,Medium
EOS-02349,Apple Smartphone P199,Smartphone,Apple,2261.6671369459555,4.8,177.0,95.0,22.0,12.0,778,High
EOS-02350,Valve Gaming Console Z454,Gaming Console,Valve,462.9,3.8,108.0,87.0,4.0,24.0,419,Medium
EOS-02351,Meta VR Bundle A467,Gaming Console,Meta,388.53,3.9,251.0,156.0,0.0,24.0,377,Low
EOS-02352,Sennheiser Wireless Headphones O847,Headphones,Sennheiser,310.78,3.6,14.0,52.0,24.0,12.0,396,Low
EOS-02353,Panasonic Vlogging Camera H629,Camera,Panasonic,440.7,5.0,73.0,92.0,2.0,24.0,602,High
EOS-02354,Huawei Kids Tablet C679,Tablet,Huawei,276.19,2.7,121.0,50.0,0.0,12.0,388,Low
EOS-02355,GoPro Vlogging Camera G200,Camera,GoPro,876.01,3.7,102.0,126.0,16.0,12.0,627,High
EOS-02356,Huawei Tablet F417,Tablet,Huawei,530.34,2.8,201.0,0.0,35.0,24.0,343,Low
EOS-02357,Microsoft Mini Tablet T773,Tablet,Microsoft,,3.8,42.0,214.0,13.0,12.0,527,Medium
EOS-02358,Apple Gaming Laptop O493,Laptop,Apple,1155.72,3.4,554.0,115.0,20.0,24.0,398,Low
EOS-02359,LG Smart TV J406,TV,LG,1278.78,3.6,171.0,75.0,0.0,24.0,270,Low
EOS-02360,Samsung Curved Monitor F329,Monitor,Samsung,822.94,3.9,108.0,98.0,43.0,36.0,571,Medium
EOS-02361,Xiaomi Smartphone L581,Smartphone,Xiaomi,671.2,4.1,134.0,,22.0,12.0,347,Low
EOS-02362,Huawei GPS Watch J303,Smartwatch,Huawei,215.62,3.8,252.0,189.0,0.0,12.0,450,Medium
EOS-02363,Logitech Wireless Mouse J944,Accessory,Logitech,50.7,4.0,132.0,,24.0,24.0,502,Medium
EOS-02364,Xiaomi 5G Phone P307,Smartphone,Xiaomi,448.2,4.3,109.0,211.0,3.0,,633,High
EOS-02365,Canon Vlogging Camera Q136,Camera,Canon,736.56,3.5,257.0,74.0,20.0,12.0,595,Medium
EOS-02366,Asus Creator Laptop E412,Laptop,Asus,2138.23,3.6,152.0,0.0,0.0,36.0,332,Low
EOS-02367,Logitech Noise Cancelling Headphones A433,Headphones,Logitech,131.35,4.1,270.0,179.0,21.0,12.0,504,Medium
EOS-02368,Garmin Sports Watch K705,Smartwatch,Garmin,253.27,3.9,405.0,129.0,1.0,12.0,453,Medium
EOS-02369,Bose Noise Cancelling Headphones A147,Headphones,Bose,168.46,4.5,50.0,141.0,0.0,24.0,329,Low
EOS-02370,LG QLED TV K296,TV,LG,2821.81,4.0,166.0,152.0,19.0,12.0,478,Medium
EOS-02371,Acer Gaming Laptop H429,Laptop,Acer,994.51,3.9,59.0,50.0,19.0,36.0,342,Low
EOS-02372,Dell Ultrabook B368,Laptop,Dell,902.31,4.2,147.0,95.0,9.0,24.0,423,Medium
EOS-02373,Microsoft Pro Tablet L809,Tablet,Microsoft,413.39,3.1,255.0,201.0,28.0,12.0,522,Medium
EOS-02374,Nikon Action Camera X295,Camera,Nikon,798.39,4.3,85.0,184.0,20.0,12.0,510,Medium
EOS-02375,OnePlus 5G Phone C468,Smartphone,OnePlus,596.51,4.6,207.0,80.0,5.0,12.0,535,Medium
EOS-02376,Apple Studio Headphones A486,Headphones,Apple,126.54,4.1,162.0,0.0,1.0,24.0,425,Medium
EOS-02377,Microsoft Kids Tablet U981,Tablet,Microsoft,338.52,4.1,217.0,180.0,0.0,12.0,489,Medium
EOS-02378,Valve VR Bundle N211,Gaming Console,Valve,296.11,5.0,182.0,29.0,19.0,24.0,789,High
EOS-02379,Panasonic Instant Camera D582,Camera,Panasonic,1177.91,4.6,10.0,202.0,33.0,36.0,365,Low
EOS-02380,BenQ Office Monitor W219,Monitor,BenQ,,,125.0,0.0,22.0,36.0,475,Medium
EOS-02381,Anker Mechanical Keyboard E473,Accessory,Anker,109.38,4.6,296.0,328.0,33.0,12.0,367,Low
EOS-02382,Apple Mini Tablet J288,Tablet,Apple,448.19,4.2,225.0,61.0,46.0,12.0,465,Medium
EOS-02383,TCL 4K TV Q758,TV,TCL,1332.27,4.4,377.0,229.0,7.0,24.0,351,Low
EOS-02384,Microsoft USB-C Hub V451,Accessory,Microsoft,72.71,3.9,107.0,114.0,16.0,6.0,4711,High
EOS-02385,JBL Wireless Headphones G436,Headphones,JBL,249.12,3.5,250.0,59.0,13.0,6.0,388,Low
EOS-02386,LG QLED TV G155,TV,LG,1814.89,4.0,305.0,134.0,19.0,36.0,539,Medium
EOS-02387,Corsair Power Bank X521,Accessory,Corsair,77.92,4.2,228.0,194.0,0.0,12.0,601,High
EOS-02388,Xiaomi 5G Phone Q101,Smartphone,Xiaomi,1058.23,3.8,318.0,157.0,15.0,12.0,590,Medium
EOS-02389,Acer Business Notebook W257,Laptop,Acer,1105.2,4.2,175.0,206.0,13.0,12.0,380,Low
EOS-02390,Dell 4K Monitor W388,Monitor,Dell,482.97,4.5,169.0,82.0,11.0,12.0,428,Medium
EOS-02391,Sennheiser Studio Headphones Z938,Headphones,Sennheiser,100.81,3.6,107.0,147.0,20.0,6.0,620,High
EOS-02392,LG Smart TV C435,TV,LG,1572.22,4.1,203.0,160.0,10.0,36.0,369,Low
EOS-02393,Samsung Sports Watch C918,Smartwatch,Samsung,256.41,3.2,182.0,224.0,7.0,12.0,421,Medium
EOS-02394,Xiaomi Foldable Phone F216,Smartphone,Xiaomi,578.59,4.5,140.0,0.0,7.0,24.0,505,Medium
EOS-02395,Asus Business Notebook H700,Laptop,Asus,716.61,4.2,93.0,0.0,30.0,36.0,713,High
EOS-02396,Microsoft Gaming Console M743,Gaming Console,Microsoft,530.9,4.1,103.0,151.0,22.0,12.0,530,Medium
EOS-02397,LG 4K TV I564,TV,LG,1189.03,4.4,306.0,144.0,23.0,36.0,467,Medium
EOS-02398,Dell Gaming Monitor O526,Monitor,Dell,608.02,3.4,529.0,63.0,2.0,24.0,565,Medium
EOS-02399,Xiaomi Budget Phone E546,Smartphone,Xiaomi,517.58,4.1,306.0,269.0,13.0,12.0,486,Medium
EOS-02400,Lenovo Tablet U512,Tablet,Lenovo,342.07,4.4,60.0,165.0,17.0,24.0,370,Low
EOS-02038,Apple Drawing Tablet P620,Tablet,Apple,1300.0,4.2,144.0,212.0,14.0,24.0,420,Medium
EOS-01979,Valve Handheld Console G394,Gaming Console,Valve,385.62,4.0,431.0,277.0,9.0,24.0,442,Medium
EOS-00856,Apple Noise Cancelling Headphones P149,Headphones,Apple,152.83,4.0,111.0,101.0,20.0,24.0,609,High
EOS-01720,Logitech Power Bank K171,Accessory,Logitech,172.13,4.0,600.0,35.0,40.0,12.0,547,Medium
EOS-02020,Samsung Ultrawide Monitor I214,Monitor,Samsung,636.7,3.8,147.0,217.0,,12.0,324,Low
EOS-00135,Sennheiser Noise Cancelling Headphones K313,Headphones,Sennheiser,176.28,4.9,60.0,209.0,30.0,6.0,623,High
EOS-01376,Huawei Fitness Watch B315,Smartwatch,Huawei,577.15,4.4,141.0,155.0,22.0,12.0,517,Medium
EOS-01712,Samsung Fitness Watch K530,Smartwatch,Samsung,383.23,4.2,203.0,218.0,26.0,24.0,485,Medium
EOS-01290,Bose Gaming Headset O905,Headphones,Bose,138.78,3.7,80.0,247.0,8.0,6.0,443,Medium
EOS-01069,Apple Pro Tablet M849,Tablet,Apple,1026.96,4.4,156.0,267.0,14.0,12.0,337,Low
EOS-01710,Xiaomi Pro Smartphone J930,Smartphone,Xiaomi,507.32,4.3,155.0,130.0,20.0,12.0,412,Medium
EOS-00112,TCL OLED TV E542,TV,TCL,,4.0,35.0,197.0,18.0,12.0,541,Medium
EOS-01199,Apple 5G Phone P854,Smartphone,Apple,524.5,3.2,214.0,149.0,0.0,12.0,633,High
EOS-01511,Amazfit Sports Watch W585,Smartwatch,Amazfit,171.42,3.2,98.0,145.0,5.0,12.0,370,Low
EOS-01908,Sony Console Bundle T509,Gaming Console,Sony,447.78,3.4,291.0,0.0,36.0,24.0,550,Medium
EOS-01790,Samsung Pro Smartphone K365,Smartphone,Samsung,535.61,4.4,197.0,248.0,23.0,12.0,587,Medium
EOS-00180,Nintendo VR Bundle Z417,Gaming Console,Nintendo,262.93,3.8,178.0,152.0,30.0,12.0,781,High
EOS-01826,Microsoft Mechanical Keyboard T876,Accessory,Microsoft,76.32,3.7,190.0,139.0,22.0,6.0,614,High
EOS-01522,Panasonic Vlogging Camera Q369,Camera,Panasonic,1042.46,4.4,74.0,279.0,8.0,36.0,500,Medium
EOS-01566,Apple Gaming Laptop H294,Laptop,Apple,1108.57,,18.0,94.0,28.0,24.0,391,Low
EOS-01011,Apple Kids Tablet V269,Tablet,Apple,589.41,4.4,17.0,115.0,29.0,12.0,442,Medium
EOS-02159,Samsung Kids Tablet L490,Tablet,Samsung,354.84,3.8,228.0,296.0,2.0,12.0,654,High
EOS-01026,OnePlus Budget Phone F322,Smartphone,OnePlus,260.9,3.7,65.0,74.0,9.0,24.0,467,Medium
EOS-02153,OnePlus Foldable Phone J438,Smartphone,OnePlus,575.41,4.6,97.0,64.0,5.0,12.0,423,Medium
EOS-01353,Sony OLED TV U864,TV,Sony,821.87,4.0,401.0,121.0,42.0,24.0,680,High
EOS-00528,Belkin USB-C Hub V930,Accessory,Belkin,,3.4,182.0,216.0,3.0,24.0,324,Low
EOS-01317,Huawei GPS Watch E851,Smartwatch,Huawei,182.89,4.7,64.0,159.0,26.0,12.0,543,Medium
EOS-01740,Nintendo Gaming Console T740,Gaming Console,Nintendo,338.89,3.5,124.0,184.0,23.0,12.0,523,Medium
EOS-01302,Microsoft Webcam Q762,Accessory,Microsoft,109.78,4.1,194.0,178.0,27.0,12.0,605,High
EOS-02055,Belkin Wireless Mouse B454,Accessory,Belkin,96.69,5.0,195.0,165.0,2.0,6.0,568,Medium
EOS-01791,Sony Noise Cancelling Headphones M422,Headphones,Sony,278.79,4.6,262.0,1.0,15.0,6.0,317,Low
EOS-01117,Nikon Mirrorless Camera S965,Camera,Nikon,,4.6,463.0,87.0,0.0,24.0,733,High
EOS-02025,Dell Ultrabook S300,Laptop,Dell,,4.7,38.0,145.0,18.0,12.0,646,High
EOS-01197,GoPro DSLR Camera F813,Camera,GoPro,1191.77,4.1,26.0,232.0,5.0,36.0,336,Low
EOS-01191,Sony Retro Console Z935,Gaming Console,Sony,382.38,3.7,135.0,166.0,1.0,12.0,509,Medium
