ProductID,ProductName,Category,Brand,Price,Rating,NumberOfReviews,StockQuantity,DiscountPercentage,WarrantyMonths,SoldUnits,DemandLevel
EOS-00001,Meta Retro Console L461,Gaming Console,Meta,527.98,4.5,163,128,4,12,521,Medium
EOS-00002,JBL Wireless Headphones F783,Headphones,JBL,186.91,3.5,267,117,6,24,404,Medium
EOS-00003,JBL Earbuds B607,Headphones,JBL,190.65,4.2,100,173,28,6,378,Low
EOS-00004,Sony Wireless Headphones V823,Headphones,Sony,93.47,4.3,87,138,17,24,613,High
EOS-00005,Meta Console Bundle R171,Gaming Console,Meta,195.52,3.8,103,110,32,24,465,Medium
EOS-00006,GoPro DSLR Camera O869,Camera,GoPro,1354.25,4.4,114,190,12,36,328,Low
EOS-00007,Lenovo Kids Tablet R726,Tablet,Lenovo,390.54,4.1,228,161,7,12,390,Low
EOS-00008,Motorola 5G Phone N404,Smartphone,Motorola,736.63,4.2,234,100,14,12,304,Low
EOS-00009,Samsung 4K Monitor S732,Monitor,Samsung,447.06,4.7,113,64,12,12,576,Medium
EOS-00010,Microsoft Kids Tablet P780,Tablet,Microsoft,527.96,3.2,157,146,15,24,386,Low
EOS-00011,HP Ultrabook M364,Laptop,HP,1771.66,4.2,373,85,3,24,399,Low
EOS-00012,Razer USB-C Hub M589,Accessory,Razer,99.8,4.5,455,159,3,12,451,Medium
EOS-00013,Bose Earbuds A943,Headphones,Bose,255.8,4.1,132,12,9,6,572,Medium
EOS-00014,Acer Business Notebook X659,Laptop,Acer,713.83,3.5,83,72,25,12,628,High
EOS-00015,Motorola Budget Phone Y401,Smartphone,Motorola,725.23,3.7,169,141,13,24,566,Medium
EOS-00016,Microsoft Mini Tablet C747,Tablet,Microsoft,944.72,4.1,51,245,35,12,476,Medium
EOS-00017,Apple Foldable Phone I366,Smartphone,Apple,792.55,3.8,148,153,31,12,345,Low
EOS-00018,Hisense Mini LED TV P382,TV,Hisense,1887.55,3.8,273,132,9,12,636,High
EOS-00019,Motorola 5G Phone Y763,Smartphone,Motorola,536.47,4.1,455,136,17,24,554,Medium
EOS-00020,Sennheiser Earbuds U202,Headphones,Sennheiser,182.5,4.7,82,0,13,12,392,Low
EOS-00021,LG 4K Monitor L386,Monitor,LG,1381.66,3.3,58,316,0,24,363,Low
EOS-00022,Motorola Budget Phone X563,Smartphone,Motorola,721.55,3.8,135,113,11,12,450,Medium
EOS-00023,Logitech Noise Cancelling Headphones I106,Headphones,Logitech,162.17,4.0,83,123,40,12,477,Medium
EOS-00024,Amazfit Hybrid Watch C664,Smartwatch,Amazfit,538.39,4.1,208,194,20,24,429,Medium
EOS-00025,Meta VR Bundle D248,Gaming Console,Meta,336.29,4.1,374,128,17,12,369,Low
EOS-00026,Xiaomi Foldable Phone J513,Smartphone,Xiaomi,875.22,3.8,142,106,30,24,691,High
EOS-00027,Samsung Gaming Monitor Q671,Monitor,Samsung,769.29,3.8,156,199,0,36,478,Medium
EOS-00028,TCL QLED TV C748,TV,TCL,616.14,4.0,54,235,22,36,467,Medium
EOS-00029,Asus Creator Laptop Q225,Laptop,Asus,907.17,4.6,226,151,15,36,445,Medium
EOS-00030,Apple Gaming Laptop D814,Laptop,Apple,1887.55,4.0,262,186,27,36,470,Medium
EOS-00031,Samsung Drawing Tablet E225,Tablet,Samsung,562.46,4.5,60,233,6,24,546,Medium
EOS-00032,Logitech Webcam S749,Accessory,Logitech,126.58,4.3,455,0,34,24,641,High
EOS-00033,Microsoft Tablet L138,Tablet,Microsoft,331.11,4.2,214,31,0,24,521,Medium
EOS-00034,Logitech Power Bank R359,Accessory,Logitech,527.96,4.4,175,80,12,24,520,Medium
EOS-00035,Dell 2-in-1 Laptop A860,Laptop,Dell,1767.2,2.9,47,0,6,36,350,Low
EOS-00036,Samsung Ultrawide Monitor B569,Monitor,Samsung,374.89,4.7,159,88,0,12,570,Medium
EOS-00037,GoPro Vlogging Camera B588,Camera,GoPro,615.67,4.3,135,194,7,12,403,Medium
EOS-00038,Panasonic Action Camera O721,Camera,Panasonic,1157.26,4.7,114,204,11,36,510,Medium
EOS-00039,Sony Gaming Headset D953,Headphones,Sony,163.35,4.1,300,153,14,12,330,Low
EOS-00040,Microsoft Pro Tablet A321,Tablet,Microsoft,414.83,5.0,305,154,10,24,631,High
EOS-00041,Samsung Fitness Watch L321,Smartwatch,Samsung,315.9,5.0,175,136,21,24,470,Medium
EOS-00042,Samsung Gaming Monitor M911,Monitor,Samsung,698.19,4.4,302,109,20,12,395,Low
EOS-00043,AOC Office Monitor W792,Monitor,AOC,979.08,4.5,83,0,8,36,399,Low
EOS-00044,Hisense Mini LED TV K280,TV,Hisense,1307.23,4.0,253,176,6,36,499,Medium
EOS-00045,Belkin Wireless Mouse D945,Accessory,Belkin,163.01,3.8,371,148,33,6,355,Low
EOS-00046,Apple Budget Phone H814,Smartphone,Apple,465.59,4.6,10,11,5,24,447,Medium
EOS-00047,Apple Creator Laptop J208,Laptop,Apple,527.96,4.4,195,150,39,24,439,Medium
EOS-00048,Lenovo Mini Tablet M646,Tablet,Lenovo,375.63,3.5,141,133,5,12,510,Medium
EOS-00049,JBL Studio Headphones H685,Headphones,JBL,82.52,4.0,179,143,0,12,574,Medium
EOS-00050,LG OLED TV Z238,TV,LG,1095.21,3.4,241,47,4,24,460,Medium
EOS-00051,Philips Smart TV T166,TV,Philips,1032.91,3.1,48,93,24,24,367,Low
EOS-00052,HP 2-in-1 Laptop O690,Laptop,HP,913.6,4.3,249,12,21,12,442,Medium
EOS-00053,AOC Curved Monitor T782,Monitor,AOC,730.77,4.1,91,99,15,24,439,Medium
EOS-00054,Asus Gaming Monitor R878,Monitor,Asus,331.83,2.7,403,101,0,24,426,Medium
EOS-00055,Acer Creator Laptop I545,Laptop,Acer,621.04,4.4,455,106,13,24,490,Medium
EOS-00056,JBL Earbuds D965,Headphones,JBL,335.38,3.4,223,69,17,12,249,Low
EOS-00057,Amazfit Fitness Watch H868,Smartwatch,Amazfit,303.64,3.1,33,93,0,24,365,Low
EOS-00058,Apple Tablet E522,Tablet,Apple,1300.0,4.2,195,187,22,24,285,Low
EOS-00059,Samsung Smartwatch C614,Smartwatch,Samsung,256.23,3.8,186,196,0,12,262,Low
EOS-00060,Bose Gaming Headset N307,Headphones,Bose,261.27,3.9,62,203,3,6,409,Medium
EOS-00061,Lenovo Gaming Laptop C305,Laptop,Lenovo,763.63,4.0,127,20,23,36,475,Medium
EOS-00062,Motorola Smartphone M386,Smartphone,Motorola,391.68,4.8,182,50,1,24,605,High
EOS-00063,Logitech Webcam A352,Accessory,Logitech,122.99,4.4,33,200,29,12,343,Low
EOS-00064,Sony DSLR Camera E233,Camera,Sony,831.87,3.5,150,58,39,36,508,Medium
EOS-00065,Sony Console Bundle P859,Gaming Console,Sony,660.97,4.3,245,153,0,12,293,Low
EOS-00066,Hisense 4K TV I930,TV,Hisense,1402.13,4.7,150,53,19,24,428,Medium
EOS-00067,Belkin Power Bank P408,Accessory,Belkin,87.11,4.1,154,54,13,6,440,Medium
EOS-00068,LG Curved Monitor A786,Monitor,LG,829.6,4.6,291,70,1,24,582,Medium
EOS-00069,Hisense Smart TV Z243,TV,Hisense,1082.79,4.1,128,147,8,12,482,Medium
EOS-00070,Xiaomi Budget Phone Z686,Smartphone,Xiaomi,477.8,4.8,54,0,15,12,632,High
EOS-00071,Valve Handheld Console O988,Gaming Console,Valve,226.75,3.8,81,107,32,24,709,High
EOS-00072,Philips OLED TV X403,TV,Philips,1325.94,4.2,455,80,26,36,592,Medium
EOS-00073,Logitech Gaming Headset D530,Headphones,Logitech,184.23,4.2,65,125,16,6,410,Medium
EOS-00074,JBL Studio Headphones G371,Headphones,JBL,179.5,3.4,243,0,0,6,411,Medium
EOS-00075,Dell Curved Monitor Z461,Monitor,Dell,321.46,3.4,58,217,9,24,306,Low
EOS-00076,Samsung Pro Smartphone G138,Smartphone,Samsung,515.67,4.6,86,163,0,12,497,Medium
EOS-00077,Razer Webcam D220,Accessory,Razer,78.31,3.3,157,77,19,12,500,Medium
EOS-00078,AOC Curved Monitor I505,Monitor,AOC,672.57,4.7,23,69,16,36,593,Medium
EOS-00079,Huawei Smartwatch L886,Smartwatch,Huawei,325.92,4.0,203,245,18,24,414,Medium
EOS-00080,HP Business Notebook X433,Laptop,HP,1813.02,4.3,322,105,19,36,202,Low
EOS-00081,Google Foldable Phone X577,Smartphone,Google,527.96,3.6,354,287,14,24,660,High
EOS-00082,Fujifilm DSLR Camera A682,Camera,Fujifilm,532.09,3.9,82,132,11,24,579,Medium
EOS-00083,Hisense QLED TV L988,TV,Hisense,1038.31,3.2,203,22,17,36,558,Medium
EOS-00084,AOC Office Monitor T234,Monitor,AOC,695.63,3.8,102,233,36,36,500,Medium
EOS-00085,Huawei Hybrid Watch X759,Smartwatch,Huawei,456.35,4.0,82,174,15,12,452,Medium
EOS-00086,MSI 2-in-1 Laptop I352,Laptop,MSI,1887.55,3.7,31,58,15,12,362,Low
EOS-00087,Corsair Power Bank F495,Accessory,Corsair,114.36,2.8,112,132,14,6,492,Medium
EOS-00088,Asus Gaming Laptop K830,Laptop,Asus,1215.9,4.5,96,177,3,24,551,Medium
EOS-00089,Xiaomi Budget Phone X644,Smartphone,Xiaomi,757.42,3.5,202,115,16,12,444,Medium
EOS-00090,Apple 5G Phone G220,Smartphone,Apple,724.79,3.9,371,209,7,12,429,Medium
EOS-00091,Google Smartphone U668,Smartphone,Google,359.31,3.9,34,145,30,24,606,High
EOS-00092,OnePlus Budget Phone U365,Smartphone,OnePlus,610.1,4.1,109,21,22,12,464,Medium
EOS-00093,Canon DSLR Camera Z786,Camera,Canon,1707.49,4.9,210,216,28,24,579,Medium
EOS-00094,Meta Gaming Console V923,Gaming Console,Meta,263.43,4.7,261,110,1,24,578,Medium
EOS-00095,Apple Smartphone N123,Smartphone,Apple,380.27,4.2,149,113,12,24,649,High
EOS-00096,LG Curved Monitor V742,Monitor,LG,470.83,3.6,356,220,15,36,494,Medium
EOS-00097,Lenovo Tablet F867,Tablet,Lenovo,370.69,4.0,238,103,27,24,647,High
EOS-00098,Nikon Action Camera L105,Camera,Nikon,1033.52,4.0,375,30,0,24,346,Low
EOS-00099,Garmin GPS Watch V413,Smartwatch,Garmin,708.65,3.8,113,0,13,12,256,Low
EOS-00100,Logitech Wireless Headphones H799,Headphones,Logitech,191.06,3.3,150,174,14,6,451,Medium
EOS-00101,Dell 4K Monitor M472,Monitor,Dell,834.02,3.9,247,267,0,36,426,Medium
EOS-00102,Sennheiser Studio Headphones E820,Headphones,Sennheiser,151.2,3.6,87,68,42,6,525,Medium
EOS-00103,Corsair Wireless Mouse C497,Accessory,Corsair,527.96,3.0,13,222,14,24,523,Medium
EOS-00104,Sony Noise Cancelling Headphones I823,Headphones,Sony,122.15,4.3,220,51,0,12,358,Low
EOS-00105,Garmin Sports Watch D440,Smartwatch,Garmin,407.2,4.3,391,59,35,12,608,High
EOS-00106,Corsair Wireless Mouse K578,Accessory,Corsair,42.96,4.5,384,151,6,6,611,High
EOS-00107,OnePlus Smartphone S992,Smartphone,OnePlus,619.92,4.4,105,121,4,24,581,Medium
EOS-00108,Microsoft USB-C Hub K315,Accessory,Microsoft,102.51,3.7,151,243,19,6,351,Low
EOS-00109,JBL Gaming Headset A293,Headphones,JBL,177.22,3.3,146,187,17,6,274,Low
EOS-00110,Logitech Power Bank Z755,Accessory,Logitech,64.36,3.4,66,0,22,12,274,Low
EOS-00111,Apple Gaming Headset J555,Headphones,Apple,135.41,3.4,255,158,21,24,513,Medium
EOS-00112,TCL OLED TV E542,TV,TCL,527.96,4.0,35,197,18,12,541,Medium
EOS-00113,Asus Ultrabook Y427,Laptop,Asus,1373.91,4.2,455,176,46,24,553,Medium
EOS-00114,Garmin Sports Watch Z104,Smartwatch,Garmin,890.7,4.2,82,122,11,24,234,Low
EOS-00115,Google 5G Phone N277,Smartphone,Google,472.27,3.8,123,194,0,12,481,Medium
EOS-00116,Acer Creator Laptop W967,Laptop,Acer,1873.73,3.2,259,17,14,24,460,Medium
EOS-00117,Razer Webcam S274,Accessory,Razer,23.85,3.8,132,136,29,6,501,Medium
EOS-00118,Canon Mirrorless Camera A419,Camera,Canon,1210.69,3.0,455,117,14,36,505,Medium
EOS-00119,HP Gaming Laptop F214,Laptop,HP,1663.16,4.1,232,165,9,24,428,Medium
EOS-00120,Asus Business Notebook F245,Laptop,Asus,1887.55,4.5,152,115,19,12,407,Medium
EOS-00121,Google Foldable Phone S188,Smartphone,Google,829.84,3.9,69,15,17,24,209,Low
EOS-00122,Apple Wireless Headphones K744,Headphones,Apple,186.23,3.2,368,150,42,12,432,Medium
EOS-00123,AOC 4K Monitor Q733,Monitor,AOC,443.64,4.8,137,136,36,24,567,Medium
EOS-00124,Sennheiser Studio Headphones V301,Headphones,Sennheiser,161.23,3.3,44,6,16,6,271,Low
EOS-00125,OnePlus Pro Smartphone C775,Smartphone,OnePlus,307.98,3.8,424,169,16,24,531,Medium
EOS-00126,Logitech Studio Headphones D198,Headphones,Logitech,171.59,3.7,146,54,10,12,390,Low
EOS-00127,JBL Wireless Headphones V428,Headphones,JBL,119.54,4.7,188,164,0,24,676,High
EOS-00128,Logitech Studio Headphones H496,Headphones,Logitech,64.45,3.1,173,221,11,24,226,Low
EOS-00129,Asus Gaming Monitor U989,Monitor,Asus,861.24,4.7,131,173,21,24,435,Medium
EOS-00130,Apple Pro Smartphone U488,Smartphone,Apple,277.67,3.5,383,188,17,12,833,High
EOS-00131,Fitbit Sports Watch H302,Smartwatch,Fitbit,376.36,3.1,83,104,0,24,386,Low
EOS-00132,Motorola Pro Smartphone X728,Smartphone,Motorola,631.89,3.6,55,85,1,12,352,Low
EOS-00133,Meta Retro Console U755,Gaming Console,Meta,374.48,3.2,49,202,0,12,489,Medium
EOS-00134,Dell Creator Laptop K220,Laptop,Dell,586.67,2.7,277,98,0,36,414,Medium
EOS-00135,Sennheiser Noise Cancelling Headphones K313,Headphones,Sennheiser,176.28,4.9,60,209,30,6,623,High
EOS-00136,Microsoft Handheld Console X668,Gaming Console,Microsoft,316.92,4.2,123,135,6,12,505,Medium
EOS-00137,Dell Gaming Laptop E586,Laptop,Dell,1242.43,4.4,318,209,0,12,625,High
EOS-00138,GoPro Vlogging Camera T244,Camera,GoPro,975.82,4.2,302,198,15,24,449,Medium
EOS-00139,Xiaomi Budget Phone D360,Smartphone,Xiaomi,303.17,4.0,136,117,6,24,672,High
EOS-00140,Huawei Smartwatch E299,Smartwatch,Huawei,375.17,3.0,247,297,1,24,638,High
EOS-00141,Sennheiser Earbuds W364,Headphones,Sennheiser,179.75,3.6,139,139,20,24,414,Medium
EOS-00142,BenQ Ultrawide Monitor A474,Monitor,BenQ,269.77,3.4,97,85,22,36,517,Medium
EOS-00143,Lenovo Creator Laptop T406,Laptop,Lenovo,1134.57,3.2,98,158,9,12,343,Low
EOS-00144,Samsung QLED TV Q973,TV,Samsung,438.99,4.1,455,148,27,36,352,Low
EOS-00145,Apple Smartphone Z178,Smartphone,Apple,628.12,3.7,98,36,27,12,583,Medium
EOS-00146,OnePlus Foldable Phone V250,Smartphone,OnePlus,467.59,4.0,153,127,12,24,551,Medium
EOS-00147,Xiaomi Pro Smartphone U285,Smartphone,Xiaomi,623.82,3.8,376,38,23,24,498,Medium
EOS-00148,Xiaomi Budget Phone R394,Smartphone,Xiaomi,449.09,3.6,95,174,35,24,463,Medium
EOS-00149,TCL QLED TV R963,TV,TCL,776.8,3.4,134,188,3,36,453,Medium
EOS-00150,Sony Gaming Headset Q401,Headphones,Sony,180.97,3.3,173,232,24,12,248,Low
EOS-00151,Apple Gaming Headset Z293,Headphones,Apple,77.35,4.2,290,129,18,24,417,Medium
EOS-00152,Samsung Budget Phone Y240,Smartphone,Samsung,486.09,4.0,203,101,16,12,556,Medium
EOS-00153,Samsung Ultrawide Monitor Z748,Monitor,Samsung,218.03,4.2,150,97,22,36,576,Medium
EOS-00154,Anker Mechanical Keyboard F133,Accessory,Anker,115.83,3.5,235,239,4,24,480,Medium
EOS-00155,Apple GPS Watch O985,Smartwatch,Apple,327.72,4.1,122,66,7,12,401,Medium
EOS-00156,Samsung Smartphone T823,Smartphone,Samsung,358.71,3.8,233,146,11,12,499,Medium
EOS-00157,Dell Curved Monitor E403,Monitor,Dell,282.66,4.4,59,201,18,12,586,Medium
EOS-00158,Motorola Smartphone F759,Smartphone,Motorola,460.79,3.7,53,2,23,12,436,Medium
EOS-00159,Lenovo Pro Tablet S658,Tablet,Lenovo,495.44,2.9,180,143,0,24,422,Medium
EOS-00160,Apple 5G Phone B372,Smartphone,Apple,456.71,3.1,204,54,8,12,502,Medium
EOS-00161,Belkin USB-C Hub A532,Accessory,Belkin,92.61,3.7,202,165,21,24,281,Low
EOS-00162,Fitbit Fitness Watch D120,Smartwatch,Fitbit,162.84,3.4,292,209,14,12,398,Low
EOS-00163,Xiaomi 5G Phone F529,Smartphone,Xiaomi,494.79,3.5,340,242,14,24,398,Low
EOS-00164,Samsung Pro Smartphone S559,Smartphone,Samsung,222.43,3.8,26,66,4,12,525,Medium
EOS-00165,AOC Office Monitor N268,Monitor,AOC,334.23,4.5,52,88,16,24,493,Medium
EOS-00166,Asus Ultrabook H782,Laptop,Asus,1169.11,3.8,254,108,16,24,468,Medium
EOS-00167,Asus Business Notebook G868,Laptop,Asus,1515.91,4.1,96,112,5,12,405,Medium
EOS-00168,Dell Ultrabook U762,Laptop,Dell,1555.05,4.1,281,157,18,24,620,High
EOS-00169,Apple Gaming Headset O361,Headphones,Apple,177.33,3.2,308,52,29,6,508,Medium
EOS-00170,Apple Foldable Phone B891,Smartphone,Apple,1213.61,4.1,146,170,20,24,351,Low
EOS-00171,Dell 4K Monitor L606,Monitor,Dell,683.48,2.6,172,221,9,12,369,Low
EOS-00172,Sony OLED TV E338,TV,Sony,799.3,4.2,274,264,5,24,515,Medium
EOS-00173,Samsung Office Monitor I473,Monitor,Samsung,748.42,3.3,315,155,21,36,288,Low
EOS-00174,Razer Wireless Mouse I949,Accessory,Razer,97.99,4.2,118,197,14,24,440,Medium
EOS-00175,Xiaomi Budget Phone H362,Smartphone,Xiaomi,608.61,3.3,145,0,4,12,378,Low
EOS-00176,Razer Webcam Y742,Accessory,Razer,83.03,3.7,90,143,22,24,544,Medium
EOS-00177,Apple Mini Tablet Y566,Tablet,Apple,209.8,4.8,179,80,24,24,706,High
EOS-00178,Apple Business Notebook H924,Laptop,Apple,1450.37,4.3,272,164,11,36,522,Medium
EOS-00179,Huawei Mini Tablet N701,Tablet,Huawei,328.88,4.0,146,284,8,12,595,Medium
EOS-00180,Nintendo VR Bundle Z417,Gaming Console,Nintendo,262.93,3.8,178,152,30,12,781,High
EOS-00181,LG 4K TV B332,TV,LG,817.86,4.0,112,125,23,12,502,Medium
EOS-00182,Apple Mini Tablet P625,Tablet,Apple,642.05,3.6,99,221,22,24,772,High
EOS-00183,Razer Power Bank I204,Accessory,Razer,59.1,3.4,118,153,15,24,571,Medium
EOS-00184,Lenovo Tablet R851,Tablet,Lenovo,204.73,3.4,28,121,9,12,580,Medium
EOS-00185,Lenovo Kids Tablet G360,Tablet,Lenovo,511.66,3.0,130,114,5,24,413,Medium
EOS-00186,Anker Wireless Mouse N127,Accessory,Anker,70.58,4.2,226,185,26,12,569,Medium
EOS-00187,Samsung OLED TV N737,TV,Samsung,933.3,3.2,159,136,5,36,491,Medium
EOS-00188,AOC 4K Monitor Q347,Monitor,AOC,659.29,3.4,48,65,2,36,331,Low
EOS-00189,Logitech Power Bank S381,Accessory,Logitech,46.29,4.5,209,19,6,6,519,Medium
EOS-00190,Bose Wireless Headphones M102,Headphones,Bose,252.12,3.3,188,205,21,24,371,Low
EOS-00191,Apple Tablet H209,Tablet,Apple,622.41,3.9,199,174,25,12,214,Low
EOS-00192,Garmin Smartwatch M687,Smartwatch,Garmin,549.18,4.0,305,162,19,24,691,High
EOS-00193,Google 5G Phone B589,Smartphone,Google,1019.4,3.8,316,310,5,12,356,Low
EOS-00194,Xiaomi 5G Phone O188,Smartphone,Xiaomi,700.62,3.7,455,220,18,24,625,High
EOS-00195,Philips 4K TV R136,TV,Philips,1097.92,4.2,455,159,30,12,343,Low
EOS-00196,LG Gaming Monitor P342,Monitor,LG,572.0,4.5,70,148,14,12,723,High
EOS-00197,Samsung QLED TV B451,TV,Samsung,1887.55,3.9,18,186,3,12,357,Low
EOS-00198,Nikon Instant Camera U916,Camera,Nikon,966.99,4.1,53,140,18,12,740,High
EOS-00199,Bose Wireless Headphones N853,Headphones,Bose,450.0,4.8,308,68,24,6,360,Low
EOS-00200,BenQ Ultrawide Monitor S271,Monitor,BenQ,665.06,3.6,154,110,24,24,476,Medium
EOS-00201,Samsung GPS Watch R533,Smartwatch,Samsung,522.16,4.0,21,13,18,12,293,Low
EOS-00202,Huawei Hybrid Watch P598,Smartwatch,Huawei,257.71,4.5,182,69,0,12,295,Low
EOS-00203,Lenovo Business Notebook P432,Laptop,Lenovo,565.45,3.2,306,77,7,24,252,Low
EOS-00204,Samsung Mini Tablet B820,Tablet,Samsung,495.33,4.6,147,23,27,24,523,Medium
EOS-00205,MSI Business Notebook P709,Laptop,MSI,781.7,4.2,286,134,21,24,707,High
EOS-00206,Acer Business Notebook R713,Laptop,Acer,1719.7,4.5,98,167,5,24,532,Medium
EOS-00207,HP 2-in-1 Laptop C793,Laptop,HP,690.31,3.3,133,80,5,12,649,High
EOS-00208,Razer USB-C Hub D917,Accessory,Razer,100.44,4.3,70,0,17,24,595,Medium
EOS-00209,Sony Handheld Console J943,Gaming Console,Sony,360.04,3.9,161,226,14,24,516,Medium
EOS-00210,Samsung Hybrid Watch M653,Smartwatch,Samsung,298.16,2.8,97,168,17,12,559,Medium
EOS-00211,LG Mini LED TV N527,TV,LG,1878.57,3.8,150,145,24,12,400,Medium
EOS-00212,Apple Smartwatch Q283,Smartwatch,Apple,285.92,5.0,127,262,23,12,626,High
EOS-00213,Sony Studio Headphones K611,Headphones,Sony,176.76,4.1,131,69,4,6,557,Medium
EOS-00214,Apple Studio Headphones R928,Headphones,Apple,225.67,4.0,102,271,0,12,297,Low
EOS-00215,Bose Studio Headphones U625,Headphones,Bose,133.44,2.8,261,234,19,24,711,High
EOS-00216,Apple GPS Watch K266,Smartwatch,Apple,383.89,3.0,206,174,32,24,481,Medium
EOS-00217,Sennheiser Earbuds F929,Headphones,Sennheiser,293.61,3.5,282,128,20,6,508,Medium
EOS-00218,LG OLED TV W785,TV,Apple,1887.55,4.3,241,72,29,24,291,Low
EOS-00219,AOC Curved Monitor K609,Monitor,AOC,581.14,4.6,71,116,24,24,451,Medium
EOS-00220,JBL Gaming Headset M177,Headphones,JBL,116.65,4.0,275,246,6,24,638,High
EOS-00221,Google Smartphone T588,Smartphone,Google,1147.74,3.6,144,60,14,24,543,Medium
EOS-00222,Apple Earbuds W602,Headphones,Apple,121.68,4.3,139,63,32,24,609,High
EOS-00223,Logitech Mechanical Keyboard G326,Accessory,Logitech,36.89,4.7,75,88,18,12,596,Medium
EOS-00224,JBL Noise Cancelling Headphones E596,Headphones,Apple,83.24,3.8,162,111,14,6,709,High
EOS-00225,Logitech Noise Cancelling Headphones E259,Headphones,Logitech,186.64,4.9,212,161,29,24,545,Medium
EOS-00226,Google Budget Phone M572,Smartphone,Google,532.65,4.7,22,57,14,24,690,High
EOS-00227,Garmin Smartwatch Q355,Smartwatch,Garmin,213.72,4.5,57,213,17,24,293,Low
EOS-00228,Microsoft Console Bundle X183,Gaming Console,Microsoft,517.65,4.0,56,134,16,12,420,Medium
EOS-00229,Samsung Mini Tablet F826,Tablet,Samsung,513.19,3.7,112,118,37,12,332,Low
EOS-00230,Fitbit Fitness Watch Q675,Smartwatch,Fitbit,262.78,3.5,150,227,4,24,285,Low
EOS-00231,Hisense Mini LED TV E197,TV,Hisense,1011.77,3.9,247,102,0,12,452,Medium
EOS-00232,Google Foldable Phone R873,Smartphone,Google,878.44,3.6,33,192,8,24,336,Low
EOS-00233,Bose Noise Cancelling Headphones V782,Headphones,Bose,205.25,3.9,132,314,21,24,414,Medium
EOS-00234,Xiaomi 5G Phone P346,Smartphone,Xiaomi,958.57,4.2,159,126,8,24,521,Medium
EOS-00235,Philips Mini LED TV L369,TV,Philips,1694.13,4.3,122,84,11,24,436,Medium
EOS-00236,Apple Ultrabook Q275,Laptop,Apple,513.82,4.2,43,104,9,24,492,Medium
EOS-00237,Samsung Hybrid Watch I680,Smartwatch,Samsung,460.36,3.2,184,57,15,12,709,High
EOS-00238,Corsair Power Bank C699,Accessory,Corsair,134.74,4.5,64,122,21,6,543,Medium
EOS-00239,Belkin Webcam B329,Accessory,Belkin,120.47,3.6,61,86,24,12,520,Medium
EOS-00240,HP 2-in-1 Laptop S407,Laptop,HP,1887.55,4.0,163,67,0,36,460,Medium
EOS-00241,GoPro DSLR Camera F849,Camera,GoPro,1887.55,4.0,221,82,2,12,246,Low
EOS-00242,Valve Retro Console E521,Gaming Console,Valve,450.22,4.2,269,209,14,12,548,Medium
EOS-00243,Samsung Fitness Watch I853,Smartwatch,Samsung,380.81,3.9,87,45,26,12,470,Medium
EOS-00244,Amazfit Sports Watch E650,Smartwatch,Amazfit,247.37,3.8,153,131,0,24,580,Medium
EOS-00245,Fujifilm Instant Camera H934,Camera,Fujifilm,1887.55,4.9,452,193,14,12,287,Low
EOS-00246,Microsoft Pro Tablet O352,Tablet,Microsoft,536.13,3.3,117,190,29,24,227,Low
EOS-00247,Lenovo 2-in-1 Laptop U887,Laptop,Lenovo,867.87,4.9,334,109,13,36,744,High
EOS-00248,Anker Power Bank C104,Accessory,Anker,121.72,3.8,8,58,21,6,540,Medium
EOS-00249,Lenovo Pro Tablet U705,Tablet,Lenovo,339.84,4.0,86,127,27,24,479,Medium
EOS-00250,JBL Earbuds T646,Headphones,JBL,86.46,3.6,136,290,13,6,517,Medium
EOS-00251,JBL Gaming Headset Q921,Headphones,JBL,174.07,4.9,174,174,34,24,664,High
EOS-00252,Samsung Budget Phone T178,Smartphone,Samsung,857.92,3.8,331,267,0,24,268,Low
EOS-00253,Apple 5G Phone F451,Smartphone,Apple,527.96,3.8,107,199,8,12,382,Low
EOS-00254,Anker Power Bank W734,Accessory,Anker,49.93,4.8,197,118,15,24,413,Medium
EOS-00255,Canon Vlogging Camera R527,Camera,Canon,565.48,4.2,303,139,13,36,659,High
EOS-00256,Google Smartphone R327,Smartphone,Google,649.46,3.8,208,192,32,12,382,Low
EOS-00257,Hisense OLED TV Y134,TV,Hisense,1024.68,3.7,87,212,17,36,476,Medium
EOS-00258,Lenovo Kids Tablet E248,Tablet,Lenovo,1205.1,3.5,264,20,24,24,280,Low
EOS-00259,Microsoft Pro Tablet D149,Tablet,Microsoft,383.72,3.4,175,97,23,24,451,Medium
EOS-00260,Canon Mirrorless Camera R406,Camera,Canon,1499.32,3.6,451,222,7,36,391,Low
EOS-00261,AOC Ultrawide Monitor J231,Monitor,AOC,513.4,4.0,248,39,5,12,721,High
EOS-00262,OnePlus 5G Phone H611,Smartphone,OnePlus,439.54,3.9,76,153,17,24,568,Medium
EOS-00263,Microsoft Console Bundle X256,Gaming Console,Microsoft,271.67,4.2,455,133,7,12,566,Medium
EOS-00264,Valve Gaming Console P269,Gaming Console,Valve,345.92,5.0,125,102,19,24,722,High
EOS-00265,Valve Retro Console R503,Gaming Console,Valve,454.72,3.9,92,316,11,12,407,Medium
EOS-00266,Apple 5G Phone J650,Smartphone,Apple,443.89,4.2,72,65,0,24,626,High
EOS-00267,Sony Wireless Headphones Z104,Headphones,Sony,233.48,4.1,228,60,0,6,525,Medium
EOS-00268,LG Smart TV B255,TV,LG,1064.34,3.3,41,136,0,12,388,Low
EOS-00269,TCL 4K TV S243,TV,TCL,965.6,4.6,118,160,10,12,644,High
EOS-00270,Canon Vlogging Camera Q432,Camera,Canon,1349.94,3.4,290,37,29,24,657,High
EOS-00271,Apple Studio Headphones M204,Headphones,Apple,177.59,3.7,70,173,0,6,433,Medium
EOS-00272,Belkin Power Bank O816,Accessory,Belkin,142.01,4.4,272,207,4,6,497,Medium
EOS-00273,Nintendo Handheld Console P505,Gaming Console,Nintendo,557.75,4.1,313,31,26,12,453,Medium
EOS-00274,Samsung Pro Tablet N844,Tablet,Samsung,496.78,3.4,188,95,19,12,445,Medium
EOS-00275,Amazfit Hybrid Watch U607,Smartwatch,Amazfit,290.82,3.8,22,197,0,12,512,Medium
EOS-00276,Philips Mini LED TV I102,TV,Philips,895.75,4.6,44,101,2,24,479,Medium
EOS-00277,MSI Creator Laptop W533,Laptop,MSI,1484.55,4.0,106,168,39,24,833,High
EOS-00278,Fitbit Hybrid Watch F322,Smartwatch,Fitbit,200.04,3.8,100,117,16,24,552,Medium
EOS-00279,Microsoft USB-C Hub B470,Accessory,Microsoft,42.07,3.8,168,193,18,24,479,Medium
EOS-00280,Motorola Smartphone N743,Smartphone,Motorola,253.98,3.8,155,112,20,12,421,Medium
EOS-00281,LG Curved Monitor W753,Monitor,LG,273.73,3.9,179,167,3,36,618,High
EOS-00282,Amazfit Fitness Watch Z892,Smartwatch,Amazfit,238.15,3.7,63,126,0,24,424,Medium
EOS-00283,Dell Office Monitor I670,Monitor,Dell,607.45,4.1,123,26,7,12,466,Medium
EOS-00284,Anker Mechanical Keyboard X449,Accessory,Anker,527.96,4.2,455,124,20,24,362,Low
EOS-00285,Huawei Kids Tablet Z364,Tablet,Huawei,330.88,3.4,222,66,11,24,494,Medium
EOS-00286,JBL Earbuds S575,Headphones,JBL,80.05,3.3,241,104,35,6,348,Low
EOS-00287,Acer Business Notebook V126,Laptop,Acer,739.7,4.0,162,139,29,12,660,High
EOS-00288,JBL Wireless Headphones V863,Headphones,JBL,187.93,4.3,455,17,31,24,429,Medium
EOS-00289,Huawei GPS Watch T969,Smartwatch,Huawei,277.2,5.0,455,134,10,12,504,Medium
EOS-00290,MSI Business Notebook A758,Laptop,MSI,597.22,4.4,455,232,4,12,497,Medium
EOS-00291,Samsung Curved Monitor F232,Monitor,Samsung,293.28,4.0,209,225,0,36,403,Medium
EOS-00292,Apple Mini Tablet U388,Tablet,Apple,262.62,4.3,16,209,15,24,663,High
EOS-00293,Dell 4K Monitor M479,Monitor,Dell,737.07,4.1,159,45,3,12,564,Medium
EOS-00294,Samsung OLED TV B449,TV,Samsung,1126.36,4.3,124,174,0,24,581,Medium
EOS-00295,Sony Handheld Console I987,Gaming Console,Sony,473.99,3.2,90,154,11,12,415,Medium
EOS-00296,Corsair Power Bank A616,Accessory,Corsair,75.31,3.1,69,156,0,12,515,Medium
EOS-00297,Samsung Pro Tablet E286,Tablet,Samsung,585.15,3.3,277,190,5,24,444,Medium
EOS-00298,Canon Action Camera E553,Camera,Canon,1887.55,4.6,80,78,0,36,305,Low
EOS-00299,Google Pro Smartphone A947,Smartphone,Google,770.7,3.5,242,42,12,12,625,High
EOS-00300,Lenovo Pro Tablet F321,Tablet,Lenovo,656.14,4.4,192,126,7,12,503,Medium
EOS-00301,Apple 5G Phone K804,Smartphone,Apple,1495.63,4.0,142,272,2,12,234,Low
EOS-00302,Microsoft Mini Tablet O432,Tablet,Apple,527.96,3.8,455,90,0,12,742,High
EOS-00303,Sony Action Camera J134,Camera,Sony,527.96,3.1,374,127,22,12,366,Low
EOS-00304,Dell Office Monitor G265,Monitor,Dell,781.07,4.7,85,111,18,24,484,Medium
EOS-00305,Belkin USB-C Hub T233,Accessory,Belkin,57.13,4.7,229,213,7,12,423,Medium
EOS-00306,Meta Retro Console U756,Gaming Console,Meta,205.54,3.1,415,84,11,24,589,Medium
EOS-00307,Xiaomi 5G Phone S874,Smartphone,Xiaomi,665.99,4.5,242,154,12,12,450,Medium
EOS-00308,Lenovo Tablet F312,Tablet,Lenovo,545.35,3.9,34,52,0,12,492,Medium
EOS-00309,Razer Webcam I432,Accessory,Razer,210.64,3.4,226,135,7,12,308,Low
EOS-00310,TCL OLED TV V476,TV,TCL,1515.14,5.0,350,124,0,12,520,Medium
EOS-00311,Huawei Hybrid Watch Y206,Smartwatch,Huawei,181.37,4.0,71,75,21,12,564,Medium
EOS-00312,Sony Vlogging Camera U808,Camera,Sony,1328.28,3.9,158,69,24,12,523,Medium
EOS-00313,Anker Webcam U819,Accessory,Anker,130.6,3.9,358,174,18,12,457,Medium
EOS-00314,Nintendo Console Bundle Q480,Gaming Console,Nintendo,308.14,3.7,389,96,0,24,432,Medium
EOS-00315,Sennheiser Earbuds M163,Headphones,Sennheiser,237.39,3.6,341,85,12,24,385,Low
EOS-00316,Microsoft Mechanical Keyboard N336,Accessory,Microsoft,48.9,4.2,26,183,18,12,602,High
EOS-00317,Sony Handheld Console L104,Gaming Console,Sony,527.98,3.8,45,168,28,24,412,Medium
EOS-00318,Fujifilm Action Camera M833,Camera,Fujifilm,427.25,3.5,351,44,11,12,598,Medium
EOS-00319,TCL QLED TV X534,TV,Apple,1730.02,3.2,131,56,25,12,358,Low
EOS-00320,Amazfit Fitness Watch Y194,Smartwatch,Amazfit,96.67,3.5,167,158,18,24,482,Medium
EOS-00321,Samsung QLED TV V463,TV,Samsung,1215.17,4.1,393,197,29,24,500,Medium
EOS-00322,Garmin Smartwatch R189,Smartwatch,Garmin,350.18,3.4,66,117,5,24,479,Medium
EOS-00323,Asus Gaming Monitor N423,Monitor,Asus,284.47,4.0,184,136,0,24,800,High
EOS-00324,Google 5G Phone E667,Smartphone,Google,322.64,3.8,159,49,15,12,451,Medium
EOS-00325,Samsung OLED TV B937,TV,Samsung,577.56,3.4,199,152,21,12,425,Medium
EOS-00326,Lenovo Ultrabook M917,Laptop,Lenovo,1014.51,3.4,187,150,9,12,609,High
EOS-00327,Google 5G Phone M156,Smartphone,Google,492.57,3.9,83,31,0,12,379,Low
EOS-00328,Microsoft Power Bank Z680,Accessory,Microsoft,100.14,4.4,234,113,0,12,305,Low
EOS-00329,Microsoft Mini Tablet W270,Tablet,Microsoft,1300.0,3.7,46,112,11,24,305,Low
EOS-00330,Lenovo 2-in-1 Laptop O758,Laptop,Lenovo,1641.71,4.0,268,30,0,12,421,Medium
EOS-00331,Razer Webcam Q838,Accessory,Razer,95.2,4.7,206,233,16,12,518,Medium
EOS-00332,Apple Mini Tablet V496,Tablet,Apple,195.06,4.0,144,296,14,12,371,Low
EOS-00333,LG 4K TV O776,TV,LG,860.84,4.7,348,98,12,36,414,Medium
EOS-00334,Samsung Smartwatch D187,Smartwatch,Samsung,347.69,4.1,423,150,18,24,633,High
EOS-00335,JBL Gaming Headset Q367,Headphones,JBL,85.56,3.6,91,160,29,6,455,Medium
EOS-00336,Canon Vlogging Camera B400,Camera,Canon,724.51,4.6,124,42,18,12,772,High
EOS-00337,Samsung 4K Monitor H382,Monitor,Samsung,654.74,3.5,316,147,14,36,476,Medium
EOS-00338,BenQ Ultrawide Monitor U635,Monitor,BenQ,531.24,4.1,192,22,4,24,484,Medium
EOS-00339,JBL Gaming Headset Z228,Headphones,JBL,128.63,4.3,224,141,41,12,513,Medium
EOS-00340,Dell Ultrabook N153,Laptop,Dell,635.44,3.5,133,90,12,24,573,Medium
EOS-00341,Hisense QLED TV L697,TV,Hisense,1480.27,4.5,241,123,17,12,418,Medium
EOS-00342,OnePlus 5G Phone W370,Smartphone,OnePlus,573.7,3.9,14,118,13,12,314,Low
EOS-00343,Huawei Mini Tablet U540,Tablet,Huawei,376.27,4.6,264,104,27,12,373,Low
EOS-00344,Meta Gaming Console C936,Gaming Console,Apple,387.26,3.6,53,6,21,24,484,Medium
EOS-00345,AOC Curved Monitor E583,Monitor,AOC,1218.73,3.8,251,219,32,36,474,Medium
EOS-00346,Google Smartphone S521,Smartphone,Google,451.16,4.6,283,78,7,12,510,Medium
EOS-00347,Apple 2-in-1 Laptop I521,Laptop,Apple,527.96,3.9,65,76,19,12,385,Low
EOS-00348,Meta Gaming Console B379,Gaming Console,Meta,432.14,3.9,111,1,16,24,336,Low
EOS-00349,OnePlus Pro Smartphone U933,Smartphone,OnePlus,406.78,3.6,96,223,27,12,337,Low
EOS-00350,Corsair Webcam X730,Accessory,Corsair,99.38,3.4,63,165,14,24,399,Low
EOS-00351,Motorola Smartphone B939,Smartphone,Motorola,690.38,2.8,78,135,0,24,406,Medium
EOS-00352,BenQ Curved Monitor F256,Monitor,BenQ,1376.96,4.6,258,59,30,36,308,Low
EOS-00353,Samsung Hybrid Watch R112,Smartwatch,Samsung,128.7,4.3,455,111,14,24,623,High
EOS-00354,Amazfit Hybrid Watch U137,Smartwatch,Amazfit,296.69,3.9,356,163,35,12,711,High
EOS-00355,Apple Creator Laptop F124,Laptop,Apple,1468.99,4.2,455,193,28,36,573,Medium
EOS-00356,HP Business Notebook A754,Laptop,HP,1346.98,4.0,150,70,2,36,487,Medium
EOS-00357,Asus 4K Monitor E738,Monitor,Asus,1024.98,3.9,106,1,5,12,302,Low
EOS-00358,Amazfit Smartwatch R175,Smartwatch,Amazfit,521.21,3.7,265,96,5,12,472,Medium
EOS-00359,Nikon Instant Camera E559,Camera,Nikon,1887.55,4.2,110,113,10,12,267,Low
EOS-00360,Lenovo Pro Tablet E497,Tablet,Lenovo,1013.68,3.6,86,158,9,12,337,Low
EOS-00361,Motorola Smartphone U779,Smartphone,Motorola,440.97,4.9,129,206,6,24,549,Medium
EOS-00362,Huawei Tablet B678,Tablet,Huawei,162.34,4.2,153,155,17,12,629,High
EOS-00363,Nikon DSLR Camera F189,Camera,Nikon,712.52,4.1,38,64,9,12,564,Medium
EOS-00364,Apple GPS Watch O913,Smartwatch,Apple,626.67,4.6,221,140,9,24,270,Low
EOS-00365,JBL Gaming Headset M704,Headphones,JBL,123.05,4.2,71,158,21,12,445,Medium
EOS-00366,Acer Gaming Laptop V905,Laptop,Acer,1778.71,3.8,105,154,19,12,254,Low
EOS-00367,BenQ Office Monitor H894,Monitor,BenQ,498.26,4.4,35,50,36,36,280,Low
EOS-00368,Meta Gaming Console G770,Gaming Console,Meta,903.71,4.2,207,180,10,24,278,Low
EOS-00369,Samsung Pro Smartphone J512,Smartphone,Samsung,365.7,3.5,54,134,9,24,394,Low
EOS-00370,Apple Noise Cancelling Headphones E877,Headphones,Apple,152.57,4.7,98,126,0,6,544,Medium
EOS-00371,Valve VR Bundle G993,Gaming Console,Valve,656.92,4.2,193,210,24,24,330,Low
EOS-00372,Meta Retro Console I471,Gaming Console,Meta,346.0,3.2,143,167,19,12,503,Medium
EOS-00373,Sony Noise Cancelling Headphones J410,Headphones,Sony,183.94,2.8,145,137,2,24,488,Medium
EOS-00374,Philips Smart TV U983,TV,Philips,682.66,4.2,223,86,11,36,597,Medium
EOS-00375,Acer Business Notebook O849,Laptop,Acer,1887.55,4.3,148,299,5,12,495,Medium
EOS-00376,Acer Gaming Laptop R865,Laptop,Acer,1366.26,3.7,248,145,14,36,500,Medium
EOS-00377,Apple Studio Headphones S678,Headphones,Apple,191.93,3.8,436,78,3,12,339,Low
EOS-00378,Sony DSLR Camera S828,Camera,Sony,503.37,4.6,47,80,34,12,429,Medium
EOS-00379,OnePlus Smartphone D528,Smartphone,Apple,1051.81,3.6,159,186,13,24,227,Low
EOS-00380,Xiaomi Pro Smartphone H591,Smartphone,Xiaomi,947.11,3.3,124,80,32,24,576,Medium
EOS-00381,Dell Ultrabook M506,Laptop,Dell,806.19,4.2,58,204,18,24,511,Medium
EOS-00382,Acer Business Notebook K493,Laptop,Acer,1887.55,4.1,76,82,6,36,649,High
EOS-00383,Sennheiser Wireless Headphones V732,Headphones,Sennheiser,89.93,4.4,82,114,21,6,350,Low
EOS-00384,AOC Office Monitor Y481,Monitor,AOC,647.78,3.9,45,160,27,36,239,Low
EOS-00385,Samsung 4K Monitor K857,Monitor,Samsung,760.07,4.1,338,162,21,24,337,Low
EOS-00386,Asus Ultrabook L411,Laptop,Asus,1066.52,4.4,265,153,29,24,623,High
EOS-00387,Bose Studio Headphones O462,Headphones,Bose,172.44,3.4,340,99,16,12,394,Low
EOS-00388,Huawei Drawing Tablet G428,Tablet,Huawei,301.44,5.0,223,127,15,12,757,High
EOS-00389,HP Business Notebook A290,Laptop,HP,764.23,3.0,35,47,18,24,212,Low
EOS-00390,Sennheiser Gaming Headset Z176,Headphones,Sennheiser,120.13,4.5,147,71,14,12,525,Medium
EOS-00391,OnePlus Budget Phone S793,Smartphone,OnePlus,484.99,4.1,140,134,7,12,372,Low
EOS-00392,Huawei Drawing Tablet Z778,Tablet,Huawei,705.11,4.7,254,74,0,24,513,Medium
EOS-00393,Belkin Webcam I524,Accessory,Belkin,124.16,3.5,58,137,7,6,308,Low
EOS-00394,Samsung OLED TV K299,TV,Samsung,957.27,4.6,183,77,13,36,584,Medium
EOS-00395,Amazfit Hybrid Watch O856,Smartwatch,Amazfit,252.68,4.0,180,170,20,12,456,Medium
EOS-00396,LG Ultrawide Monitor P113,Monitor,LG,356.23,3.7,409,104,18,12,295,Low
EOS-00397,Sennheiser Studio Headphones H166,Headphones,Sennheiser,263.21,3.8,60,107,13,24,346,Low
EOS-00398,MSI 2-in-1 Laptop C872,Laptop,MSI,1824.01,4.4,144,122,13,36,464,Medium
EOS-00399,Acer Gaming Laptop H813,Laptop,Acer,553.93,4.5,178,29,36,24,725,High
EOS-00400,LG OLED TV K857,TV,LG,1887.55,4.2,402,155,3,36,281,Low
EOS-00401,Anker USB-C Hub F740,Accessory,Anker,74.35,4.4,124,70,0,12,466,Medium
EOS-00402,Motorola Pro Smartphone E135,Smartphone,Motorola,611.76,3.1,46,128,21,12,253,Low
EOS-00403,Microsoft Mechanical Keyboard I863,Accessory,Microsoft,101.46,4.5,105,131,21,24,523,Medium
EOS-00404,Bose Earbuds S983,Headphones,Bose,122.6,4.0,156,128,14,6,460,Medium
EOS-00405,Xiaomi Pro Smartphone W621,Smartphone,Xiaomi,480.01,4.0,374,183,7,24,588,Medium
EOS-00406,TCL QLED TV G157,TV,TCL,766.26,3.6,33,0,2,36,502,Medium
EOS-00407,Apple Foldable Phone G925,Smartphone,Apple,581.91,4.5,271,78,15,12,695,High
EOS-00408,Sony Earbuds M641,Headphones,Sony,81.86,3.6,98,18,22,6,476,Medium
EOS-00409,Apple Pro Smartphone X996,Smartphone,Apple,1563.71,4.1,53,35,0,12,289,Low
EOS-00410,Sony DSLR Camera F282,Camera,Sony,770.74,4.1,90,160,10,24,588,Medium
EOS-00411,Apple Sports Watch F581,Smartwatch,Apple,191.83,3.5,74,173,30,12,318,Low
EOS-00412,Nikon Vlogging Camera Q377,Camera,Nikon,1887.55,4.7,252,94,13,36,440,Medium
EOS-00413,Xiaomi Pro Smartphone X638,Smartphone,Xiaomi,272.51,4.0,150,106,24,12,371,Low
EOS-00414,BenQ Office Monitor E980,Monitor,BenQ,1038.93,4.6,237,251,21,12,418,Medium
EOS-00415,Asus Gaming Laptop E438,Laptop,Asus,1437.48,3.7,122,118,37,24,520,Medium
EOS-00416,Samsung Kids Tablet L490,Tablet,Samsung,457.12,3.0,308,135,0,24,336,Low
EOS-00417,MSI Creator Laptop Y205,Laptop,MSI,908.28,4.1,108,106,19,36,508,Medium
EOS-00418,Apple Smartwatch R871,Smartwatch,Apple,336.72,4.3,309,171,17,24,492,Medium
EOS-00419,OnePlus Smartphone N953,Smartphone,OnePlus,474.94,4.5,35,90,6,24,538,Medium
EOS-00420,Huawei Fitness Watch Q261,Smartwatch,Huawei,280.48,3.8,85,146,0,12,418,Medium
EOS-00421,OnePlus 5G Phone F769,Smartphone,OnePlus,314.37,4.9,191,64,8,24,560,Medium
EOS-00422,Samsung Tablet V418,Tablet,Samsung,390.71,2.6,136,187,0,12,572,Medium
EOS-00423,Lenovo Pro Tablet P367,Tablet,Lenovo,652.41,3.6,31,130,5,24,172,Low
EOS-00424,MSI Business Notebook I973,Laptop,MSI,758.76,4.0,290,140,28,12,578,Medium
EOS-00425,GoPro Vlogging Camera K286,Camera,GoPro,998.68,3.4,255,114,11,36,367,Low
EOS-00426,HP Business Notebook R367,Laptop,HP,1190.22,5.0,121,132,19,12,541,Medium
EOS-00427,OnePlus Foldable Phone A618,Smartphone,OnePlus,537.21,4.4,342,78,0,24,580,Medium
EOS-00428,Huawei Tablet A147,Tablet,Huawei,422.44,4.6,455,58,4,12,599,Medium
EOS-00429,Samsung Foldable Phone G672,Smartphone,Samsung,500.1,3.9,226,113,15,12,689,High
EOS-00430,Motorola Smartphone H688,Smartphone,Motorola,796.36,4.1,41,124,8,12,564,Medium
EOS-00431,Samsung 5G Phone U886,Smartphone,Samsung,596.53,4.0,44,107,19,24,473,Medium
EOS-00432,Samsung Pro Tablet B985,Tablet,Samsung,769.2,3.1,161,76,15,24,493,Medium
EOS-00433,Amazfit GPS Watch S646,Smartwatch,Amazfit,212.41,3.6,210,0,14,12,634,High
EOS-00434,Lenovo Tablet P849,Tablet,Lenovo,288.6,4.6,455,123,9,24,696,High
EOS-00435,Apple Hybrid Watch P356,Smartwatch,Apple,233.43,3.6,140,316,2,12,514,Medium
EOS-00436,Apple Tablet K579,Tablet,Apple,595.81,4.2,220,195,15,24,428,Medium
EOS-00437,Nikon Vlogging Camera X747,Camera,Nikon,576.09,3.1,125,59,10,24,561,Medium
EOS-00438,LG 4K Monitor H786,Monitor,LG,384.36,3.6,322,128,26,36,665,High
EOS-00439,Razer Wireless Mouse T128,Accessory,Razer,76.57,4.2,117,18,8,12,432,Medium
EOS-00440,Google Budget Phone X161,Smartphone,Google,545.79,4.5,85,187,27,12,833,High
EOS-00441,LG 4K TV G694,TV,LG,1887.55,4.9,376,42,20,12,387,Low
EOS-00442,Xiaomi Budget Phone L436,Smartphone,Xiaomi,753.68,3.5,138,0,23,12,609,High
EOS-00443,Asus Gaming Laptop R907,Laptop,Asus,530.18,4.1,103,268,0,12,537,Medium
EOS-00444,Meta Console Bundle I786,Gaming Console,Meta,266.89,4.5,438,67,19,12,745,High
EOS-00445,MSI 2-in-1 Laptop Y430,Laptop,MSI,1454.86,3.6,77,213,33,24,460,Medium
EOS-00446,Asus Creator Laptop V318,Laptop,Asus,764.13,4.3,130,205,24,36,455,Medium
EOS-00447,Huawei Tablet N489,Tablet,Huawei,527.96,4.0,150,72,21,24,621,High
EOS-00448,Acer 2-in-1 Laptop R434,Laptop,Acer,755.06,4.4,455,209,17,12,390,Low
EOS-00449,Acer Gaming Laptop Y455,Laptop,Acer,1887.55,4.3,146,150,26,36,416,Medium
EOS-00450,Apple Mini Tablet W513,Tablet,Apple,390.18,3.9,100,264,11,24,571,Medium
EOS-00451,Motorola Budget Phone Z883,Smartphone,Motorola,831.6,4.2,142,135,25,24,439,Medium
EOS-00452,Sony Action Camera C669,Camera,Sony,727.84,4.2,386,42,11,12,655,High
EOS-00453,Apple 5G Phone L471,Smartphone,Apple,408.67,4.2,227,212,0,24,561,Medium
EOS-00454,Sony Mini LED TV H149,TV,Sony,1887.55,3.1,152,165,24,24,417,Medium
EOS-00455,Fujifilm Vlogging Camera R410,Camera,Fujifilm,1513.65,3.9,52,46,12,36,410,Medium
EOS-00456,Apple Smartphone Y155,Smartphone,Apple,1600.0,3.2,186,201,3,12,218,Low
EOS-00457,Acer Gaming Laptop N634,Laptop,Acer,668.76,4.4,143,80,0,36,648,High
EOS-00458,Hisense QLED TV S920,TV,Hisense,786.49,3.6,220,219,22,36,552,Medium
EOS-00459,Fujifilm Mirrorless Camera X159,Camera,Fujifilm,1223.8,4.4,375,194,11,36,496,Medium
EOS-00460,GoPro Vlogging Camera L972,Camera,GoPro,1308.82,4.5,65,92,15,12,590,Medium
EOS-00461,Acer Business Notebook L314,Laptop,Acer,879.11,3.9,11,91,24,36,494,Medium
EOS-00462,Motorola Budget Phone K666,Smartphone,Motorola,217.97,3.4,81,63,8,24,559,Medium
EOS-00463,Samsung Drawing Tablet Q430,Tablet,Samsung,851.31,3.2,91,101,15,12,351,Low
EOS-00464,Google Pro Smartphone X952,Smartphone,Google,869.35,3.9,42,145,12,12,399,Low
EOS-00465,Samsung Office Monitor R358,Monitor,Samsung,315.23,3.5,14,45,16,36,403,Medium
EOS-00466,Microsoft Kids Tablet W326,Tablet,Microsoft,738.11,4.2,64,118,21,12,440,Medium
EOS-00467,HP Business Notebook N180,Laptop,HP,664.74,4.9,46,165,31,12,608,High
EOS-00468,Samsung Ultrawide Monitor V301,Monitor,Samsung,700.94,4.6,140,96,4,12,535,Medium
EOS-00469,MSI Gaming Laptop C379,Laptop,MSI,1306.28,3.7,252,60,15,24,586,Medium
EOS-00470,OnePlus Budget Phone X126,Smartphone,OnePlus,429.86,4.2,115,223,22,24,424,Medium
EOS-00471,Microsoft Console Bundle X399,Gaming Console,Microsoft,465.29,4.5,85,231,24,12,488,Medium
EOS-00472,Lenovo Business Notebook P715,Laptop,Lenovo,1325.12,4.4,30,216,19,36,389,Low
EOS-00473,Microsoft Kids Tablet Q700,Tablet,Microsoft,937.79,2.5,277,0,20,12,403,Medium
EOS-00474,Philips QLED TV C997,TV,Philips,1887.55,4.6,20,70,0,36,279,Low
EOS-00475,Sony Console Bundle R819,Gaming Console,Sony,348.53,2.9,115,141,19,24,467,Medium
EOS-00476,Meta Console Bundle O556,Gaming Console,Meta,346.4,3.6,214,157,15,24,441,Medium
EOS-00477,Fitbit Smartwatch U546,Smartwatch,Fitbit,461.7,3.7,455,68,3,24,660,High
EOS-00478,Hisense QLED TV G897,TV,Hisense,1067.02,3.9,367,284,17,24,335,Low
EOS-00479,Sony Earbuds F963,Headphones,Sony,159.79,3.5,175,160,17,24,257,Low
EOS-00480,Microsoft Wireless Mouse W612,Accessory,Microsoft,77.75,4.0,104,163,16,12,753,High
EOS-00481,Fujifilm Mirrorless Camera T525,Camera,Fujifilm,770.0,4.6,45,132,31,24,361,Low
EOS-00482,Samsung Smartphone M441,Smartphone,Samsung,988.61,4.4,310,175,21,24,260,Low
EOS-00483,Xiaomi 5G Phone E227,Smartphone,Xiaomi,686.68,4.6,313,146,4,12,230,Low
EOS-00484,Amazfit Smartwatch B789,Smartwatch,Amazfit,749.86,3.8,164,128,13,24,473,Medium
EOS-00485,Belkin Wireless Mouse C731,Accessory,Belkin,99.97,4.1,168,88,11,24,361,Low
EOS-00486,Hisense OLED TV H636,TV,Hisense,829.2,3.6,355,131,9,36,474,Medium
EOS-00487,Apple Pro Smartphone O523,Smartphone,Apple,418.52,4.2,103,179,28,12,443,Medium
EOS-00488,Asus Ultrabook R176,Laptop,Asus,1887.55,4.3,221,183,10,24,368,Low
EOS-00489,LG Smart TV I645,TV,LG,1335.03,3.9,23,197,45,36,374,Low
EOS-00490,JBL Gaming Headset B221,Headphones,JBL,146.35,2.9,275,127,0,6,412,Medium
EOS-00491,Asus Ultrawide Monitor I519,Monitor,Asus,817.17,4.8,220,200,14,12,350,Low
EOS-00492,Apple Sports Watch J982,Smartwatch,Apple,525.4,4.7,322,57,20,12,354,Low
EOS-00493,Sony Retro Console W732,Gaming Console,Sony,407.94,5.0,169,40,28,12,634,High
EOS-00494,Belkin USB-C Hub X143,Accessory,Belkin,84.7,4.0,252,155,38,24,596,Medium
EOS-00495,HP Creator Laptop A838,Laptop,HP,1887.55,4.0,126,247,20,24,405,Medium
EOS-00496,Garmin Smartwatch K427,Smartwatch,Garmin,334.79,4.9,124,69,23,24,669,High
EOS-00497,OnePlus Pro Smartphone O813,Smartphone,OnePlus,683.37,4.0,164,109,12,12,530,Medium
EOS-00498,OnePlus 5G Phone D196,Smartphone,OnePlus,887.9,4.3,168,81,12,24,281,Low
EOS-00499,Apple Smartphone A145,Smartphone,Apple,781.12,3.0,38,0,29,12,400,Medium
EOS-00500,Canon Action Camera P750,Camera,Canon,1344.62,3.0,201,139,4,12,357,Low
EOS-00501,Anker Mechanical Keyboard Z524,Accessory,Anker,84.08,5.0,326,124,16,24,603,High
EOS-00502,OnePlus Smartphone W134,Smartphone,OnePlus,594.32,3.8,95,31,5,12,833,Medium
EOS-00503,Apple Smartphone Q777,Smartphone,Apple,477.76,4.1,101,194,17,12,342,Low
EOS-00504,Asus Gaming Laptop Q940,Laptop,Asus,653.03,4.1,143,172,0,36,354,Low
EOS-00505,Bose Earbuds C863,Headphones,Bose,217.4,4.4,154,61,27,12,552,Medium
EOS-00506,Fujifilm DSLR Camera L631,Camera,Fujifilm,546.96,4.3,45,136,7,24,380,Low
EOS-00507,Microsoft Pro Tablet L802,Tablet,Microsoft,413.25,3.7,118,73,24,24,389,Low
EOS-00508,LG Curved Monitor D479,Monitor,LG,786.39,3.7,259,78,10,24,559,Medium
EOS-00509,Garmin Smartwatch E348,Smartwatch,Garmin,247.39,3.4,125,93,4,12,627,High
EOS-00510,Garmin Fitness Watch S239,Smartwatch,Garmin,187.49,3.5,59,185,18,24,421,Medium
EOS-00511,JBL Gaming Headset L545,Headphones,JBL,109.85,2.8,192,54,0,12,637,High
EOS-00512,Canon DSLR Camera E265,Camera,Canon,845.71,3.7,206,199,4,24,449,Medium
EOS-00513,Bose Earbuds J504,Headphones,Bose,181.82,4.1,122,221,6,24,458,Medium
EOS-00514,JBL Earbuds V454,Headphones,JBL,87.67,3.4,102,269,27,12,476,Medium
EOS-00515,OnePlus Pro Smartphone R341,Smartphone,OnePlus,1058.34,3.9,134,192,0,24,313,Low
EOS-00516,Asus 4K Monitor S834,Monitor,Asus,1126.07,4.2,455,196,9,24,237,Low
EOS-00517,Apple Studio Headphones N137,Headphones,Apple,118.63,3.6,53,253,40,24,409,Medium
EOS-00518,Samsung Foldable Phone R647,Smartphone,Samsung,613.03,3.7,404,176,0,12,749,High
EOS-00519,Motorola Smartphone W513,Smartphone,Motorola,1281.46,4.1,80,0,1,12,271,Low
EOS-00520,TCL Smart TV W192,TV,TCL,1385.8,4.0,426,117,25,36,466,Medium
EOS-00521,Logitech Gaming Headset H662,Headphones,Logitech,113.05,4.1,378,140,12,6,524,Medium
EOS-00522,Xiaomi Budget Phone O561,Smartphone,Xiaomi,447.77,4.7,286,183,11,24,594,Medium
EOS-00523,Samsung 4K Monitor R985,Monitor,Samsung,534.91,4.4,151,128,25,12,519,Medium
EOS-00524,Xiaomi Smartphone P236,Smartphone,Xiaomi,552.98,3.9,131,57,8,24,443,Medium
EOS-00525,TCL QLED TV Z186,TV,TCL,851.51,3.7,448,111,23,36,524,Medium
EOS-00526,Samsung Foldable Phone W216,Smartphone,Samsung,359.34,3.5,95,107,7,12,443,Medium
EOS-00527,Motorola Foldable Phone K772,Smartphone,Motorola,701.91,2.9,216,121,13,12,627,High
EOS-00528,Belkin USB-C Hub V930,Accessory,Belkin,527.96,3.4,182,216,3,24,324,Low
EOS-00529,Apple Foldable Phone R137,Smartphone,Apple,354.39,3.0,50,198,8,24,393,Low
EOS-00530,Samsung Curved Monitor G333,Monitor,Samsung,255.89,5.0,27,218,0,24,620,High
EOS-00531,Xiaomi 5G Phone J343,Smartphone,Xiaomi,577.02,3.7,69,33,11,12,448,Medium
EOS-00532,OnePlus Pro Smartphone R160,Smartphone,OnePlus,936.97,4.1,368,112,0,12,326,Low
EOS-00533,Fitbit Hybrid Watch W285,Smartwatch,Fitbit,282.22,3.5,228,61,29,24,544,Medium
EOS-00534,Samsung 5G Phone M229,Smartphone,Samsung,1506.34,3.7,392,186,23,12,346,Low
EOS-00535,Samsung Kids Tablet A950,Tablet,Samsung,480.78,3.7,114,59,3,12,668,High
EOS-00536,Amazfit Fitness Watch T949,Smartwatch,Amazfit,335.98,3.0,237,125,10,12,392,Low
EOS-00537,Samsung 4K Monitor G524,Monitor,Samsung,269.23,3.7,200,32,19,36,639,High
EOS-00538,Asus 2-in-1 Laptop Y340,Laptop,Asus,1683.48,4.6,67,33,12,36,416,Medium
EOS-00539,Bose Noise Cancelling Headphones Q767,Headphones,Bose,237.68,4.0,64,18,2,24,517,Medium
EOS-00540,Dell Gaming Laptop Z906,Laptop,Dell,450.0,4.1,144,197,1,36,529,Medium
EOS-00541,Dell Ultrabook K373,Laptop,Dell,1110.56,4.8,189,193,28,36,738,High
EOS-00542,Sony OLED TV G405,TV,Sony,1268.84,4.9,406,98,32,12,572,Medium
EOS-00543,Dell Business Notebook L683,Laptop,Dell,1289.41,4.1,111,220,26,36,569,Medium
EOS-00544,Nintendo Gaming Console G183,Gaming Console,Nintendo,950.0,4.8,241,141,2,12,279,Low
EOS-00545,Lenovo Creator Laptop A805,Laptop,Lenovo,1104.26,3.6,150,176,8,24,412,Medium
EOS-00546,Microsoft Retro Console L897,Gaming Console,Microsoft,230.15,4.0,162,127,25,24,833,High
EOS-00547,Samsung Mini Tablet I227,Tablet,Samsung,509.37,4.5,96,84,19,12,493,Medium
EOS-00548,Canon Instant Camera V893,Camera,Canon,586.8,3.5,199,204,24,24,587,Medium
EOS-00549,Sony Gaming Headset H900,Headphones,Sony,280.53,2.7,119,210,33,24,385,Low
EOS-00550,Xiaomi 5G Phone N464,Smartphone,Xiaomi,294.26,4.4,236,99,14,24,368,Low
EOS-00551,Sony Action Camera L165,Camera,Sony,875.42,3.9,88,173,12,12,468,Medium
EOS-00552,Nintendo Handheld Console O220,Gaming Console,Nintendo,664.51,4.3,317,104,0,24,621,High
EOS-00553,Apple Creator Laptop A639,Laptop,Apple,1583.5,3.0,33,0,9,12,397,Low
EOS-00554,Apple Earbuds C824,Headphones,Apple,118.34,4.0,195,185,29,24,488,Medium
EOS-00555,Samsung Curved Monitor M149,Monitor,Samsung,788.7,3.8,231,180,0,24,456,Medium
EOS-00556,Lenovo Mini Tablet S316,Tablet,Lenovo,460.51,4.0,419,135,14,12,465,Medium
EOS-00557,Huawei Pro Tablet I385,Tablet,Huawei,564.77,4.0,137,112,8,24,437,Medium
EOS-00558,Apple Wireless Headphones J193,Headphones,Apple,145.93,3.8,172,179,21,6,383,Low
EOS-00559,Garmin Sports Watch E680,Smartwatch,Garmin,328.91,3.5,103,53,20,24,420,Medium
EOS-00560,Canon Instant Camera T901,Camera,Canon,1887.55,2.5,138,111,9,12,191,Low
EOS-00561,TCL OLED TV Z849,TV,TCL,595.91,5.0,89,300,10,12,759,High
EOS-00562,Sony OLED TV K178,TV,Sony,1107.87,3.1,257,234,36,12,428,Medium
EOS-00563,Samsung GPS Watch J477,Smartwatch,Samsung,276.54,3.7,116,75,35,24,521,Medium
EOS-00564,MSI Gaming Laptop I732,Laptop,MSI,1744.95,4.8,320,142,5,36,379,Low
EOS-00565,Sony Instant Camera Q568,Camera,Sony,1887.55,4.6,94,162,0,36,491,Medium
EOS-00566,Huawei Pro Tablet N312,Tablet,Huawei,407.82,3.2,224,254,27,24,333,Low
EOS-00567,Sony 4K TV T300,TV,Sony,1583.16,4.2,118,128,10,24,393,Low
EOS-00568,OnePlus Foldable Phone X892,Smartphone,Apple,483.73,3.3,430,191,10,24,555,Medium
EOS-00569,MSI Creator Laptop H852,Laptop,MSI,1887.55,3.2,213,132,11,36,347,Low
EOS-00570,Fujifilm Mirrorless Camera Z400,Camera,Fujifilm,1653.5,4.0,55,104,1,24,257,Low
EOS-00571,Garmin GPS Watch K364,Smartwatch,Garmin,369.68,3.6,156,105,19,12,521,Medium
EOS-00572,Acer Business Notebook V272,Laptop,Acer,1645.54,3.8,303,184,10,36,428,Medium
EOS-00573,Dell Creator Laptop A899,Laptop,Dell,954.13,4.0,164,120,2,36,601,High
EOS-00574,Sony 4K TV T583,TV,Sony,1044.42,3.2,124,194,1,12,469,Medium
EOS-00575,Belkin Mechanical Keyboard A825,Accessory,Belkin,192.57,3.6,246,107,22,12,137,Low
EOS-00576,Sennheiser Wireless Headphones C578,Headphones,Sennheiser,138.21,5.0,147,100,15,6,833,High
EOS-00577,Nikon DSLR Camera C394,Camera,Nikon,1887.55,4.0,119,89,16,36,458,Medium
EOS-00578,Garmin GPS Watch H375,Smartwatch,Garmin,182.55,4.4,72,130,16,24,588,Medium
EOS-00579,Motorola Pro Smartphone A803,Smartphone,Motorola,560.64,3.4,145,128,10,12,520,Medium
EOS-00580,Samsung Pro Tablet N757,Tablet,Samsung,275.39,3.4,352,162,4,24,440,Medium
EOS-00581,LG OLED TV H356,TV,LG,957.28,4.4,455,71,12,36,417,Medium
EOS-00582,Google Smartphone A495,Smartphone,Google,949.92,4.0,65,113,5,24,344,Low
EOS-00583,Belkin Wireless Mouse P678,Accessory,Belkin,71.17,3.6,97,123,5,6,448,Medium
EOS-00584,Belkin USB-C Hub W985,Accessory,Belkin,121.97,4.8,249,259,26,12,501,Medium
EOS-00585,Lenovo Pro Tablet R606,Tablet,Lenovo,434.33,2.7,455,161,32,24,468,Medium
EOS-00586,Samsung Mini Tablet T876,Tablet,Samsung,898.82,3.4,119,0,21,24,379,Low
EOS-00587,Samsung Smartphone E517,Smartphone,Samsung,342.36,3.4,197,181,7,24,495,Medium
EOS-00588,Samsung GPS Watch O855,Smartwatch,Samsung,512.69,3.8,61,162,0,24,318,Low
EOS-00589,Sony QLED TV J159,TV,Sony,614.02,3.8,130,87,10,24,473,Medium
EOS-00590,Microsoft VR Bundle Y649,Gaming Console,Microsoft,393.03,4.1,325,183,15,24,628,High
EOS-00591,MSI Gaming Laptop E933,Laptop,MSI,1887.55,4.0,109,45,21,12,354,Low
EOS-00592,Apple Pro Smartphone F962,Smartphone,Apple,1471.41,3.8,165,180,18,12,479,Medium
EOS-00593,Google Budget Phone F516,Smartphone,Google,263.27,5.0,94,131,27,24,629,High
EOS-00594,Dell Curved Monitor M701,Monitor,Dell,200.15,4.0,198,197,10,24,392,Low
EOS-00595,Lenovo Gaming Laptop L971,Laptop,Lenovo,1415.61,4.7,294,191,25,12,445,Medium
EOS-00596,Sony Vlogging Camera X580,Camera,Sony,460.71,4.5,97,216,0,36,551,Medium
EOS-00597,Samsung OLED TV S267,TV,Samsung,1887.55,3.9,134,154,21,12,431,Medium
EOS-00598,Samsung 5G Phone V202,Smartphone,Samsung,563.47,4.1,55,31,22,24,409,Medium
EOS-00599,JBL Noise Cancelling Headphones N388,Headphones,JBL,110.39,3.6,97,140,12,6,654,High
EOS-00600,Motorola 5G Phone W249,Smartphone,Motorola,717.1,3.2,261,193,12,24,603,High
EOS-00601,Sony Wireless Headphones H127,Headphones,Sony,208.47,4.7,164,189,17,24,403,Medium
EOS-00602,Dell Gaming Monitor O173,Monitor,Dell,616.98,4.0,250,141,0,24,444,Medium
EOS-00603,OnePlus 5G Phone Y741,Smartphone,OnePlus,1107.07,4.2,137,135,12,24,392,Low
EOS-00604,Samsung Curved Monitor E368,Monitor,Samsung,729.56,3.5,95,54,27,36,477,Medium
EOS-00605,Samsung Foldable Phone C475,Smartphone,Samsung,863.15,4.5,245,135,8,12,627,High
EOS-00606,Asus Creator Laptop A642,Laptop,Asus,732.29,4.1,108,26,0,36,438,Medium
EOS-00607,Valve Console Bundle N828,Gaming Console,Valve,365.72,4.3,130,137,0,24,497,Medium
EOS-00608,Hisense OLED TV C214,TV,Hisense,921.41,4.2,317,132,37,24,553,Medium
EOS-00609,Sony Wireless Headphones T890,Headphones,Sony,195.33,3.3,201,94,3,12,349,Low
EOS-00610,Apple Earbuds C780,Headphones,Apple,114.55,4.8,61,212,28,6,638,High
EOS-00611,Lenovo Tablet M864,Tablet,Lenovo,624.52,5.0,207,177,0,24,380,Low
EOS-00612,GoPro Mirrorless Camera M405,Camera,GoPro,1651.78,3.5,105,132,0,12,430,Medium
EOS-00613,Microsoft Console Bundle J251,Gaming Console,Microsoft,256.84,3.9,195,148,12,24,550,Medium
EOS-00614,Apple Kids Tablet U749,Tablet,Apple,448.74,4.0,106,2,6,24,532,Medium
EOS-00615,Sony QLED TV A127,TV,Sony,1241.16,3.3,131,110,0,36,603,High
EOS-00616,Fujifilm DSLR Camera O586,Camera,Fujifilm,802.04,3.4,313,304,10,24,579,Medium
EOS-00617,Apple Wireless Headphones E724,Headphones,Apple,99.47,3.3,234,133,21,6,565,Medium
EOS-00618,Huawei Drawing Tablet Y912,Tablet,Huawei,451.52,2.8,155,57,16,24,392,Low
EOS-00619,Samsung Fitness Watch B591,Smartwatch,Samsung,549.24,4.0,158,162,31,24,545,Medium
EOS-00620,LG Ultrawide Monitor X463,Monitor,LG,527.96,3.4,23,112,14,12,423,Medium
EOS-00621,Canon Mirrorless Camera Y613,Camera,Canon,1077.5,3.2,139,122,6,12,336,Low
EOS-00622,Nintendo Console Bundle O296,Gaming Console,Nintendo,379.69,4.1,390,66,46,24,412,Medium
EOS-00623,Asus 4K Monitor H456,Monitor,Asus,351.65,3.7,46,77,11,36,481,Medium
EOS-00624,Samsung 4K Monitor T592,Monitor,Samsung,276.45,4.3,116,203,6,36,707,High
EOS-00625,Sony Mini LED TV C943,TV,Sony,1314.25,3.6,317,100,21,36,573,Medium
EOS-00626,Garmin Hybrid Watch D761,Smartwatch,Garmin,316.1,2.7,58,21,11,24,455,Medium
EOS-00627,Xiaomi Budget Phone B281,Smartphone,Xiaomi,553.55,4.6,77,18,20,12,599,Medium
EOS-00628,Sony Console Bundle D479,Gaming Console,Sony,283.38,3.7,327,58,17,24,581,Medium
EOS-00629,Fitbit Sports Watch Z443,Smartwatch,Fitbit,264.03,4.2,206,115,13,24,399,Low
EOS-00630,TCL OLED TV L958,TV,TCL,1106.71,4.1,99,195,0,24,489,Medium
EOS-00631,Apple Foldable Phone P792,Smartphone,Apple,423.61,3.6,282,151,16,24,580,Medium
EOS-00632,OnePlus 5G Phone M300,Smartphone,OnePlus,181.01,4.2,201,93,32,12,706,High
EOS-00633,Nintendo Gaming Console L428,Gaming Console,Nintendo,191.94,4.9,200,316,18,12,509,Medium
EOS-00634,Panasonic Action Camera L803,Camera,Panasonic,525.3,4.9,184,183,20,12,650,High
EOS-00635,Meta Retro Console X629,Gaming Console,Meta,341.1,4.8,102,158,7,24,469,Medium
EOS-00636,Sony Wireless Headphones X363,Headphones,Sony,279.88,4.3,7,90,20,6,362,Low
EOS-00637,Samsung Mini LED TV J484,TV,Samsung,1887.55,4.5,234,208,9,36,311,Low
EOS-00638,OnePlus Pro Smartphone S984,Smartphone,OnePlus,625.81,3.8,144,129,2,24,543,Medium
EOS-00639,Samsung Mini LED TV N676,TV,Samsung,979.38,4.4,150,259,14,24,598,Medium
EOS-00640,Huawei Drawing Tablet M643,Tablet,Huawei,859.93,4.5,123,182,11,12,385,Low
EOS-00641,Fitbit Fitness Watch I646,Smartwatch,Fitbit,289.28,3.8,292,103,9,12,633,High
EOS-00642,Nintendo Console Bundle D329,Gaming Console,Nintendo,321.19,4.5,45,161,29,24,626,High
EOS-00643,LG Smart TV I139,TV,LG,1238.97,4.0,229,52,10,24,442,Medium
EOS-00644,Huawei Smartwatch V883,Smartwatch,Huawei,246.78,4.6,135,194,40,24,776,High
EOS-00645,MSI Ultrabook M860,Laptop,MSI,527.96,3.3,128,101,6,12,294,Low
EOS-00646,Amazfit Fitness Watch D689,Smartwatch,Amazfit,351.57,4.3,179,147,9,12,610,High
EOS-00647,Samsung Tablet F264,Tablet,Samsung,379.06,4.4,100,0,11,12,633,High
EOS-00648,Microsoft Mechanical Keyboard H243,Accessory,Microsoft,527.96,4.6,376,79,1,12,598,Medium
EOS-00649,Logitech Mechanical Keyboard D706,Accessory,Logitech,110.97,2.9,116,114,32,24,344,Low
EOS-00650,Valve Gaming Console O815,Gaming Console,Valve,742.04,3.5,300,128,21,12,280,Low
EOS-00651,Canon Action Camera H110,Camera,Canon,1444.27,4.3,47,81,17,24,462,Medium
EOS-00652,Xiaomi 5G Phone X387,Smartphone,Xiaomi,464.99,2.9,164,89,20,12,518,Medium
EOS-00653,Apple Smartphone G287,Smartphone,Apple,1031.64,3.7,124,123,1,12,299,Low
EOS-00654,Huawei Sports Watch A458,Smartwatch,Huawei,289.87,3.9,57,114,22,12,427,Medium
EOS-00655,Meta Handheld Console F207,Gaming Console,Meta,638.13,3.3,94,173,4,12,326,Low
EOS-00656,Xiaomi 5G Phone M296,Smartphone,Xiaomi,321.14,4.5,49,138,19,24,411,Medium
EOS-00657,Dell Office Monitor P618,Monitor,Dell,709.68,3.4,206,131,26,36,464,Medium
EOS-00658,OnePlus Pro Smartphone G721,Smartphone,OnePlus,527.96,3.8,455,149,21,24,288,Low
EOS-00659,Huawei GPS Watch I894,Smartwatch,Huawei,527.96,2.7,129,194,26,12,354,Low
EOS-00660,Corsair USB-C Hub F109,Accessory,Corsair,224.81,3.1,110,142,15,24,297,Low
EOS-00661,Garmin GPS Watch H500,Smartwatch,Garmin,181.22,4.0,131,191,14,24,510,Medium
EOS-00662,HP Creator Laptop Z670,Laptop,HP,1011.08,4.3,76,89,25,12,518,Medium
EOS-00663,Google Smartphone P764,Smartphone,Google,318.47,4.3,148,102,7,24,388,Low
EOS-00664,Motorola Budget Phone Z132,Smartphone,Motorola,468.23,4.5,301,77,23,12,386,Low
EOS-00665,Sony Mini LED TV A764,TV,Sony,1162.04,3.1,58,82,16,36,591,Medium
EOS-00666,Huawei Hybrid Watch I799,Smartwatch,Huawei,268.82,3.1,150,0,35,24,440,Medium
EOS-00667,Panasonic DSLR Camera L383,Camera,Panasonic,770.89,4.2,224,123,21,24,539,Medium
EOS-00668,Apple Foldable Phone G297,Smartphone,Apple,492.57,4.7,41,128,18,24,404,Medium
EOS-00669,Fitbit Fitness Watch X375,Smartwatch,Fitbit,117.44,3.2,455,229,3,12,482,Medium
EOS-00670,JBL Studio Headphones R969,Headphones,JBL,140.37,4.4,396,251,7,12,461,Medium
EOS-00671,Nikon Vlogging Camera O546,Camera,Nikon,1155.22,4.1,141,123,10,24,611,High
EOS-00672,Sony Retro Console R236,Gaming Console,Sony,943.49,4.0,200,153,29,12,292,Low
EOS-00673,Google Budget Phone P848,Smartphone,Google,545.6,3.1,198,140,0,12,571,Medium
EOS-00674,Samsung Smartphone B471,Smartphone,Samsung,1164.79,3.2,246,64,22,12,455,Medium
EOS-00675,Samsung QLED TV E389,TV,Samsung,1594.81,4.1,150,120,0,36,523,Medium
EOS-00676,Hisense 4K TV J133,TV,Hisense,988.26,4.2,3,207,27,12,549,Medium
EOS-00677,Sony Studio Headphones D476,Headphones,Sony,119.12,4.7,385,101,3,12,614,High
EOS-00678,TCL OLED TV Z694,TV,TCL,1662.75,4.8,407,33,17,36,457,Medium
EOS-00679,Apple Studio Headphones T449,Headphones,Apple,113.85,3.5,327,116,14,6,590,Medium
EOS-00680,Huawei Drawing Tablet G197,Tablet,Huawei,753.62,4.4,238,39,7,24,411,Medium
EOS-00681,Samsung OLED TV K369,TV,Samsung,725.73,4.7,144,128,27,24,520,Medium
EOS-00682,HP Creator Laptop I799,Laptop,HP,1687.66,3.7,216,35,24,12,481,Medium
EOS-00683,AOC Office Monitor F355,Monitor,AOC,930.79,4.7,264,72,12,12,434,Medium
EOS-00684,Samsung Gaming Monitor C768,Monitor,Samsung,650.22,4.8,220,163,26,36,522,Medium
EOS-00685,Dell Ultrabook B822,Laptop,Dell,1451.55,3.9,82,154,2,36,322,Low
EOS-00686,Samsung 4K Monitor M345,Monitor,Apple,315.01,4.4,455,127,1,12,463,Medium
EOS-00687,Bose Wireless Headphones Q634,Headphones,Bose,196.97,3.3,86,116,37,12,375,Low
EOS-00688,Sony Gaming Headset Z698,Headphones,Sony,349.26,3.4,233,172,35,24,416,Medium
EOS-00689,Philips Mini LED TV Z877,TV,Philips,785.19,4.0,193,164,5,36,401,Medium
EOS-00690,Philips OLED TV R307,TV,Philips,1250.3,3.9,223,39,19,36,486,Medium
EOS-00691,Asus Ultrawide Monitor R506,Monitor,Asus,352.9,5.0,271,170,0,24,606,High
EOS-00692,Panasonic Instant Camera T928,Camera,Panasonic,913.55,3.8,107,158,17,12,444,Medium
EOS-00693,Dell 2-in-1 Laptop L588,Laptop,Dell,1345.91,3.4,342,83,12,12,541,Medium
EOS-00694,Apple GPS Watch X375,Smartwatch,Apple,343.69,4.2,35,126,16,24,588,Medium
EOS-00695,Valve Retro Console K616,Gaming Console,Apple,467.68,4.3,455,209,11,24,550,Medium
EOS-00696,Garmin Hybrid Watch U906,Smartwatch,Garmin,266.23,3.9,243,59,24,24,539,Medium
EOS-00697,Apple GPS Watch E359,Smartwatch,Apple,413.86,3.5,141,94,9,24,421,Medium
EOS-00698,Apple Foldable Phone Y998,Smartphone,Apple,314.09,4.3,100,39,16,24,450,Medium
EOS-00699,Asus Ultrabook Q482,Laptop,Asus,1887.55,4.3,239,0,23,36,392,Low
EOS-00700,Motorola Foldable Phone Y574,Smartphone,Motorola,347.58,5.0,336,211,13,12,833,High
EOS-00701,Philips Smart TV O885,TV,Philips,550.81,4.5,33,70,0,36,561,Medium
EOS-00702,Microsoft Pro Tablet W277,Tablet,Microsoft,1022.57,2.8,444,136,5,24,350,Low
EOS-00703,Fujifilm DSLR Camera Y198,Camera,Fujifilm,776.01,4.2,65,96,16,24,568,Medium
EOS-00704,Samsung GPS Watch A420,Smartwatch,Samsung,748.5,2.9,139,75,12,24,395,Low
EOS-00705,Lenovo Business Notebook U679,Laptop,Lenovo,871.86,3.9,55,102,6,12,466,Medium
EOS-00706,Samsung Budget Phone T444,Smartphone,Apple,633.87,4.3,169,137,0,24,536,Medium
EOS-00707,Motorola 5G Phone S844,Smartphone,Motorola,796.85,3.8,276,201,20,12,462,Medium
EOS-00708,Samsung Sports Watch N562,Smartwatch,Samsung,321.64,4.1,428,135,17,24,531,Medium
EOS-00709,HP Ultrabook I471,Laptop,HP,1887.55,4.0,65,232,18,12,588,Medium
EOS-00710,Samsung Pro Tablet F541,Tablet,Samsung,764.59,3.7,62,110,18,24,299,Low
EOS-00711,JBL Earbuds R305,Headphones,JBL,86.51,3.9,241,74,0,6,588,Medium
EOS-00712,Meta Retro Console S180,Gaming Console,Meta,413.09,3.1,172,39,14,24,474,Medium
EOS-00713,Fitbit GPS Watch I300,Smartwatch,Fitbit,298.76,3.8,87,149,39,12,524,Medium
EOS-00714,Google Budget Phone I181,Smartphone,Apple,1159.02,4.4,153,77,0,24,373,Low
EOS-00715,Acer Creator Laptop A496,Laptop,Acer,717.73,3.8,116,194,0,36,514,Medium
EOS-00716,Corsair Mechanical Keyboard J777,Accessory,Corsair,86.38,3.8,391,126,44,24,648,High
EOS-00717,Meta VR Bundle Q812,Gaming Console,Meta,394.06,3.7,187,214,18,24,417,Medium
EOS-00718,Sony 4K TV K112,TV,Sony,1005.54,5.0,160,144,17,24,768,High
EOS-00719,Samsung Budget Phone R543,Smartphone,Samsung,559.73,3.7,289,98,17,24,453,Medium
EOS-00720,Samsung OLED TV E222,TV,Samsung,527.96,4.3,20,0,20,36,654,High
EOS-00721,Canon Vlogging Camera R626,Camera,Canon,630.12,3.3,137,171,6,24,281,Low
EOS-00722,Apple 5G Phone K933,Smartphone,Apple,556.74,3.9,151,140,11,12,497,Medium
EOS-00723,Samsung Curved Monitor Z179,Monitor,Samsung,1193.91,3.3,114,283,8,36,300,Low
EOS-00724,Fujifilm Action Camera T614,Camera,Fujifilm,1008.95,4.0,294,116,24,12,515,Medium
EOS-00725,JBL Gaming Headset C116,Headphones,JBL,171.77,4.8,81,84,17,6,580,Medium
EOS-00726,Microsoft Retro Console P110,Gaming Console,Microsoft,289.64,3.0,210,120,21,24,477,Medium
EOS-00727,Apple Budget Phone F547,Smartphone,Apple,346.41,4.1,56,174,23,24,577,Medium
EOS-00728,Apple Sports Watch W349,Smartwatch,Apple,301.89,3.9,213,132,24,12,528,Medium
EOS-00729,Canon DSLR Camera A278,Camera,Canon,272.68,3.8,44,140,23,36,739,High
EOS-00730,Asus Business Notebook G919,Laptop,Asus,1028.79,4.3,67,118,9,24,654,High
EOS-00731,Valve Retro Console L276,Gaming Console,Valve,201.66,3.3,150,87,9,12,515,Medium
EOS-00732,Sony Smart TV K884,TV,Sony,527.96,4.1,82,89,32,36,338,Low
EOS-00733,Samsung Budget Phone D337,Smartphone,Samsung,912.34,4.4,343,152,0,24,468,Medium
EOS-00734,Nintendo Handheld Console S749,Gaming Console,Nintendo,537.57,4.8,96,160,15,12,342,Low
EOS-00735,Hisense OLED TV Q474,TV,Hisense,1233.26,2.8,25,267,6,24,356,Low
EOS-00736,Corsair Power Bank N362,Accessory,Corsair,164.05,4.0,303,228,18,6,399,Low
EOS-00737,Amazfit Smartwatch O921,Smartwatch,Amazfit,287.49,3.2,30,173,1,12,410,Medium
EOS-00738,Google Smartphone J544,Smartphone,Google,512.92,4.2,409,34,10,24,741,High
EOS-00739,Apple Creator Laptop S237,Laptop,Apple,1887.55,4.6,205,183,24,36,527,Medium
EOS-00740,Canon Instant Camera K126,Camera,Canon,1151.55,4.3,99,159,21,36,453,Medium
EOS-00741,Acer Ultrabook C365,Laptop,Acer,1703.44,4.2,121,183,1,36,341,Low
EOS-00742,HP Business Notebook D447,Laptop,HP,720.79,4.8,55,139,10,36,397,Low
EOS-00743,Belkin Power Bank U262,Accessory,Belkin,155.25,4.6,133,157,32,24,404,Medium
EOS-00744,Xiaomi Smartphone P609,Smartphone,Xiaomi,353.98,4.5,106,236,20,24,651,High
EOS-00745,Nintendo Retro Console R637,Gaming Console,Nintendo,297.96,3.7,369,0,21,12,496,Medium
EOS-00746,Huawei Fitness Watch L439,Smartwatch,Huawei,251.56,4.0,63,164,36,12,632,High
EOS-00747,Samsung GPS Watch M763,Smartwatch,Samsung,180.48,4.4,222,192,30,12,706,High
EOS-00748,Sony Studio Headphones L229,Headphones,Sony,328.96,4.1,287,95,0,24,217,Low
EOS-00749,Corsair USB-C Hub G198,Accessory,Corsair,112.02,4.3,127,169,22,12,409,Medium
EOS-00750,Fujifilm DSLR Camera I151,Camera,Fujifilm,861.23,3.6,269,60,11,36,408,Medium
EOS-00751,Dell Gaming Laptop I141,Laptop,Dell,450.0,4.0,308,69,36,12,555,Medium
EOS-00752,Dell Gaming Monitor R337,Monitor,Dell,288.63,4.5,212,0,27,12,481,Medium
EOS-00753,BenQ Ultrawide Monitor Z214,Monitor,BenQ,1238.15,4.6,115,155,1,24,269,Low
EOS-00754,Hisense OLED TV P351,TV,Hisense,1283.76,4.1,19,162,17,24,500,Medium
EOS-00755,Huawei Pro Tablet M312,Tablet,Huawei,302.25,3.4,245,98,32,24,439,Medium
EOS-00756,Corsair Mechanical Keyboard J893,Accessory,Corsair,90.79,3.4,160,213,46,24,273,Low
EOS-00757,Apple Mini Tablet R789,Tablet,Apple,400.58,4.4,377,101,15,12,543,Medium
EOS-00758,HP Business Notebook H269,Laptop,HP,1887.55,3.4,214,157,23,12,583,Medium
EOS-00759,Apple Studio Headphones J282,Headphones,Apple,350.1,3.2,354,90,21,24,262,Low
EOS-00760,Sennheiser Studio Headphones L372,Headphones,Sennheiser,450.0,4.2,82,107,3,12,299,Low
EOS-00761,Apple Creator Laptop T305,Laptop,Apple,1622.13,4.5,337,203,7,12,687,High
EOS-00762,Sony Wireless Headphones E175,Headphones,Sony,48.02,4.3,297,99,2,12,469,Medium
EOS-00763,OnePlus Foldable Phone K803,Smartphone,OnePlus,1379.0,3.8,190,88,0,12,250,Low
EOS-00764,Asus 4K Monitor Y826,Monitor,Asus,286.51,3.9,300,126,32,12,535,Medium
EOS-00765,Sony Console Bundle C886,Gaming Console,Sony,203.6,4.1,136,188,20,24,546,Medium
EOS-00766,Sony Mirrorless Camera B860,Camera,Sony,952.78,3.5,197,84,20,24,464,Medium
EOS-00767,Samsung Office Monitor F712,Monitor,Samsung,552.52,3.6,104,58,12,36,374,Low
EOS-00768,LG OLED TV I131,TV,LG,558.03,4.2,301,100,3,24,575,Medium
EOS-00769,Sony 4K TV V119,TV,Sony,1545.01,4.1,161,86,30,24,693,High
EOS-00770,Apple Tablet E978,Tablet,Apple,318.95,3.8,310,55,13,24,687,High
EOS-00771,Sony Vlogging Camera V671,Camera,Sony,834.31,4.6,31,203,33,36,517,Medium
EOS-00772,Fitbit Sports Watch M649,Smartwatch,Fitbit,246.59,2.9,47,0,11,12,733,High
EOS-00773,AOC Office Monitor O955,Monitor,AOC,594.91,3.5,118,97,11,24,241,Low
EOS-00774,Apple Budget Phone L582,Smartphone,Apple,875.11,4.7,42,30,30,24,415,Medium
EOS-00775,Fitbit Fitness Watch E438,Smartwatch,Fitbit,283.52,3.6,52,49,9,24,606,High
EOS-00776,Anker Wireless Mouse G410,Accessory,Anker,125.1,4.4,132,77,22,12,527,Medium
EOS-00777,Apple Smartphone E810,Smartphone,Apple,1063.74,5.0,326,174,23,24,399,Low
EOS-00778,Samsung Drawing Tablet Z976,Tablet,Samsung,612.47,4.0,363,294,0,24,368,Low
EOS-00779,Canon Mirrorless Camera N649,Camera,Canon,673.08,4.2,117,117,3,12,390,Low
EOS-00780,Razer Wireless Mouse F178,Accessory,Razer,163.62,4.1,144,183,14,12,306,Low
EOS-00781,Nikon Vlogging Camera L858,Camera,Nikon,981.89,4.6,69,122,3,12,429,Medium
EOS-00782,Apple Business Notebook N370,Laptop,Apple,1010.5,3.3,157,58,12,24,450,Medium
EOS-00783,Microsoft Mechanical Keyboard J134,Accessory,Microsoft,124.07,3.0,41,281,35,24,301,Low
EOS-00784,Philips Smart TV S355,TV,Philips,1340.18,3.7,265,135,4,12,395,Low
EOS-00785,Garmin Hybrid Watch R109,Smartwatch,Garmin,254.89,3.9,80,110,7,12,473,Medium
EOS-00786,Dell Ultrabook R299,Laptop,Dell,1053.46,3.3,195,105,14,12,283,Low
EOS-00787,OnePlus Budget Phone V365,Smartphone,OnePlus,436.57,4.7,245,111,17,24,531,Medium
EOS-00788,Bose Studio Headphones M612,Headphones,Bose,92.36,4.5,216,137,25,24,528,Medium
EOS-00789,Apple GPS Watch N226,Smartwatch,Apple,900.0,3.2,280,139,45,12,291,Low
EOS-00790,Samsung Smart TV E982,TV,Samsung,1677.74,3.3,26,20,33,24,375,Low
EOS-00791,Corsair Webcam G890,Accessory,Corsair,55.22,3.9,127,204,23,6,446,Medium
EOS-00792,MSI Business Notebook W170,Laptop,MSI,1887.55,3.6,148,128,4,36,223,Low
EOS-00793,Acer Creator Laptop Y824,Laptop,Acer,1019.47,4.5,174,29,1,36,663,High
EOS-00794,Apple Smartphone Z342,Smartphone,Apple,398.27,4.3,120,217,30,12,591,Medium
EOS-00795,Microsoft Wireless Mouse H706,Accessory,Apple,97.53,4.1,431,258,12,12,325,Low
EOS-00796,Garmin Smartwatch J388,Smartwatch,Garmin,524.78,3.6,121,102,45,24,393,Low
EOS-00797,TCL 4K TV Y673,TV,TCL,1586.72,3.5,67,48,23,12,321,Low
EOS-00798,Dell Ultrawide Monitor A764,Monitor,Dell,1219.1,4.6,60,77,0,12,405,Medium
EOS-00799,Apple Drawing Tablet J512,Tablet,Apple,778.79,4.2,61,109,9,24,460,Medium
EOS-00800,Amazfit Smartwatch Q824,Smartwatch,Amazfit,266.74,4.3,230,196,14,24,418,Medium
EOS-00801,GoPro DSLR Camera L975,Camera,GoPro,396.44,3.9,403,175,43,12,500,Medium
EOS-00802,Sony Vlogging Camera S836,Camera,Sony,1531.97,4.6,31,97,22,12,582,Medium
EOS-00803,Nintendo Handheld Console E656,Gaming Console,Nintendo,353.52,3.8,6,117,30,12,366,Low
EOS-00804,Lenovo 2-in-1 Laptop A259,Laptop,Lenovo,1088.51,4.5,21,96,26,24,701,High
EOS-00805,LG Mini LED TV F403,TV,LG,768.55,4.4,37,137,27,24,591,Medium
EOS-00806,Apple 5G Phone A861,Smartphone,Apple,585.56,3.8,140,98,9,12,525,Medium
EOS-00807,Apple Studio Headphones L166,Headphones,Apple,166.23,4.5,244,198,33,24,510,Medium
EOS-00808,Razer Mechanical Keyboard P775,Accessory,Razer,208.0,4.3,175,151,8,12,398,Low
EOS-00809,TCL 4K TV J363,TV,TCL,1361.57,4.7,455,247,17,24,578,Medium
EOS-00810,Corsair Mechanical Keyboard B419,Accessory,Corsair,109.93,4.0,113,90,8,24,407,Medium
EOS-00811,AOC Office Monitor W608,Monitor,AOC,678.07,4.9,405,147,23,12,427,Medium
EOS-00812,Dell Creator Laptop X395,Laptop,Dell,1887.55,4.0,164,93,8,24,408,Medium
EOS-00813,Xiaomi Budget Phone F623,Smartphone,Xiaomi,276.16,4.0,455,91,20,12,614,High
EOS-00814,LG Gaming Monitor G745,Monitor,LG,887.07,3.6,348,0,11,12,478,Medium
EOS-00815,HP Gaming Laptop Z201,Laptop,HP,1455.39,3.8,280,250,8,24,506,Medium
EOS-00816,Samsung Pro Smartphone H685,Smartphone,Samsung,540.59,3.6,115,188,0,12,569,Medium
EOS-00817,Nikon DSLR Camera O207,Camera,Nikon,1006.62,4.7,76,186,8,36,584,Medium
EOS-00818,Logitech Wireless Headphones L701,Headphones,Logitech,164.66,3.3,153,25,46,6,552,Medium
EOS-00819,Belkin USB-C Hub I431,Accessory,Belkin,527.96,3.0,271,73,14,6,531,Medium
EOS-00820,Fujifilm Action Camera Y963,Camera,Fujifilm,1887.55,3.6,431,165,27,24,462,Medium
EOS-00821,Huawei Mini Tablet E302,Tablet,Huawei,151.17,4.2,23,212,9,12,532,Medium
EOS-00822,OnePlus Budget Phone I576,Smartphone,OnePlus,260.42,3.9,127,84,37,24,621,High
EOS-00823,Motorola Budget Phone H379,Smartphone,Motorola,826.29,3.0,26,116,21,24,336,Low
EOS-00824,Philips Smart TV C741,TV,Philips,536.82,4.2,39,192,17,24,312,Low
EOS-00825,Apple Earbuds Z783,Headphones,Apple,207.66,4.0,121,128,0,6,429,Medium
EOS-00826,Corsair USB-C Hub W678,Accessory,Corsair,45.67,3.8,114,98,12,24,372,Low
EOS-00827,Samsung Gaming Monitor I686,Monitor,Samsung,476.9,3.9,29,81,23,36,386,Low
EOS-00828,Logitech Webcam R203,Accessory,Logitech,67.24,4.3,210,14,20,6,568,Medium
EOS-00829,Hisense Mini LED TV A539,TV,Hisense,1665.06,4.1,198,74,17,24,500,Medium
EOS-00830,Samsung Tablet J116,Tablet,Samsung,316.07,4.8,455,85,12,24,434,Medium
EOS-00831,Apple Foldable Phone C540,Smartphone,Apple,596.87,4.2,90,172,38,12,665,High
EOS-00832,LG Ultrawide Monitor O286,Monitor,LG,860.19,4.2,138,125,29,12,418,Medium
EOS-00833,Dell 2-in-1 Laptop B171,Laptop,Dell,1478.29,3.5,32,94,37,24,502,Medium
EOS-00834,Microsoft Tablet T234,Tablet,Microsoft,403.56,4.7,149,22,22,24,609,High
EOS-00835,Amazfit Hybrid Watch I382,Smartwatch,Amazfit,288.03,3.2,220,37,14,24,285,Low
EOS-00836,Apple Foldable Phone B261,Smartphone,Apple,550.76,4.6,254,0,35,24,648,High
EOS-00837,Lenovo Business Notebook X193,Laptop,Lenovo,1632.75,4.6,139,166,11,24,666,High
EOS-00838,Garmin Smartwatch F565,Smartwatch,Garmin,294.68,3.6,135,128,2,24,450,Medium
EOS-00839,Dell Gaming Laptop S193,Laptop,Dell,1887.55,4.2,243,159,0,36,441,Medium
EOS-00840,Amazfit Smartwatch T423,Smartwatch,Amazfit,522.54,3.9,169,58,25,12,481,Medium
EOS-00841,Google Pro Smartphone I907,Smartphone,Google,277.34,4.4,265,158,23,24,566,Medium
EOS-00842,LG QLED TV H811,TV,LG,1119.9,4.2,148,217,8,12,345,Low
EOS-00843,Bose Gaming Headset H215,Headphones,Bose,202.89,5.0,81,56,6,6,592,Medium
EOS-00844,Apple Ultrabook Z575,Laptop,Apple,1036.39,3.1,296,77,21,36,390,Low
EOS-00845,Apple Kids Tablet T930,Tablet,Apple,325.77,3.3,77,154,5,24,418,Medium
EOS-00846,Samsung Ultrawide Monitor P171,Monitor,Samsung,567.82,5.0,247,155,0,24,444,Medium
EOS-00847,Apple Tablet N449,Tablet,Apple,235.47,3.9,443,90,0,12,378,Low
EOS-00848,Apple Pro Tablet X341,Tablet,Apple,519.62,3.7,251,204,10,24,369,Low
EOS-00849,Nintendo VR Bundle Z436,Gaming Console,Nintendo,430.06,3.0,167,103,22,12,371,Low
EOS-00850,Amazfit Fitness Watch T788,Smartwatch,Amazfit,456.42,3.7,455,59,10,12,369,Low
EOS-00851,Microsoft Handheld Console L433,Gaming Console,Microsoft,656.05,4.8,215,185,1,24,387,Low
EOS-00852,Fitbit Smartwatch A939,Smartwatch,Fitbit,480.38,4.5,171,128,7,24,650,High
EOS-00853,Philips 4K TV Y944,TV,Philips,1759.92,4.4,174,219,18,36,459,Medium
EOS-00854,Amazfit Sports Watch P645,Smartwatch,Amazfit,457.14,3.5,103,132,10,12,374,Low
EOS-00855,Logitech Earbuds C645,Headphones,Logitech,144.33,3.7,199,95,13,12,410,Medium
EOS-00856,Apple Noise Cancelling Headphones P149,Headphones,Apple,152.83,4.0,111,101,20,24,609,High
EOS-00857,Sony Earbuds Z391,Headphones,Sony,94.61,4.6,96,253,5,6,628,High
EOS-00858,Samsung Pro Smartphone J770,Smartphone,Samsung,550.53,4.2,185,131,0,24,667,High
EOS-00859,Dell Curved Monitor J541,Monitor,Dell,457.31,4.2,152,15,18,36,595,Medium
EOS-00860,Logitech Studio Headphones F354,Headphones,Logitech,172.88,4.7,215,97,12,12,613,High
EOS-00861,Panasonic DSLR Camera G263,Camera,Panasonic,530.47,4.4,83,259,27,36,572,Medium
EOS-00862,MSI Ultrabook E297,Laptop,MSI,647.96,4.3,143,160,11,36,530,Medium
EOS-00863,JBL Studio Headphones X377,Headphones,JBL,124.61,4.6,120,254,6,24,590,Medium
EOS-00864,Logitech Earbuds Z252,Headphones,Logitech,131.37,4.7,167,164,11,24,651,High
EOS-00865,Sony VR Bundle N235,Gaming Console,Sony,489.89,3.8,56,113,22,24,323,Low
EOS-00866,Huawei Fitness Watch Y503,Smartwatch,Huawei,259.61,3.2,208,84,11,12,344,Low
EOS-00867,Samsung GPS Watch V661,Smartwatch,Samsung,377.42,4.0,114,211,28,24,543,Medium
EOS-00868,Sennheiser Gaming Headset V255,Headphones,Sennheiser,201.93,3.9,260,89,6,12,348,Low
EOS-00869,Samsung OLED TV P868,TV,Samsung,664.84,3.9,85,95,36,24,352,Low
EOS-00870,Sony Studio Headphones B804,Headphones,Sony,143.15,2.8,139,100,27,6,289,Low
EOS-00871,Nintendo VR Bundle F917,Gaming Console,Nintendo,803.02,4.0,136,128,19,24,248,Low
EOS-00872,Sennheiser Studio Headphones X807,Headphones,Sennheiser,102.04,4.5,44,90,38,12,473,Medium
EOS-00873,Canon Vlogging Camera Q599,Camera,Canon,1402.83,4.5,128,80,21,36,544,Medium
EOS-00874,Microsoft Pro Tablet M877,Tablet,Microsoft,293.12,3.9,40,103,30,12,628,High
EOS-00875,Hisense 4K TV L816,TV,Hisense,1887.55,3.9,116,255,22,12,408,Medium
EOS-00876,Valve Retro Console H566,Gaming Console,Valve,396.51,4.3,321,130,27,12,378,Low
EOS-00877,BenQ Curved Monitor S549,Monitor,BenQ,430.69,4.3,426,39,5,12,452,Medium
EOS-00878,Sony Vlogging Camera W632,Camera,Sony,681.06,4.1,125,94,14,24,744,High
EOS-00879,LG 4K TV V103,TV,LG,1541.4,5.0,185,150,13,36,584,Medium
EOS-00880,Google Budget Phone A379,Smartphone,Google,512.18,3.3,414,197,18,24,431,Medium
EOS-00881,Belkin Power Bank G859,Accessory,Belkin,143.8,4.8,108,133,1,24,437,Medium
EOS-00882,Apple Sports Watch M596,Smartwatch,Apple,138.0,4.3,123,110,23,12,684,High
EOS-00883,Logitech Studio Headphones Y622,Headphones,Logitech,197.79,4.3,76,0,15,6,454,Medium
EOS-00884,Microsoft VR Bundle A863,Gaming Console,Microsoft,233.11,4.3,235,29,16,12,610,High
EOS-00885,GoPro Mirrorless Camera G229,Camera,Apple,1870.9,3.5,132,82,17,36,406,Medium
EOS-00886,Huawei Fitness Watch E602,Smartwatch,Huawei,437.55,3.4,47,168,18,24,326,Low
EOS-00887,Belkin Webcam K978,Accessory,Belkin,43.15,3.7,289,187,0,24,640,High
EOS-00888,HP Gaming Laptop E224,Laptop,HP,879.36,3.8,165,98,30,24,548,Medium
EOS-00889,TCL OLED TV I109,TV,TCL,1887.55,4.7,236,58,11,24,335,Low
EOS-00890,AOC Office Monitor S318,Monitor,AOC,370.7,4.2,133,172,28,36,530,Medium
EOS-00891,Hisense Smart TV R286,TV,Hisense,1887.55,4.2,137,8,31,12,529,Medium
EOS-00892,Belkin Wireless Mouse L947,Accessory,Belkin,98.77,3.7,135,195,0,12,487,Medium
EOS-00893,BenQ Ultrawide Monitor T766,Monitor,BenQ,527.96,4.3,39,316,15,12,455,Medium
EOS-00894,Bose Noise Cancelling Headphones R972,Headphones,Bose,278.39,3.5,167,226,18,6,294,Low
EOS-00895,Apple Business Notebook R835,Laptop,Apple,1081.64,4.5,359,264,21,24,457,Medium
EOS-00896,Fujifilm Instant Camera U361,Camera,Fujifilm,993.53,3.6,105,207,6,12,403,Medium
EOS-00897,Apple Kids Tablet G975,Tablet,Apple,576.71,4.5,141,269,15,24,510,Medium
EOS-00898,JBL Studio Headphones Y101,Headphones,JBL,120.6,4.7,91,236,14,24,582,Medium
EOS-00899,Logitech USB-C Hub Y563,Accessory,Logitech,56.29,3.4,286,92,0,24,512,Medium
EOS-00900,Corsair USB-C Hub P498,Accessory,Corsair,101.14,4.3,167,162,3,6,623,High
EOS-00901,Apple Hybrid Watch I591,Smartwatch,Apple,258.98,4.1,136,50,0,24,462,Medium
EOS-00902,TCL Mini LED TV O747,TV,TCL,1337.23,3.2,46,114,12,36,438,Medium
EOS-00903,Corsair Webcam T739,Accessory,Corsair,44.15,4.4,115,125,0,24,537,Medium
EOS-00904,Huawei Smartwatch N569,Smartwatch,Huawei,404.09,4.1,192,168,9,24,583,Medium
EOS-00905,Samsung Curved Monitor M248,Monitor,Samsung,1038.83,4.0,167,95,0,36,290,Low
EOS-00906,Samsung Gaming Monitor Z703,Monitor,Samsung,839.6,2.6,109,107,16,24,250,Low
EOS-00907,Samsung Drawing Tablet W206,Tablet,Samsung,398.66,3.5,62,131,8,12,386,Low
EOS-00908,Xiaomi 5G Phone F656,Smartphone,Xiaomi,421.89,4.1,177,119,40,12,430,Medium
EOS-00909,Microsoft Pro Tablet C255,Tablet,Microsoft,527.24,5.0,148,166,7,24,560,Medium
EOS-00910,GoPro Action Camera W925,Camera,GoPro,648.74,3.8,10,94,24,12,396,Low
EOS-00911,Asus Curved Monitor C762,Monitor,Asus,383.36,3.4,38,144,30,24,642,High
EOS-00912,Apple Creator Laptop L242,Laptop,Apple,1283.33,4.4,56,144,16,24,770,High
EOS-00913,Apple Mini Tablet J723,Tablet,Apple,639.49,3.0,98,114,25,24,361,Low
EOS-00914,Samsung Gaming Monitor M308,Monitor,Samsung,428.72,4.9,241,111,12,36,391,Low
EOS-00915,TCL 4K TV D786,TV,TCL,1331.6,5.0,150,88,11,36,458,Medium
EOS-00916,LG Mini LED TV G928,TV,Apple,1719.57,3.5,303,118,14,36,573,Medium
EOS-00917,Microsoft Wireless Mouse P569,Accessory,Microsoft,81.86,4.7,71,181,18,6,583,Medium
EOS-00918,Bose Wireless Headphones Y328,Headphones,Bose,527.96,4.1,197,75,0,12,336,Low
EOS-00919,Apple Smartphone C974,Smartphone,Apple,247.32,5.0,125,30,26,24,420,Medium
EOS-00920,Fujifilm Vlogging Camera U434,Camera,Fujifilm,1667.93,4.6,89,133,15,24,253,Low
EOS-00921,Apple Creator Laptop M976,Laptop,Apple,1887.55,4.5,124,83,38,12,329,Low
EOS-00922,LG OLED TV P941,TV,LG,1887.55,4.0,17,173,13,24,259,Low
EOS-00923,Sennheiser Gaming Headset G106,Headphones,Sennheiser,179.72,3.5,231,22,20,6,644,High
EOS-00924,Google Pro Smartphone O389,Smartphone,Google,616.26,3.7,180,145,4,24,372,Low
EOS-00925,Apple Kids Tablet Y520,Tablet,Apple,321.78,3.7,391,132,12,12,718,High
EOS-00926,Acer Business Notebook W985,Laptop,Acer,1788.64,3.7,365,228,32,24,585,Medium
EOS-00927,BenQ 4K Monitor S537,Monitor,BenQ,534.15,3.3,136,55,18,36,434,Medium
EOS-00928,Asus Office Monitor A267,Monitor,Asus,873.32,4.1,42,141,28,12,563,Medium
EOS-00929,OnePlus Budget Phone J929,Smartphone,OnePlus,365.73,4.0,455,69,19,12,689,High
EOS-00930,Belkin Mechanical Keyboard K141,Accessory,Belkin,75.36,4.8,185,299,17,6,668,High
EOS-00931,Apple Foldable Phone S137,Smartphone,Apple,673.08,4.8,89,215,9,12,469,Medium
EOS-00932,Motorola Smartphone N539,Smartphone,Motorola,656.03,4.6,454,194,13,12,585,Medium
EOS-00933,Nintendo VR Bundle Q221,Gaming Console,Nintendo,536.71,4.7,267,71,4,12,538,Medium
EOS-00934,Apple Pro Smartphone Q786,Smartphone,Apple,395.8,4.2,118,133,19,24,567,Medium
EOS-00935,Logitech Wireless Headphones S781,Headphones,Logitech,131.18,3.3,114,33,11,24,459,Medium
EOS-00936,Motorola 5G Phone P188,Smartphone,Motorola,467.25,3.6,43,31,9,12,493,Medium
EOS-00937,TCL Mini LED TV T361,TV,TCL,1326.21,3.3,107,195,13,12,454,Medium
EOS-00938,Apple Budget Phone B364,Smartphone,Apple,666.16,4.0,118,90,18,24,335,Low
EOS-00939,LG Ultrawide Monitor I407,Monitor,LG,527.96,3.8,72,128,11,12,459,Medium
EOS-00940,Corsair Mechanical Keyboard J652,Accessory,Corsair,66.05,3.4,323,90,14,12,476,Medium
EOS-00941,Dell Gaming Monitor T442,Monitor,Dell,436.91,3.4,55,151,0,12,564,Medium
EOS-00942,Motorola 5G Phone W991,Smartphone,Motorola,518.05,3.4,36,253,3,12,494,Medium
EOS-00943,Samsung Pro Smartphone T499,Smartphone,Samsung,682.88,4.2,128,24,4,12,298,Low
EOS-00944,Huawei Sports Watch N374,Smartwatch,Huawei,201.22,3.0,165,33,15,24,475,Medium
EOS-00945,Samsung Smartwatch D672,Smartwatch,Samsung,324.1,3.6,110,167,28,12,361,Low
EOS-00946,Dell Curved Monitor U566,Monitor,Dell,422.03,4.1,175,120,24,36,264,Low
EOS-00947,OnePlus Pro Smartphone U459,Smartphone,OnePlus,888.32,3.6,95,231,35,24,576,Medium
EOS-00948,Sony Instant Camera D367,Camera,Sony,633.04,3.9,57,168,32,36,488,Medium
EOS-00949,Apple Fitness Watch L735,Smartwatch,Apple,527.96,3.9,78,209,24,24,285,Low
EOS-00950,Asus Ultrawide Monitor U941,Monitor,Asus,412.15,3.4,278,165,7,36,383,Low
EOS-00951,Belkin Mechanical Keyboard U947,Accessory,Belkin,250.0,3.0,50,253,17,24,208,Low
EOS-00952,Logitech Wireless Headphones S816,Headphones,Logitech,76.85,4.5,153,14,3,6,553,Medium
EOS-00953,Acer 2-in-1 Laptop C905,Laptop,Acer,1272.6,4.2,187,106,21,12,655,High
EOS-00954,Huawei Drawing Tablet M289,Tablet,Huawei,635.52,4.0,100,0,7,24,389,Low
EOS-00955,Samsung Foldable Phone M224,Smartphone,Samsung,572.87,3.7,53,64,0,12,264,Low
EOS-00956,Xiaomi Pro Smartphone P895,Smartphone,Xiaomi,1164.14,3.5,211,161,0,24,374,Low
EOS-00957,GoPro Action Camera D391,Camera,GoPro,527.0,3.7,72,136,20,24,464,Medium
EOS-00958,Sony QLED TV L942,TV,Sony,1352.21,4.0,205,13,2,36,336,Low
EOS-00959,Sony Wireless Headphones W263,Headphones,Sony,94.59,4.5,21,138,33,12,610,High
EOS-00960,Apple Smartphone H137,Smartphone,Apple,399.12,4.4,99,1,19,24,622,High
EOS-00961,Sony Noise Cancelling Headphones N833,Headphones,Sony,225.69,4.4,207,61,31,12,628,High
EOS-00962,LG Smart TV P527,TV,Apple,1887.55,3.5,78,215,12,12,432,Medium
EOS-00963,Xiaomi Foldable Phone W161,Smartphone,Xiaomi,597.83,3.1,26,152,1,24,209,Low
EOS-00964,Logitech Earbuds Z751,Headphones,Logitech,140.42,3.9,212,158,18,24,801,High
EOS-00965,Garmin Sports Watch R247,Smartwatch,Garmin,385.05,3.2,58,199,21,12,461,Medium
EOS-00966,Asus Ultrabook P895,Laptop,Asus,1182.6,3.9,399,135,20,24,499,Medium
EOS-00967,Huawei Pro Tablet J173,Tablet,Huawei,362.07,4.4,185,93,17,12,469,Medium
EOS-00968,Xiaomi Budget Phone S541,Smartphone,Xiaomi,590.66,3.8,253,205,27,12,500,Medium
EOS-00969,Logitech Studio Headphones S895,Headphones,Logitech,288.47,4.3,71,136,1,24,637,High
EOS-00970,Logitech Power Bank M164,Accessory,Logitech,111.35,4.2,216,78,23,6,454,Medium
EOS-00971,Motorola 5G Phone M903,Smartphone,Motorola,994.49,3.8,151,219,25,12,332,Low
EOS-00972,Fujifilm Mirrorless Camera A431,Camera,Fujifilm,1081.62,4.4,144,60,45,36,617,High
EOS-00973,Lenovo Creator Laptop G982,Laptop,Lenovo,806.38,4.2,31,185,22,24,583,Medium
EOS-00974,BenQ Gaming Monitor U462,Monitor,BenQ,907.31,4.6,214,199,1,12,404,Medium
EOS-00975,Fitbit Fitness Watch J897,Smartwatch,Fitbit,189.81,3.6,91,94,2,24,410,Medium
EOS-00976,Corsair Wireless Mouse C559,Accessory,Corsair,105.01,4.1,303,99,15,6,377,Low
EOS-00977,JBL Studio Headphones L407,Headphones,JBL,138.29,3.9,55,83,10,12,574,Medium
EOS-00978,Xiaomi Smartphone Z895,Smartphone,Xiaomi,818.79,4.1,200,72,0,24,476,Medium
EOS-00979,Huawei Mini Tablet K257,Tablet,Huawei,270.17,4.3,108,76,18,24,581,Medium
EOS-00980,Razer USB-C Hub J624,Accessory,Razer,54.44,3.6,110,35,9,12,550,Medium
EOS-00981,Logitech Earbuds W120,Headphones,Logitech,357.64,4.8,134,133,16,6,488,Medium
EOS-00982,Xiaomi Smartphone G172,Smartphone,Xiaomi,253.11,3.7,95,261,21,12,697,High
EOS-00983,Apple Smartphone B362,Smartphone,Apple,801.69,4.0,174,88,34,12,588,Medium
EOS-00984,OnePlus 5G Phone Y451,Smartphone,OnePlus,764.96,4.0,140,292,15,24,373,Low
EOS-00985,Panasonic Instant Camera N700,Camera,Panasonic,570.08,3.8,89,132,0,36,371,Low
EOS-00986,Apple 2-in-1 Laptop X699,Laptop,Apple,932.04,4.0,246,250,17,24,607,High
EOS-00987,Fujifilm Action Camera X524,Camera,Fujifilm,490.91,3.1,171,129,16,12,503,Medium
EOS-00988,Huawei GPS Watch S649,Smartwatch,Huawei,290.71,4.6,282,91,3,24,413,Medium
EOS-00989,Sony 4K TV N150,TV,Sony,527.96,4.6,91,70,1,36,491,Medium
EOS-00990,LG OLED TV S560,TV,LG,1673.08,4.1,104,9,32,24,385,Low
EOS-00991,Dell Creator Laptop O871,Laptop,Dell,670.2,4.4,336,108,20,36,464,Medium
EOS-00992,Sony Handheld Console Q659,Gaming Console,Sony,414.07,3.2,234,308,10,12,668,High
EOS-00993,Dell Gaming Laptop W355,Laptop,Dell,722.18,4.2,103,30,14,24,594,Medium
EOS-00994,Apple Gaming Laptop L652,Laptop,Apple,1505.96,2.8,238,106,13,36,337,Low
EOS-00995,LG OLED TV F537,TV,LG,1887.55,3.5,370,99,1,36,369,Low
EOS-00996,Microsoft Handheld Console W951,Gaming Console,Microsoft,418.42,3.6,150,138,16,24,382,Low
EOS-00997,Dell Creator Laptop K365,Laptop,Dell,1110.97,4.6,119,108,20,24,833,High
EOS-00998,TCL OLED TV D664,TV,TCL,659.37,3.8,150,15,28,12,753,High
EOS-00999,Nikon DSLR Camera N305,Camera,Nikon,527.96,3.8,104,212,4,36,274,Low
EOS-01000,Meta Gaming Console Y614,Gaming Console,Apple,394.3,5.0,186,170,10,12,504,Medium
EOS-01001,JBL Gaming Headset G343,Headphones,JBL,527.96,4.1,160,124,5,24,423,Medium
EOS-01002,Canon DSLR Camera K546,Camera,Canon,1887.55,3.9,120,62,23,24,256,Low
EOS-01003,Corsair Power Bank R679,Accessory,Corsair,128.39,4.1,393,166,37,6,509,Medium
EOS-01004,Huawei Fitness Watch Y598,Smartwatch,Huawei,410.36,3.6,215,116,21,24,435,Medium
EOS-01005,Amazfit Smartwatch V951,Smartwatch,Amazfit,169.41,4.7,114,153,22,12,590,Medium
EOS-01006,Lenovo Ultrabook X882,Laptop,Lenovo,1887.55,4.0,76,182,0,24,564,Medium
EOS-01007,Huawei Hybrid Watch E714,Smartwatch,Huawei,280.11,4.2,47,108,13,24,500,Medium
EOS-01008,Amazfit Fitness Watch R707,Smartwatch,Amazfit,459.18,3.5,378,134,0,24,337,Low
EOS-01009,Samsung Mini LED TV S992,TV,Samsung,1887.55,4.0,183,0,1,12,303,Low
EOS-01010,Logitech Earbuds R597,Headphones,Logitech,156.96,4.4,298,190,10,12,441,Medium
EOS-01011,Apple Kids Tablet V269,Tablet,Apple,589.41,4.4,17,115,29,12,442,Medium
EOS-01012,OnePlus Budget Phone F191,Smartphone,OnePlus,368.42,4.0,130,199,16,12,777,High
EOS-01013,Apple Gaming Headset Y849,Headphones,Apple,41.52,4.0,276,97,11,24,583,Medium
EOS-01014,Logitech Earbuds Q811,Headphones,Logitech,79.0,3.7,95,82,0,6,588,Medium
EOS-01015,Anker Wireless Mouse X312,Accessory,Anker,58.03,4.9,112,100,0,6,577,Medium
EOS-01016,Asus Business Notebook W325,Laptop,Asus,1336.99,4.0,96,157,31,24,594,Medium
EOS-01017,TCL Smart TV T679,TV,TCL,692.85,4.1,152,46,15,12,826,High
EOS-01018,Microsoft Retro Console Q755,Gaming Console,Microsoft,428.0,3.6,29,180,18,24,487,Medium
EOS-01019,Logitech Mechanical Keyboard Q981,Accessory,Logitech,189.91,4.1,154,114,9,6,332,Low
EOS-01020,MSI Ultrabook Q952,Laptop,MSI,1106.0,2.9,223,60,24,36,546,Medium
EOS-01021,Apple Creator Laptop O574,Laptop,Apple,946.99,3.6,135,0,30,12,390,Low
EOS-01022,JBL Noise Cancelling Headphones H787,Headphones,JBL,121.76,3.7,150,130,17,24,546,Medium
EOS-01023,MSI Ultrabook C806,Laptop,MSI,757.61,4.1,97,222,26,36,501,Medium
EOS-01024,Sony Vlogging Camera R908,Camera,Sony,1125.19,3.4,209,221,20,12,709,High
EOS-01025,OnePlus Pro Smartphone L441,Smartphone,OnePlus,616.57,3.2,149,255,0,24,495,Medium
EOS-01026,OnePlus Budget Phone F322,Smartphone,OnePlus,260.9,3.7,65,74,9,24,467,Medium
EOS-01027,MSI Business Notebook F890,Laptop,MSI,1289.07,3.7,136,120,10,12,389,Low
EOS-01028,Corsair USB-C Hub G146,Accessory,Corsair,68.64,3.7,256,136,21,6,607,High
EOS-01029,Lenovo Pro Tablet Y474,Tablet,Lenovo,390.91,4.5,90,176,4,12,454,Medium
EOS-01030,LG 4K Monitor F387,Monitor,LG,1239.4,3.8,215,131,13,36,362,Low
EOS-01031,Sony Instant Camera G742,Camera,Sony,887.41,4.7,72,88,3,36,601,High
EOS-01032,Canon Vlogging Camera G368,Camera,Canon,379.95,4.2,83,104,37,24,763,High
EOS-01033,Canon Vlogging Camera I775,Camera,Canon,712.42,4.5,156,139,41,36,710,High
EOS-01034,Microsoft Webcam K471,Accessory,Microsoft,72.6,4.1,326,215,6,6,507,Medium
EOS-01035,Samsung Mini Tablet W563,Tablet,Samsung,402.03,4.8,150,169,5,24,689,High
EOS-01036,Hisense Smart TV U683,TV,Hisense,1359.42,4.3,249,147,12,12,519,Medium
EOS-01037,Microsoft Mechanical Keyboard L643,Accessory,Microsoft,36.4,4.5,167,99,0,12,414,Medium
EOS-01038,Logitech Gaming Headset X101,Headphones,Logitech,169.78,4.2,210,142,17,6,561,Medium
EOS-01039,Samsung Budget Phone S633,Smartphone,Apple,363.06,4.4,42,167,7,12,670,High
EOS-01040,JBL Gaming Headset X569,Headphones,JBL,144.41,3.6,168,99,22,6,675,High
EOS-01041,Microsoft USB-C Hub I931,Accessory,Microsoft,61.24,3.8,27,24,9,6,565,Medium
EOS-01042,Anker Mechanical Keyboard H477,Accessory,Anker,91.14,3.9,146,81,12,24,354,Low
EOS-01043,Dell Curved Monitor G126,Monitor,Dell,453.9,4.8,145,0,20,24,520,Medium
EOS-01044,LG QLED TV K443,TV,LG,1887.55,3.9,73,189,0,12,548,Medium
EOS-01045,Nikon Instant Camera Y827,Camera,Nikon,761.88,4.8,42,251,23,36,395,Low
EOS-01046,Apple Foldable Phone F621,Smartphone,Apple,400.62,3.6,130,64,3,12,528,Medium
EOS-01047,Xiaomi Foldable Phone Y894,Smartphone,Xiaomi,677.84,5.0,217,83,0,24,514,Medium
EOS-01048,Dell Ultrabook C408,Laptop,Dell,1390.14,3.9,67,188,8,24,426,Medium
EOS-01049,Sennheiser Noise Cancelling Headphones T129,Headphones,Sennheiser,240.77,3.3,60,279,6,24,354,Low
EOS-01050,Fujifilm Mirrorless Camera D576,Camera,Fujifilm,465.62,4.0,270,206,21,24,478,Medium
EOS-01051,OnePlus Pro Smartphone Q885,Smartphone,OnePlus,1283.95,4.3,73,115,24,24,412,Medium
EOS-01052,Microsoft Mini Tablet Y495,Tablet,Microsoft,286.91,4.4,121,92,12,24,676,High
EOS-01053,Xiaomi Foldable Phone T772,Smartphone,Xiaomi,618.68,4.6,201,142,21,12,645,High
EOS-01054,Microsoft Power Bank O725,Accessory,Microsoft,75.8,3.5,57,90,6,24,639,High
EOS-01055,Microsoft Power Bank D214,Accessory,Microsoft,90.85,4.2,88,189,28,24,404,Medium
EOS-01056,Dell Office Monitor G854,Monitor,Dell,469.21,4.1,199,45,11,36,585,Medium
EOS-01057,OnePlus 5G Phone Q989,Smartphone,OnePlus,994.8,4.7,356,295,7,24,627,High
EOS-01058,Logitech Noise Cancelling Headphones S123,Headphones,Logitech,97.07,3.9,16,199,12,12,680,High
EOS-01059,Sony OLED TV U984,TV,Sony,1790.8,3.8,169,35,2,12,377,Low
EOS-01060,Corsair Webcam D748,Accessory,Corsair,129.13,4.0,406,143,10,24,530,Medium
EOS-01061,MSI Gaming Laptop Q411,Laptop,MSI,1560.03,4.7,264,172,37,36,738,High
EOS-01062,Lenovo Drawing Tablet T293,Tablet,Lenovo,196.36,3.8,122,182,12,12,543,Medium
EOS-01063,BenQ Gaming Monitor K212,Monitor,BenQ,527.96,3.4,119,170,12,24,327,Low
EOS-01064,Nikon Instant Camera U637,Camera,Nikon,868.73,4.8,120,94,2,12,430,Medium
EOS-01065,MSI 2-in-1 Laptop B268,Laptop,MSI,988.34,3.7,291,49,12,36,522,Medium
EOS-01066,Google Pro Smartphone M311,Smartphone,Google,826.29,3.9,274,131,13,12,336,Low
EOS-01067,Philips OLED TV U393,TV,Philips,535.01,3.8,291,123,17,24,833,High
EOS-01068,Google Smartphone E714,Smartphone,Google,337.91,3.6,126,110,4,24,674,High
EOS-01069,Apple Pro Tablet M849,Tablet,Apple,1026.96,4.4,156,267,14,12,337,Low
EOS-01070,Acer Ultrabook Z411,Laptop,Acer,1887.55,3.1,455,251,10,24,600,High
EOS-01071,Apple 5G Phone V929,Smartphone,Apple,562.01,4.1,114,89,23,12,417,Medium
EOS-01072,GoPro DSLR Camera Y948,Camera,GoPro,1360.11,4.0,150,105,14,24,514,Medium
EOS-01073,Acer Ultrabook W158,Laptop,Acer,1887.55,3.9,100,88,15,24,556,Medium
EOS-01074,LG 4K Monitor V293,Monitor,LG,257.14,3.2,375,141,8,12,490,Medium
EOS-01075,Apple Ultrabook E413,Laptop,Apple,1004.48,3.2,36,233,31,36,416,Medium
EOS-01076,MSI Creator Laptop B847,Laptop,MSI,1776.15,3.5,117,90,15,12,464,Medium
EOS-01077,Microsoft Webcam F633,Accessory,Microsoft,42.93,3.9,257,149,24,12,684,High
EOS-01078,Lenovo Ultrabook F242,Laptop,Lenovo,869.04,4.4,85,92,15,24,423,Medium
EOS-01079,Garmin Smartwatch G732,Smartwatch,Garmin,492.45,3.9,150,152,28,12,538,Medium
EOS-01080,Acer Ultrabook F150,Laptop,Acer,1683.29,3.8,89,76,2,24,410,Medium
EOS-01081,Dell Gaming Monitor M710,Monitor,Dell,518.26,3.2,149,239,18,24,339,Low
EOS-01082,Canon Instant Camera H523,Camera,Canon,527.96,4.9,65,162,4,12,569,Medium
EOS-01083,Lenovo Creator Laptop K736,Laptop,Lenovo,928.84,4.0,96,158,10,24,470,Medium
EOS-01084,Hisense Smart TV J890,TV,Hisense,1887.55,4.1,226,80,4,24,411,Medium
EOS-01085,Nikon Vlogging Camera F509,Camera,Nikon,826.7,4.6,131,84,0,24,522,Medium
EOS-01086,Philips Mini LED TV F679,TV,Philips,1887.55,4.3,47,127,0,36,413,Medium
EOS-01087,Logitech Power Bank F507,Accessory,Logitech,88.95,3.9,140,83,0,24,361,Low
EOS-01088,Acer 2-in-1 Laptop X987,Laptop,Acer,860.99,4.3,77,209,12,24,512,Medium
EOS-01089,Lenovo Tablet Q121,Tablet,Lenovo,527.96,3.6,263,159,0,12,415,Medium
EOS-01090,Anker Mechanical Keyboard G939,Accessory,Anker,147.99,4.2,113,54,17,12,520,Medium
EOS-01091,JBL Wireless Headphones F901,Headphones,JBL,171.46,4.0,102,236,16,12,601,High
EOS-01092,OnePlus Smartphone I651,Smartphone,OnePlus,758.68,4.4,163,90,25,12,563,Medium
EOS-01093,Motorola Foldable Phone A892,Smartphone,Motorola,679.25,3.3,207,100,15,12,465,Medium
EOS-01094,Bose Studio Headphones I922,Headphones,Bose,443.32,3.9,54,210,10,6,321,Low
EOS-01095,LG Gaming Monitor U353,Monitor,LG,1500.0,3.1,76,288,36,36,214,Low
EOS-01096,JBL Earbuds C618,Headphones,JBL,141.88,3.9,250,133,1,12,396,Low
EOS-01097,MSI Business Notebook N412,Laptop,MSI,1437.52,3.5,236,96,5,36,568,Medium
EOS-01098,Google Smartphone A841,Smartphone,Google,674.15,3.7,337,227,2,24,572,Medium
EOS-01099,Acer 2-in-1 Laptop X390,Laptop,Acer,1077.89,4.1,455,15,5,12,454,Medium
EOS-01100,Lenovo Business Notebook F343,Laptop,Lenovo,1433.24,4.7,216,49,8,36,337,Low
EOS-01101,Logitech Gaming Headset U843,Headphones,Logitech,329.23,4.1,70,178,4,6,338,Low
EOS-01102,Lenovo Mini Tablet R129,Tablet,Lenovo,184.27,3.5,48,158,0,24,552,Medium
EOS-01103,Bose Gaming Headset H832,Headphones,Bose,98.32,4.0,155,178,16,12,384,Low
EOS-01104,Samsung Budget Phone U208,Smartphone,Samsung,335.88,5.0,241,198,11,24,545,Medium
EOS-01105,Motorola 5G Phone G247,Smartphone,Motorola,546.07,4.9,82,186,22,12,522,Medium
EOS-01106,Lenovo Pro Tablet E255,Tablet,Lenovo,428.88,4.1,158,111,16,24,721,High
EOS-01107,BenQ 4K Monitor K930,Monitor,BenQ,1288.32,3.4,162,108,2,24,236,Low
EOS-01108,HP Creator Laptop R215,Laptop,HP,1276.66,4.4,114,41,29,36,468,Medium
EOS-01109,Lenovo Tablet C553,Tablet,Lenovo,616.62,3.5,35,103,10,12,570,Medium
EOS-01110,Panasonic Instant Camera P896,Camera,Panasonic,1346.5,3.8,264,240,27,36,442,Medium
EOS-01111,Apple 2-in-1 Laptop Z385,Laptop,Apple,1701.55,3.8,342,1,27,12,484,Medium
EOS-01112,Lenovo Gaming Laptop Z547,Laptop,Lenovo,1558.25,3.6,183,239,0,12,297,Low
EOS-01113,Philips Mini LED TV T881,TV,Philips,1384.38,3.7,135,193,1,36,501,Medium
EOS-01114,Sony Earbuds Z295,Headphones,Sony,284.7,4.3,56,91,16,12,257,Low
EOS-01115,Nikon Vlogging Camera N599,Camera,Nikon,1110.74,3.7,170,111,45,12,455,Medium
EOS-01116,Nikon Action Camera B300,Camera,Nikon,769.87,3.2,55,123,23,24,565,Medium
EOS-01117,Nikon Mirrorless Camera S965,Camera,Nikon,527.96,4.6,455,87,0,24,733,High
EOS-01118,Panasonic Mirrorless Camera S140,Camera,Panasonic,619.08,4.1,250,188,24,12,447,Medium
EOS-01119,Apple Smartphone W888,Smartphone,Apple,640.28,3.9,47,108,38,24,559,Medium
EOS-01120,Sennheiser Earbuds U942,Headphones,Sennheiser,136.14,3.4,157,195,34,12,297,Low
EOS-01121,Amazfit Fitness Watch Y617,Smartwatch,Amazfit,252.76,3.9,195,41,15,24,441,Medium
EOS-01122,Apple Pro Smartphone O241,Smartphone,Apple,354.04,3.1,40,113,0,12,585,Medium
EOS-01123,Motorola Smartphone N398,Smartphone,Motorola,373.16,4.1,250,226,0,12,720,High
EOS-01124,Lenovo Mini Tablet G954,Tablet,Lenovo,677.1,4.6,88,143,0,24,469,Medium
EOS-01125,Google Foldable Phone F673,Smartphone,Google,905.52,3.5,133,104,10,12,210,Low
EOS-01126,Apple 5G Phone R444,Smartphone,Apple,267.35,3.1,200,111,0,12,513,Medium
EOS-01127,Meta Retro Console N290,Gaming Console,Meta,180.0,3.6,138,56,15,24,516,Medium
EOS-01128,Logitech Wireless Headphones E799,Headphones,Logitech,227.53,4.7,107,249,22,24,469,Medium
EOS-01129,Sennheiser Studio Headphones L911,Headphones,Sennheiser,178.69,4.1,192,234,19,12,785,High
EOS-01130,Bose Earbuds P560,Headphones,Bose,177.67,4.0,455,210,13,12,444,Medium
EOS-01131,HP Gaming Laptop V358,Laptop,HP,1887.55,4.6,398,127,23,36,451,Medium
EOS-01132,Nikon Mirrorless Camera B303,Camera,Nikon,881.65,4.2,336,106,5,24,453,Medium
EOS-01133,Apple Drawing Tablet P884,Tablet,Apple,847.4,4.5,70,152,13,24,454,Medium
EOS-01134,Microsoft Handheld Console Z969,Gaming Console,Microsoft,477.51,3.8,251,105,27,24,493,Medium
EOS-01135,MSI 2-in-1 Laptop L100,Laptop,MSI,697.2,4.4,94,93,15,12,435,Medium
EOS-01136,Sony QLED TV D110,TV,Sony,1160.95,4.7,146,98,0,12,677,High
EOS-01137,Microsoft Webcam I834,Accessory,Microsoft,83.39,5.0,99,128,6,6,600,High
EOS-01138,Samsung Tablet L858,Tablet,Samsung,538.66,4.0,192,88,12,24,723,High
EOS-01139,Logitech Earbuds J359,Headphones,Logitech,160.45,4.5,95,155,14,24,603,High
EOS-01140,JBL Gaming Headset I586,Headphones,JBL,171.13,3.7,22,97,13,6,409,Medium
EOS-01141,Logitech Gaming Headset J493,Headphones,Logitech,96.2,4.1,22,88,28,6,464,Medium
EOS-01142,Logitech Gaming Headset Z895,Headphones,Logitech,140.51,4.1,109,216,34,24,662,High
EOS-01143,Nintendo Console Bundle K483,Gaming Console,Nintendo,573.89,4.5,394,122,0,24,353,Low
EOS-01144,Meta Handheld Console A302,Gaming Console,Meta,305.96,4.7,92,143,25,24,409,Medium
EOS-01145,Philips Mini LED TV E314,TV,Philips,896.95,4.6,150,97,38,24,546,Medium
EOS-01146,Sony Handheld Console H238,Gaming Console,Sony,348.3,3.7,112,117,28,24,663,High
EOS-01147,Microsoft Handheld Console S645,Gaming Console,Microsoft,241.88,4.0,133,129,28,12,673,High
EOS-01148,Sony Studio Headphones G929,Headphones,Sony,329.19,3.4,357,61,18,24,445,Medium
EOS-01149,Nikon Vlogging Camera X789,Camera,Nikon,1687.21,4.4,30,117,15,12,571,Medium
EOS-01150,Apple Pro Smartphone S315,Smartphone,Apple,577.89,3.8,30,259,0,24,449,Medium
EOS-01151,Logitech Studio Headphones P983,Headphones,Logitech,288.19,3.5,101,78,19,24,357,Low
EOS-01152,Samsung Foldable Phone Z991,Smartphone,Samsung,421.19,3.7,200,177,4,24,622,High
EOS-01153,Samsung Pro Tablet D310,Tablet,Samsung,1094.72,4.1,300,135,0,24,444,Medium
EOS-01154,Sony QLED TV S614,TV,Sony,1887.55,5.0,91,143,13,24,525,Medium
EOS-01155,Acer Ultrabook I598,Laptop,Acer,527.96,4.8,150,226,29,12,324,Low
EOS-01156,Bose Earbuds U346,Headphones,Bose,178.03,4.4,121,184,21,24,680,High
EOS-01157,Apple Budget Phone J855,Smartphone,Apple,1405.82,4.6,90,0,22,12,530,Medium
EOS-01158,Motorola 5G Phone M405,Smartphone,Motorola,517.06,3.8,81,157,3,24,532,Medium
EOS-01159,Anker Power Bank W949,Accessory,Anker,135.74,5.0,455,0,14,24,571,Medium
EOS-01160,Nintendo VR Bundle O941,Gaming Console,Nintendo,344.22,4.5,102,169,12,12,378,Low
EOS-01161,Nintendo Console Bundle T641,Gaming Console,Nintendo,689.51,5.0,90,0,27,12,443,Medium
EOS-01162,Huawei Smartwatch U511,Smartwatch,Huawei,717.69,4.0,455,234,0,24,411,Medium
EOS-01163,Logitech Earbuds V236,Headphones,Logitech,100.38,4.5,255,91,23,24,422,Medium
EOS-01164,Sony 4K TV X275,TV,Sony,1494.96,4.0,210,173,27,24,536,Medium
EOS-01165,Samsung Smart TV Z201,TV,Samsung,1808.04,3.1,182,98,17,12,452,Medium
EOS-01166,Philips OLED TV A272,TV,Philips,1660.31,4.8,360,108,0,12,597,Medium
EOS-01167,Belkin Wireless Mouse F283,Accessory,Belkin,75.68,4.5,229,218,0,12,429,Medium
EOS-01168,Valve Gaming Console G601,Gaming Console,Valve,521.66,4.0,45,127,9,24,630,High
EOS-01169,AOC Office Monitor Y928,Monitor,AOC,543.27,5.0,68,64,33,12,441,Medium
EOS-01170,LG Gaming Monitor V640,Monitor,LG,515.85,4.3,184,119,0,24,626,High
EOS-01171,Fujifilm DSLR Camera L283,Camera,Fujifilm,1469.22,4.8,370,154,19,24,349,Low
EOS-01172,Samsung 4K Monitor K625,Monitor,Samsung,277.78,4.1,139,270,20,36,593,Medium
EOS-01173,Belkin Wireless Mouse M499,Accessory,Belkin,80.0,4.4,212,177,20,24,417,Medium
EOS-01174,Sony Mirrorless Camera S393,Camera,Sony,1887.55,4.0,111,0,18,24,277,Low
EOS-01175,Microsoft USB-C Hub F930,Accessory,Microsoft,45.78,5.0,49,57,2,12,702,High
EOS-01176,Fujifilm Vlogging Camera H183,Camera,Fujifilm,1235.87,4.1,181,136,12,36,639,High
EOS-01177,Amazfit GPS Watch C438,Smartwatch,Amazfit,444.44,4.2,107,131,3,12,521,Medium
EOS-01178,OnePlus Foldable Phone U579,Smartphone,OnePlus,593.8,4.2,208,123,26,24,788,High
EOS-01179,Samsung Foldable Phone Q460,Smartphone,Samsung,507.01,3.2,62,7,0,12,368,Low
EOS-01180,Microsoft Pro Tablet B467,Tablet,Microsoft,329.26,3.7,190,80,0,24,453,Medium
EOS-01181,Acer Ultrabook H227,Laptop,Acer,1271.38,4.9,240,181,15,24,541,Medium
EOS-01182,MSI Creator Laptop U324,Laptop,MSI,1030.5,3.1,13,151,7,36,329,Low
EOS-01183,Google Budget Phone L774,Smartphone,Google,289.11,4.6,65,196,15,12,533,Medium
EOS-01184,Microsoft Pro Tablet S103,Tablet,Microsoft,179.76,3.8,149,9,0,24,366,Low
EOS-01185,Sony Console Bundle X795,Gaming Console,Sony,419.93,3.5,28,157,10,24,577,Medium
EOS-01186,Sony Mirrorless Camera G489,Camera,Sony,1178.43,4.0,139,157,14,12,436,Medium
EOS-01187,Sony Earbuds U408,Headphones,Sony,202.22,4.3,100,117,8,24,481,Medium
EOS-01188,Xiaomi Pro Smartphone V271,Smartphone,Xiaomi,442.31,4.4,195,118,16,12,393,Low
EOS-01189,Sony Studio Headphones X865,Headphones,Sony,37.09,3.5,22,267,12,24,556,Medium
EOS-01190,Logitech Wireless Mouse Z617,Accessory,Logitech,98.69,3.9,114,106,29,12,633,High
EOS-01191,Sony Retro Console Z935,Gaming Console,Sony,382.38,3.7,135,166,1,12,509,Medium
EOS-01192,Nikon Action Camera J749,Camera,Nikon,742.07,3.6,125,217,26,36,631,High
EOS-01193,Lenovo Ultrabook C495,Laptop,Lenovo,1515.18,3.6,86,80,0,36,343,Low
EOS-01194,Lenovo Mini Tablet N172,Tablet,Lenovo,290.89,3.3,213,113,11,12,654,High
EOS-01195,Microsoft Kids Tablet G385,Tablet,Microsoft,886.22,2.9,455,220,28,12,326,Low
EOS-01196,Sony Mirrorless Camera U332,Camera,Sony,1252.28,3.5,116,85,9,36,387,Low
EOS-01197,GoPro DSLR Camera F813,Camera,GoPro,1191.77,4.1,26,232,5,36,336,Low
EOS-01198,Garmin GPS Watch T593,Smartwatch,Garmin,217.37,3.9,335,149,28,12,354,Low
EOS-01199,Apple 5G Phone P854,Smartphone,Apple,524.5,3.2,214,149,0,12,633,High
EOS-01200,Valve Gaming Console E295,Gaming Console,Valve,326.82,5.0,129,125,18,24,718,High
EOS-01201,Logitech Webcam H886,Accessory,Logitech,41.08,3.9,185,265,24,12,362,Low
EOS-01202,Samsung Tablet J940,Tablet,Samsung,475.51,3.9,50,116,12,12,553,Medium
EOS-01203,Samsung 5G Phone L626,Smartphone,Samsung,815.65,4.5,101,190,6,24,451,Medium
EOS-01204,Nintendo Console Bundle Y789,Gaming Console,Nintendo,516.75,4.0,225,86,18,24,603,High
EOS-01205,Motorola Smartphone U645,Smartphone,Motorola,713.05,4.0,387,152,23,24,455,Medium
EOS-01206,Apple Business Notebook I664,Laptop,Apple,1887.55,4.2,288,282,28,12,454,Medium
EOS-01207,Philips Mini LED TV A802,TV,Philips,1597.45,4.0,58,277,18,36,657,High
EOS-01208,JBL Earbuds T487,Headphones,JBL,68.89,3.9,56,149,0,12,493,Medium
EOS-01209,Amazfit Fitness Watch U685,Smartwatch,Amazfit,240.98,3.3,213,55,3,24,411,Medium
EOS-01210,Samsung 4K Monitor Y706,Monitor,Samsung,632.27,3.9,133,178,15,24,653,High
EOS-01211,Meta Console Bundle B325,Gaming Console,Apple,463.56,3.4,309,89,12,12,589,Medium
EOS-01212,Apple Foldable Phone X149,Smartphone,Apple,582.02,3.6,16,78,4,12,462,Medium
EOS-01213,Apple Hybrid Watch T138,Smartwatch,Apple,307.85,4.6,161,14,4,24,443,Medium
EOS-01214,Apple Smartphone B627,Smartphone,Apple,1392.61,4.8,136,84,16,24,500,Medium
EOS-01215,Lenovo 2-in-1 Laptop L427,Laptop,Lenovo,1288.29,3.6,150,178,2,24,554,Medium
EOS-01216,Dell 4K Monitor C342,Monitor,Dell,1006.58,3.9,190,193,21,36,480,Medium
EOS-01217,Apple Smartwatch B480,Smartwatch,Apple,209.71,4.5,69,168,8,12,533,Medium
EOS-01218,Canon Vlogging Camera T379,Camera,Canon,1523.01,3.8,66,299,3,12,300,Low
EOS-01219,Microsoft Kids Tablet D975,Tablet,Microsoft,397.79,4.0,106,76,8,24,519,Medium
EOS-01220,Sony Earbuds S466,Headphones,Sony,147.51,5.0,62,136,13,6,647,High
EOS-01221,Samsung Smartwatch V890,Smartwatch,Samsung,642.62,4.7,455,83,25,12,504,Medium
EOS-01222,GoPro DSLR Camera V706,Camera,GoPro,892.75,4.3,42,144,16,12,490,Medium
EOS-01223,Sony Noise Cancelling Headphones P254,Headphones,Sony,162.95,3.7,455,17,6,12,337,Low
EOS-01224,Samsung 5G Phone C648,Smartphone,Samsung,771.61,3.5,268,157,14,12,688,High
EOS-01225,Dell Ultrabook N324,Laptop,Dell,1006.95,3.8,231,200,19,12,445,Medium
EOS-01226,JBL Studio Headphones V528,Headphones,JBL,230.71,4.1,44,74,34,12,416,Medium
EOS-01227,Samsung Budget Phone G282,Smartphone,Samsung,577.35,4.4,87,200,18,12,576,Medium
EOS-01228,TCL Smart TV L774,TV,TCL,1025.86,3.2,350,116,7,12,464,Medium
EOS-01229,AOC Ultrawide Monitor V134,Monitor,AOC,1384.01,3.0,34,163,19,12,320,Low
EOS-01230,Amazfit Sports Watch C348,Smartwatch,Amazfit,455.21,4.4,366,153,0,12,412,Medium
EOS-01231,Bose Noise Cancelling Headphones L744,Headphones,Bose,176.75,4.3,76,76,12,12,575,Medium
EOS-01232,Dell Curved Monitor X864,Monitor,Dell,499.66,3.8,67,133,0,24,541,Medium
EOS-01233,Motorola Foldable Phone F155,Smartphone,Motorola,1176.74,4.0,30,139,9,12,327,Low
EOS-01234,Samsung Sports Watch X763,Smartwatch,Samsung,365.05,3.7,127,229,0,24,641,High
EOS-01235,Microsoft Retro Console V857,Gaming Console,Microsoft,386.74,4.6,253,168,27,24,404,Medium
EOS-01236,MSI Ultrabook L730,Laptop,MSI,1050.73,4.1,96,189,15,24,604,High
EOS-01237,Lenovo Pro Tablet O222,Tablet,Lenovo,608.47,4.1,265,143,11,12,619,High
EOS-01238,OnePlus Smartphone U565,Smartphone,OnePlus,704.2,5.0,412,74,41,24,369,Low
EOS-01239,Sony Gaming Headset Q885,Headphones,Sony,93.88,5.0,218,58,33,24,563,Medium
EOS-01240,Apple Ultrabook Y756,Laptop,Apple,690.22,3.8,162,150,28,24,595,Medium
EOS-01241,Samsung 5G Phone K657,Smartphone,Samsung,467.17,3.6,209,93,8,12,553,Medium
EOS-01242,HP Gaming Laptop L934,Laptop,HP,923.67,3.1,69,77,26,12,557,Medium
EOS-01243,Fujifilm Vlogging Camera U149,Camera,Fujifilm,1216.88,4.7,142,86,0,24,351,Low
EOS-01244,Lenovo Gaming Laptop R285,Laptop,Lenovo,1512.46,3.8,142,182,17,12,446,Medium
EOS-01245,Sony Noise Cancelling Headphones U359,Headphones,Sony,124.44,4.2,333,90,0,6,608,High
EOS-01246,Microsoft Pro Tablet H996,Tablet,Microsoft,372.61,4.0,48,119,44,12,800,High
EOS-01247,Sony Vlogging Camera W366,Camera,Sony,652.97,4.0,151,290,11,12,452,Medium
EOS-01248,Acer 2-in-1 Laptop N485,Laptop,Acer,1747.71,4.1,240,146,12,12,469,Medium
EOS-01249,LG Gaming Monitor G112,Monitor,LG,516.73,3.7,249,254,7,12,393,Low
EOS-01250,Razer Power Bank X543,Accessory,Razer,65.52,3.6,102,64,14,6,614,High
EOS-01251,Apple Smartphone F997,Smartphone,Apple,659.9,3.5,193,138,9,12,440,Medium
EOS-01252,MSI Creator Laptop I903,Laptop,MSI,1225.06,4.5,55,123,3,36,464,Medium
EOS-01253,Apple 2-in-1 Laptop Y576,Laptop,Apple,852.19,4.5,289,87,9,24,574,Medium
EOS-01254,Apple Hybrid Watch X668,Smartwatch,Apple,537.1,5.0,392,107,21,24,789,High
EOS-01255,Sony Gaming Headset V808,Headphones,Sony,145.02,3.9,279,0,0,12,449,Medium
EOS-01256,MSI Creator Laptop S488,Laptop,MSI,736.44,3.7,93,60,10,12,552,Medium
EOS-01257,Sony QLED TV A792,TV,Sony,964.63,3.3,142,70,13,24,328,Low
EOS-01258,Motorola Smartphone N181,Smartphone,Motorola,282.59,3.7,211,105,18,24,429,Medium
EOS-01259,Apple Studio Headphones A756,Headphones,Apple,262.66,3.8,91,258,6,24,458,Medium
EOS-01260,Amazfit Fitness Watch H306,Smartwatch,Amazfit,380.41,4.0,51,84,14,12,557,Medium
EOS-01261,BenQ Curved Monitor H689,Monitor,BenQ,600.51,4.2,207,74,2,12,376,Low
EOS-01262,Samsung Smartphone W156,Smartphone,Samsung,745.21,4.8,173,122,21,12,559,Medium
EOS-01263,LG OLED TV O540,TV,LG,1370.53,2.9,79,86,29,36,719,High
EOS-01264,Google 5G Phone L187,Smartphone,Google,320.35,3.1,152,206,8,12,491,Medium
EOS-01265,Samsung Mini LED TV A548,TV,Samsung,1364.67,3.8,234,177,2,24,405,Medium
EOS-01266,Panasonic DSLR Camera I393,Camera,Panasonic,1652.08,4.6,121,251,13,24,528,Medium
EOS-01267,Samsung Smart TV X777,TV,Samsung,831.06,4.8,36,67,0,24,542,Medium
EOS-01268,HP Business Notebook V276,Laptop,HP,862.61,4.0,274,80,0,24,475,Medium
EOS-01269,Apple Smartwatch I378,Smartwatch,Apple,404.28,5.0,455,72,0,12,618,High
EOS-01270,Sony DSLR Camera J532,Camera,Sony,1143.57,3.2,243,156,26,36,356,Low
EOS-01271,Motorola Smartphone P982,Smartphone,Motorola,527.96,3.6,72,158,9,24,674,High
EOS-01272,Panasonic Mirrorless Camera Z185,Camera,Panasonic,1887.55,3.9,81,52,15,12,429,Medium
EOS-01273,Fujifilm Mirrorless Camera R542,Camera,Fujifilm,1369.27,4.2,150,173,22,12,560,Medium
EOS-01274,Huawei Fitness Watch A969,Smartwatch,Huawei,512.54,3.4,346,94,8,24,321,Low
EOS-01275,TCL Mini LED TV S706,TV,TCL,1753.05,4.0,260,89,12,36,440,Medium
EOS-01276,Lenovo Creator Laptop X831,Laptop,Lenovo,450.0,3.7,345,225,12,24,566,Medium
EOS-01277,OnePlus Smartphone T264,Smartphone,OnePlus,613.28,4.2,228,55,31,12,445,Medium
EOS-01278,Sony Gaming Console Q798,Gaming Console,Sony,208.29,4.2,156,128,14,24,706,High
EOS-01279,Acer Business Notebook J867,Laptop,Acer,581.9,4.2,124,72,18,24,754,High
EOS-01280,Apple Pro Smartphone O887,Smartphone,Apple,521.82,3.8,166,251,14,24,699,High
EOS-01281,LG Ultrawide Monitor K484,Monitor,LG,481.97,2.9,219,230,6,24,463,Medium
EOS-01282,Hisense 4K TV X225,TV,Hisense,1744.47,4.7,80,100,8,24,501,Medium
EOS-01283,Samsung Hybrid Watch U279,Smartwatch,Samsung,594.41,3.8,54,261,14,24,263,Low
EOS-01284,TCL OLED TV U911,TV,TCL,934.49,3.7,116,95,10,36,289,Low
EOS-01285,AOC Curved Monitor B161,Monitor,AOC,504.13,4.1,99,62,11,36,549,Medium
EOS-01286,Dell 2-in-1 Laptop U115,Laptop,Dell,1212.42,4.2,66,122,6,12,444,Medium
EOS-01287,Asus Gaming Monitor T979,Monitor,Asus,598.94,4.0,43,103,21,12,544,Medium
EOS-01288,Canon Instant Camera Z198,Camera,Canon,572.13,4.0,326,168,0,24,313,Low
EOS-01289,Sennheiser Studio Headphones R249,Headphones,Sennheiser,450.0,3.8,150,67,25,6,256,Low
EOS-01290,Bose Gaming Headset O905,Headphones,Bose,138.78,3.7,80,247,8,6,443,Medium
EOS-01291,Philips OLED TV P601,TV,Philips,881.1,4.3,87,102,12,36,555,Medium
EOS-01292,HP Business Notebook S996,Laptop,HP,1020.3,3.6,291,118,16,12,611,High
EOS-01293,TCL 4K TV Y596,TV,TCL,1254.79,4.4,288,194,22,36,486,Medium
EOS-01294,Apple Sports Watch M751,Smartwatch,Apple,584.8,3.4,168,204,22,24,328,Low
EOS-01295,Motorola Budget Phone K908,Smartphone,Motorola,850.44,3.5,65,167,32,24,498,Medium
EOS-01296,Meta VR Bundle V498,Gaming Console,Meta,447.13,3.7,80,238,0,24,413,Medium
EOS-01297,Logitech Earbuds A441,Headphones,Logitech,218.74,3.9,213,190,0,12,332,Low
EOS-01298,Acer Business Notebook U930,Laptop,Acer,1887.55,3.5,48,248,13,36,493,Medium
EOS-01299,Canon Instant Camera L262,Camera,Canon,527.96,3.7,366,160,0,36,452,Medium
EOS-01300,Sennheiser Earbuds Z923,Headphones,Sennheiser,189.63,4.1,63,44,0,24,387,Low
EOS-01301,Lenovo Creator Laptop M417,Laptop,Lenovo,1720.82,4.0,245,0,32,24,424,Medium
EOS-01302,Microsoft Webcam Q762,Accessory,Microsoft,109.78,4.1,194,178,27,12,605,High
EOS-01303,MSI Ultrabook J139,Laptop,MSI,1169.04,3.5,122,165,6,12,268,Low
EOS-01304,Huawei Drawing Tablet V876,Tablet,Huawei,355.36,3.6,150,92,14,12,614,High
EOS-01305,Nikon Vlogging Camera Y693,Camera,Nikon,1172.09,4.7,23,153,14,36,429,Medium
EOS-01306,Dell Ultrawide Monitor V191,Monitor,Dell,651.59,3.9,70,215,0,36,379,Low
EOS-01307,Amazfit Fitness Watch T538,Smartwatch,Amazfit,357.1,4.3,181,39,2,12,481,Medium
EOS-01308,Sony Console Bundle O681,Gaming Console,Sony,232.81,3.7,57,118,24,24,664,High
EOS-01309,Belkin USB-C Hub J544,Accessory,Belkin,122.33,3.8,365,80,10,24,457,Medium
EOS-01310,Sony Vlogging Camera M914,Camera,Sony,997.06,3.4,53,203,20,12,415,Medium
EOS-01311,Amazfit Hybrid Watch B357,Smartwatch,Amazfit,549.36,3.5,85,27,9,24,370,Low
EOS-01312,Logitech Gaming Headset R483,Headphones,Logitech,409.94,3.6,134,81,31,12,325,Low
EOS-01313,LG Smart TV F323,TV,LG,1391.79,4.1,150,191,32,12,809,High
EOS-01314,Belkin Webcam Z594,Accessory,Belkin,70.4,5.0,151,94,6,6,589,Medium
EOS-01315,Apple Pro Smartphone H316,Smartphone,Apple,532.09,3.4,72,193,10,24,443,Medium
EOS-01316,Asus Curved Monitor U883,Monitor,Asus,795.41,3.6,227,149,24,36,612,High
EOS-01317,Huawei GPS Watch E851,Smartwatch,Huawei,182.89,4.7,64,159,26,12,543,Medium
EOS-01318,Bose Studio Headphones I135,Headphones,Bose,110.89,3.5,124,0,29,6,474,Medium
EOS-01319,Philips OLED TV N629,TV,Philips,1091.61,4.0,169,129,0,12,465,Medium
EOS-01320,Sennheiser Earbuds C212,Headphones,Sennheiser,143.56,4.7,28,216,36,12,580,Medium
EOS-01321,AOC Ultrawide Monitor X263,Monitor,AOC,804.04,4.3,213,106,8,12,315,Low
EOS-01322,Huawei Mini Tablet Y646,Tablet,Huawei,527.96,3.9,69,122,9,12,370,Low
EOS-01323,Huawei Mini Tablet F781,Tablet,Huawei,568.5,4.9,324,169,21,24,533,Medium
EOS-01324,Philips Mini LED TV F165,TV,Philips,1522.92,3.5,309,167,29,24,715,High
EOS-01325,Samsung 5G Phone X764,Smartphone,Samsung,530.1,3.1,195,0,10,12,197,Low
EOS-01326,Motorola 5G Phone Y210,Smartphone,Motorola,706.31,4.8,213,207,2,24,526,Medium
EOS-01327,Logitech Wireless Mouse T642,Accessory,Logitech,53.12,3.6,204,202,3,24,458,Medium
EOS-01328,Logitech Power Bank U620,Accessory,Logitech,173.41,3.4,291,6,4,6,365,Low
EOS-01329,Samsung Hybrid Watch N806,Smartwatch,Samsung,210.48,3.3,160,3,15,12,593,Medium
EOS-01330,Hisense Mini LED TV L443,TV,Hisense,1288.18,4.3,206,145,0,24,606,High
EOS-01331,Xiaomi 5G Phone X979,Smartphone,Xiaomi,534.24,3.3,150,255,41,24,237,Low
EOS-01332,Huawei Hybrid Watch W783,Smartwatch,Huawei,181.42,4.0,170,149,22,12,690,High
EOS-01333,Bose Wireless Headphones B196,Headphones,Bose,195.23,4.2,413,216,9,6,394,Low
EOS-01334,Microsoft Wireless Mouse H450,Accessory,Microsoft,65.52,3.7,231,0,46,6,558,Medium
EOS-01335,Motorola Foldable Phone Y372,Smartphone,Motorola,412.9,4.7,35,104,3,24,365,Low
EOS-01336,Lenovo Ultrabook N725,Laptop,Lenovo,1304.79,4.0,136,175,13,36,580,Medium
EOS-01337,Philips Mini LED TV L626,TV,Philips,1706.02,4.0,142,0,23,36,515,Medium
EOS-01338,Razer USB-C Hub C144,Accessory,Razer,28.44,3.9,79,153,9,6,692,High
EOS-01339,Garmin Sports Watch Q369,Smartwatch,Garmin,291.11,4.7,140,99,20,24,753,High
EOS-01340,Garmin Fitness Watch C257,Smartwatch,Garmin,288.41,4.6,270,248,10,12,406,Medium
EOS-01341,MSI Gaming Laptop M945,Laptop,MSI,1009.69,4.0,15,136,1,24,558,Medium
EOS-01342,LG Office Monitor M974,Monitor,LG,412.33,4.2,127,153,9,24,480,Medium
EOS-01343,Canon DSLR Camera V614,Camera,Canon,1134.09,4.3,116,30,0,36,370,Low
EOS-01344,OnePlus Foldable Phone J867,Smartphone,OnePlus,533.77,4.8,241,0,0,12,499,Medium
EOS-01345,Fitbit Smartwatch X278,Smartwatch,Fitbit,1209.15,4.2,94,100,22,12,598,Medium
EOS-01346,Philips Smart TV R876,TV,Philips,1887.55,4.2,96,207,6,12,662,High
EOS-01347,Logitech Earbuds S228,Headphones,Logitech,160.24,4.2,455,131,4,24,544,Medium
EOS-01348,JBL Wireless Headphones X167,Headphones,JBL,219.96,4.0,98,70,25,6,469,Medium
EOS-01349,Lenovo Gaming Laptop H785,Laptop,Lenovo,1376.1,2.9,52,80,0,36,413,Medium
EOS-01350,Xiaomi Budget Phone X940,Smartphone,Apple,526.66,4.2,78,209,29,12,551,Medium
EOS-01351,Apple Pro Smartphone Y880,Smartphone,Apple,527.96,3.9,362,81,24,24,655,High
EOS-01352,Razer Mechanical Keyboard Y434,Accessory,Razer,37.31,4.7,146,0,10,12,600,High
EOS-01353,Sony OLED TV U864,TV,Sony,821.87,4.0,401,121,42,24,680,High
EOS-01354,Fitbit Hybrid Watch C182,Smartwatch,Fitbit,376.27,3.9,101,21,0,24,280,Low
EOS-01355,Samsung Gaming Monitor E720,Monitor,Samsung,928.09,4.6,44,98,0,24,307,Low
EOS-01356,Nintendo Retro Console X441,Gaming Console,Nintendo,527.96,3.9,225,99,37,24,392,Low
EOS-01357,JBL Noise Cancelling Headphones H806,Headphones,JBL,104.45,4.5,324,18,0,6,667,High
EOS-01358,HP 2-in-1 Laptop T662,Laptop,HP,1887.55,4.3,129,170,9,24,616,High
EOS-01359,TCL 4K TV S423,TV,TCL,1466.32,4.3,293,176,0,12,568,Medium
EOS-01360,Nintendo VR Bundle Z472,Gaming Console,Nintendo,321.52,3.5,455,135,16,24,527,Medium
EOS-01361,Lenovo Mini Tablet I268,Tablet,Lenovo,749.32,4.3,325,219,14,12,307,Low
EOS-01362,Apple Budget Phone A386,Smartphone,Apple,308.54,4.9,99,99,3,24,551,Medium
EOS-01363,Sony Gaming Console S743,Gaming Console,Sony,209.92,3.7,107,233,11,24,668,High
EOS-01364,Apple Foldable Phone A309,Smartphone,Apple,614.46,4.5,150,203,17,12,491,Medium
EOS-01365,Samsung 4K TV Q874,TV,Samsung,724.54,3.3,283,90,19,36,802,High
EOS-01366,Sony Console Bundle K517,Gaming Console,Sony,499.69,4.0,58,210,30,24,586,Medium
EOS-01367,Nikon Instant Camera M138,Camera,Nikon,1125.11,3.4,162,0,17,36,346,Low
EOS-01368,Apple Kids Tablet H776,Tablet,Apple,298.93,3.2,85,146,14,24,511,Medium
EOS-01369,Google Pro Smartphone W925,Smartphone,Google,437.94,3.7,70,187,14,12,371,Low
EOS-01370,JBL Gaming Headset I880,Headphones,JBL,281.82,4.2,289,58,2,12,577,Medium
EOS-01371,Samsung 5G Phone Q528,Smartphone,Samsung,1476.97,4.7,179,150,20,12,381,Low
EOS-01372,Valve Console Bundle C783,Gaming Console,Valve,476.1,4.2,455,53,11,24,369,Low
EOS-01373,Sony DSLR Camera X381,Camera,Sony,1593.94,3.6,39,170,18,24,298,Low
EOS-01374,Sony Mini LED TV P194,TV,Sony,731.55,3.8,189,145,14,12,519,Medium
EOS-01375,Apple Business Notebook R927,Laptop,Apple,1559.28,4.2,385,184,16,24,455,Medium
EOS-01376,Huawei Fitness Watch B315,Smartwatch,Huawei,577.15,4.4,141,155,22,12,517,Medium
EOS-01377,GoPro Action Camera O764,Camera,GoPro,527.96,4.4,116,4,28,24,509,Medium
EOS-01378,Motorola 5G Phone S431,Smartphone,Motorola,627.94,4.4,418,69,3,24,742,High
EOS-01379,Canon Vlogging Camera W249,Camera,Canon,1346.98,3.7,119,98,15,24,477,Medium
EOS-01380,Sony DSLR Camera H491,Camera,Sony,783.48,4.0,304,282,14,24,559,Medium
EOS-01381,Logitech Wireless Headphones H259,Headphones,Logitech,140.31,4.2,169,80,5,12,585,Medium
EOS-01382,Fujifilm Instant Camera U332,Camera,Fujifilm,911.55,3.0,150,57,14,36,315,Low
EOS-01383,Bose Earbuds K941,Headphones,Bose,93.68,3.6,128,170,31,24,467,Medium
EOS-01384,MSI Ultrabook H991,Laptop,MSI,1887.55,4.6,270,136,11,12,339,Low
EOS-01385,Valve Gaming Console E221,Gaming Console,Valve,577.49,4.6,66,140,17,24,484,Medium
EOS-01386,Dell Business Notebook N525,Laptop,Dell,635.51,3.9,362,121,33,36,694,High
EOS-01387,Valve Console Bundle T576,Gaming Console,Valve,527.96,4.2,171,48,18,24,597,Medium
EOS-01388,Belkin Power Bank Z920,Accessory,Belkin,76.9,4.0,198,222,0,12,460,Medium
EOS-01389,Huawei Fitness Watch W136,Smartwatch,Huawei,175.97,3.2,67,27,3,24,438,Medium
EOS-01390,Apple 5G Phone W522,Smartphone,Apple,397.95,4.9,192,158,19,12,677,High
EOS-01391,Hisense Mini LED TV I347,TV,Hisense,1312.84,5.0,8,149,12,24,460,Medium
EOS-01392,Dell Ultrabook Z300,Laptop,Dell,1086.23,4.3,87,181,20,12,833,High
EOS-01393,Sennheiser Noise Cancelling Headphones O642,Headphones,Sennheiser,249.25,3.6,66,91,19,6,332,Low
EOS-01394,Apple Smartwatch P383,Smartwatch,Apple,311.62,4.1,434,63,21,12,462,Medium
EOS-01395,Google Smartphone Z470,Smartphone,Google,975.85,4.5,189,0,19,12,323,Low
EOS-01396,Meta Console Bundle D507,Gaming Console,Meta,354.76,4.3,123,239,21,24,378,Low
EOS-01397,Logitech Webcam D894,Accessory,Logitech,97.45,2.9,49,126,9,24,263,Low
EOS-01398,Apple Gaming Headset A735,Headphones,Apple,166.5,4.2,236,19,30,24,486,Medium
EOS-01399,Corsair Mechanical Keyboard D808,Accessory,Corsair,139.62,3.3,145,153,34,6,291,Low
EOS-01400,Lenovo Creator Laptop H672,Laptop,Lenovo,1042.31,4.1,65,47,10,36,258,Low
EOS-01401,Asus Office Monitor J197,Monitor,Asus,1174.32,4.2,188,191,20,36,267,Low
EOS-01402,Samsung Tablet N624,Tablet,Samsung,250.62,4.7,85,40,14,12,399,Low
EOS-01403,JBL Earbuds P640,Headphones,JBL,130.75,4.6,63,111,20,12,601,High
EOS-01404,Lenovo Tablet H285,Tablet,Lenovo,976.03,3.1,209,232,23,12,345,Low
EOS-01405,Corsair Wireless Mouse C204,Accessory,Corsair,106.13,3.5,180,199,3,24,529,Medium
EOS-01406,Philips QLED TV Y103,TV,Philips,1887.55,5.0,329,226,32,24,610,High
EOS-01407,Apple Fitness Watch X787,Smartwatch,Apple,486.06,2.7,108,162,27,24,524,Medium
EOS-01408,TCL OLED TV D470,TV,TCL,705.29,5.0,245,16,3,24,405,Medium
EOS-01409,BenQ 4K Monitor B891,Monitor,BenQ,582.15,3.7,285,222,15,24,481,Medium
EOS-01410,Apple 5G Phone W687,Smartphone,Apple,399.24,2.9,173,122,0,24,405,Medium
EOS-01411,Samsung Curved Monitor C386,Monitor,Samsung,639.3,3.5,164,47,15,12,432,Medium
EOS-01412,Microsoft Retro Console I413,Gaming Console,Microsoft,599.59,3.9,11,162,23,24,431,Medium
EOS-01413,Asus Office Monitor T175,Monitor,Asus,527.96,4.6,42,165,13,12,422,Medium
EOS-01414,Meta VR Bundle I826,Gaming Console,Meta,492.72,3.8,209,128,37,24,456,Medium
EOS-01415,JBL Noise Cancelling Headphones I305,Headphones,JBL,323.47,4.5,69,234,0,24,415,Medium
EOS-01416,Microsoft Retro Console T475,Gaming Console,Microsoft,355.24,4.8,358,88,30,12,700,High
EOS-01417,Microsoft Wireless Mouse A747,Accessory,Microsoft,67.8,4.5,59,0,18,12,514,Medium
EOS-01418,Logitech Mechanical Keyboard L966,Accessory,Logitech,106.25,4.2,103,147,12,12,501,Medium
EOS-01419,Razer Mechanical Keyboard W985,Accessory,Razer,54.21,4.9,239,161,13,24,742,High
EOS-01420,Microsoft Mechanical Keyboard A355,Accessory,Microsoft,46.28,3.1,30,113,23,12,532,Medium
EOS-01421,Lenovo Drawing Tablet F896,Tablet,Lenovo,237.61,4.2,130,128,15,12,647,High
EOS-01422,Apple Hybrid Watch A913,Smartwatch,Apple,295.06,4.3,93,130,18,24,542,Medium
EOS-01423,Microsoft Webcam P597,Accessory,Microsoft,104.82,5.0,154,79,31,6,551,Medium
EOS-01424,MSI 2-in-1 Laptop P737,Laptop,MSI,1076.7,4.8,206,206,4,36,634,High
EOS-01425,Apple Gaming Headset X387,Headphones,Apple,279.09,3.6,81,152,0,24,322,Low
EOS-01426,Huawei Kids Tablet O132,Tablet,Huawei,412.67,3.6,176,213,3,12,539,Medium
EOS-01427,Samsung Budget Phone H580,Smartphone,Samsung,334.07,5.0,31,85,30,24,693,High
EOS-01428,Sony Gaming Headset C184,Headphones,Sony,141.7,3.6,206,137,27,6,549,Medium
EOS-01429,Lenovo Ultrabook P518,Laptop,Lenovo,1436.8,4.0,214,184,23,36,388,Low
EOS-01430,BenQ 4K Monitor B737,Monitor,BenQ,1261.64,4.8,281,77,0,12,549,Medium
EOS-01431,Apple Creator Laptop Y970,Laptop,Apple,839.21,3.9,65,38,12,12,528,Medium
EOS-01432,Google Foldable Phone Q790,Smartphone,Apple,464.4,3.9,455,167,9,12,743,High
EOS-01433,Fujifilm Action Camera T329,Camera,Fujifilm,284.6,3.6,455,244,10,24,513,Medium
EOS-01434,Motorola Foldable Phone O856,Smartphone,Motorola,905.63,3.7,185,104,4,24,638,High
EOS-01435,Logitech USB-C Hub C477,Accessory,Logitech,141.95,4.5,164,27,25,6,373,Low
EOS-01436,Apple Mini Tablet P726,Tablet,Apple,450.67,3.8,154,158,10,12,418,Medium
EOS-01437,Apple Earbuds Y357,Headphones,Apple,157.69,3.8,373,123,3,6,478,Medium
EOS-01438,OnePlus Pro Smartphone N451,Smartphone,OnePlus,534.81,3.3,186,90,6,24,422,Medium
EOS-01439,Motorola 5G Phone J182,Smartphone,Motorola,553.22,4.3,242,149,15,24,448,Medium
EOS-01440,Canon Instant Camera P836,Camera,Canon,1887.55,4.1,234,37,26,36,507,Medium
EOS-01441,Asus Business Notebook Q595,Laptop,Asus,966.14,4.6,228,146,6,36,568,Medium
EOS-01442,OnePlus Foldable Phone S987,Smartphone,OnePlus,851.17,2.6,227,211,22,24,327,Low
EOS-01443,Apple Pro Smartphone E426,Smartphone,Apple,307.01,3.2,162,127,9,12,414,Medium
EOS-01444,Nikon Instant Camera J187,Camera,Nikon,761.88,4.2,150,185,0,12,631,High
EOS-01445,TCL 4K TV K524,TV,TCL,1116.0,3.5,103,88,3,36,653,High
EOS-01446,Logitech Power Bank W932,Accessory,Logitech,226.32,4.2,144,116,22,12,272,Low
EOS-01447,Apple Gaming Laptop S558,Laptop,Apple,731.04,4.7,294,223,12,12,833,High
EOS-01448,Google Pro Smartphone T966,Smartphone,Google,527.96,4.5,349,111,8,24,686,High
EOS-01449,TCL QLED TV I167,TV,TCL,1599.52,3.4,132,189,11,24,335,Low
EOS-01450,OnePlus Budget Phone G207,Smartphone,OnePlus,412.56,4.2,141,212,27,12,741,High
EOS-01451,TCL Smart TV M493,TV,TCL,1141.98,4.7,261,56,12,24,739,High
EOS-01452,Microsoft Wireless Mouse M263,Accessory,Microsoft,67.4,3.9,307,290,3,6,747,High
EOS-01453,TCL Mini LED TV H520,TV,TCL,1329.32,3.3,448,111,3,36,532,Medium
EOS-01454,Asus 2-in-1 Laptop R597,Laptop,Asus,1887.55,3.9,83,164,16,24,429,Medium
EOS-01455,Samsung Smartwatch K136,Smartwatch,Samsung,589.55,3.1,77,78,10,12,233,Low
EOS-01456,Canon Action Camera N736,Camera,Canon,1262.9,4.3,134,99,7,12,543,Medium
EOS-01457,Fujifilm Instant Camera F245,Camera,Fujifilm,1331.05,4.1,225,0,7,12,451,Medium
EOS-01458,Logitech Gaming Headset F680,Headphones,Logitech,144.19,3.8,87,191,3,6,403,Medium
EOS-01459,Anker Power Bank J721,Accessory,Anker,122.89,3.9,227,168,0,6,369,Low
EOS-01460,Asus Gaming Monitor W903,Monitor,Asus,1093.76,4.4,24,257,46,24,360,Low
EOS-01461,JBL Wireless Headphones W894,Headphones,JBL,108.51,4.2,9,129,10,24,457,Medium
EOS-01462,Panasonic Mirrorless Camera V597,Camera,Panasonic,842.63,4.7,65,207,10,36,578,Medium
EOS-01463,MSI 2-in-1 Laptop N893,Laptop,MSI,469.39,3.9,371,18,17,36,417,Medium
EOS-01464,AOC Ultrawide Monitor V746,Monitor,AOC,563.62,4.1,101,171,29,36,480,Medium
EOS-01465,Huawei Tablet P379,Tablet,Huawei,1028.71,3.6,174,98,41,12,340,Low
EOS-01466,Bose Studio Headphones M546,Headphones,Bose,130.81,4.3,292,134,10,24,345,Low
EOS-01467,Logitech Power Bank D766,Accessory,Logitech,74.17,3.8,330,158,3,24,489,Medium
EOS-01468,TCL OLED TV Y103,TV,TCL,1233.65,5.0,154,174,19,24,346,Low
EOS-01469,Samsung Foldable Phone Y407,Smartphone,Samsung,916.25,3.1,61,122,21,24,384,Low
EOS-01470,Dell Gaming Laptop Z601,Laptop,Dell,1887.55,3.4,58,153,12,24,322,Low
EOS-01471,LG OLED TV V189,TV,LG,1887.55,4.3,22,93,15,12,500,Medium
EOS-01472,Philips QLED TV Y398,TV,Philips,1464.33,5.0,157,113,8,24,538,Medium
EOS-01473,Lenovo Mini Tablet B689,Tablet,Lenovo,322.45,3.5,144,93,17,24,723,High
EOS-01474,Amazfit Hybrid Watch X680,Smartwatch,Amazfit,326.59,3.9,96,163,0,24,527,Medium
EOS-01475,Motorola 5G Phone D789,Smartphone,Motorola,872.46,3.9,391,196,16,24,776,High
EOS-01476,Nintendo Retro Console X533,Gaming Console,Nintendo,459.49,4.8,342,289,26,12,619,High
EOS-01477,JBL Gaming Headset Q747,Headphones,JBL,185.81,3.9,46,101,39,24,833,High
EOS-01478,Hisense 4K TV H943,TV,Hisense,1887.55,5.0,121,129,21,24,325,Low
EOS-01479,Belkin Wireless Mouse O576,Accessory,Belkin,94.13,3.9,271,159,27,6,372,Low
EOS-01480,Apple Smartphone C330,Smartphone,Apple,906.44,4.3,282,122,0,12,651,High
EOS-01481,Amazfit Fitness Watch Y902,Smartwatch,Amazfit,342.66,4.6,198,137,0,24,354,Low
EOS-01482,Corsair Power Bank X896,Accessory,Corsair,232.37,4.3,89,109,30,24,297,Low
EOS-01483,Sony Mirrorless Camera I581,Camera,Sony,890.05,4.2,148,110,9,24,470,Medium
EOS-01484,Sennheiser Noise Cancelling Headphones F191,Headphones,Sennheiser,179.48,4.8,310,225,33,24,726,High
EOS-01485,Asus Gaming Laptop H587,Laptop,Asus,1258.54,5.0,43,3,16,12,526,Medium
EOS-01486,Google Foldable Phone Z689,Smartphone,Google,707.86,3.5,139,195,30,12,562,Medium
EOS-01487,Lenovo Pro Tablet Q991,Tablet,Lenovo,266.68,4.0,295,160,7,24,574,Medium
EOS-01488,OnePlus 5G Phone B541,Smartphone,OnePlus,801.12,5.0,79,242,26,12,560,Medium
EOS-01489,Microsoft Handheld Console H235,Gaming Console,Microsoft,395.19,4.9,58,86,10,24,624,High
EOS-01490,Dell Gaming Laptop B562,Laptop,Dell,570.84,4.6,75,153,14,36,554,Medium
EOS-01491,Apple Sports Watch N968,Smartwatch,Apple,430.18,3.6,455,137,11,12,370,Low
EOS-01492,Asus Ultrabook V139,Laptop,Asus,1628.98,3.8,215,52,1,36,495,Medium
EOS-01493,Nintendo VR Bundle F186,Gaming Console,Nintendo,180.0,4.0,214,253,2,24,587,Medium
EOS-01494,Valve Console Bundle B505,Gaming Console,Valve,180.0,3.9,77,36,19,24,372,Low
EOS-01495,Panasonic Instant Camera J736,Camera,Panasonic,1152.95,4.5,87,0,7,36,389,Low
EOS-01496,Google Budget Phone G613,Smartphone,Google,856.78,3.6,58,88,0,24,833,Medium
EOS-01497,Meta Gaming Console P234,Gaming Console,Meta,233.76,3.5,309,83,21,24,426,Medium
EOS-01498,Apple Earbuds G826,Headphones,Apple,138.96,3.8,368,140,0,24,416,Medium
EOS-01499,JBL Noise Cancelling Headphones L378,Headphones,JBL,93.89,4.1,213,8,11,12,617,High
EOS-01500,Apple Kids Tablet V979,Tablet,Apple,941.65,4.7,146,130,31,24,310,Low
EOS-01501,Motorola 5G Phone H142,Smartphone,Motorola,745.06,5.0,45,197,21,24,438,Medium
EOS-01502,Sony DSLR Camera V131,Camera,Sony,821.07,3.0,126,153,19,12,359,Low
EOS-01503,Razer Power Bank G475,Accessory,Razer,150.67,4.7,233,57,31,24,439,Medium
EOS-01504,Google Smartphone R830,Smartphone,Google,1320.68,4.2,91,71,25,12,289,Low
EOS-01505,Lenovo 2-in-1 Laptop P235,Laptop,Lenovo,527.96,4.4,89,126,34,24,743,High
EOS-01506,Xiaomi Pro Smartphone Z290,Smartphone,Xiaomi,885.55,3.9,106,73,3,24,424,Medium
EOS-01507,Sony DSLR Camera P803,Camera,Sony,887.18,3.6,72,22,39,12,645,High
EOS-01508,LG 4K Monitor M991,Monitor,LG,325.64,3.9,74,83,37,12,833,High
EOS-01509,Apple Studio Headphones C249,Headphones,Apple,450.0,4.2,175,130,16,24,230,Low
EOS-01510,Lenovo Business Notebook R439,Laptop,Lenovo,1140.97,3.8,306,211,17,24,413,Medium
EOS-01511,Amazfit Sports Watch W585,Smartwatch,Amazfit,171.42,3.2,98,145,5,12,370,Low
EOS-01512,HP 2-in-1 Laptop M968,Laptop,HP,1707.52,4.4,53,153,16,36,512,Medium
EOS-01513,Lenovo Mini Tablet V616,Tablet,Apple,430.87,4.2,160,51,19,12,655,High
EOS-01514,Logitech Earbuds L561,Headphones,Logitech,169.62,4.6,150,222,18,12,299,Low
EOS-01515,Lenovo Tablet L359,Tablet,Lenovo,919.07,3.8,455,54,24,12,439,Medium
EOS-01516,Belkin Power Bank I803,Accessory,Belkin,115.68,4.9,128,93,32,24,270,Low
EOS-01517,Philips Smart TV T443,TV,Philips,1575.85,3.9,360,128,28,12,507,Medium
EOS-01518,Belkin Power Bank R160,Accessory,Belkin,103.78,4.3,320,125,23,12,592,Medium
EOS-01519,Dell 2-in-1 Laptop Z928,Laptop,Dell,1676.3,4.7,455,97,14,36,709,High
EOS-01520,Hisense 4K TV T555,TV,Hisense,1614.1,4.3,124,178,22,36,607,High
EOS-01521,Samsung Smart TV W243,TV,Samsung,1887.55,4.0,380,127,7,36,472,Medium
EOS-01522,Panasonic Vlogging Camera Q369,Camera,Panasonic,1042.46,4.4,74,279,8,36,500,Medium
EOS-01523,Acer Ultrabook X658,Laptop,Acer,1674.53,4.9,119,253,16,12,474,Medium
EOS-01524,Lenovo Creator Laptop I462,Laptop,Lenovo,819.69,3.8,12,184,19,12,446,Medium
EOS-01525,Apple Foldable Phone E560,Smartphone,Apple,569.51,5.0,80,184,3,24,534,Medium
EOS-01526,LG 4K Monitor O716,Monitor,LG,368.71,4.0,37,146,24,36,391,Low
EOS-01527,Lenovo Pro Tablet L720,Tablet,Lenovo,255.99,3.6,33,176,0,12,428,Medium
EOS-01528,Sony Gaming Console P413,Gaming Console,Sony,275.09,3.8,100,168,0,12,356,Low
EOS-01529,Samsung Foldable Phone R224,Smartphone,Samsung,820.4,3.6,77,21,9,12,293,Low
EOS-01530,Lenovo Gaming Laptop O159,Laptop,Lenovo,980.39,3.4,150,67,26,24,539,Medium
EOS-01531,Sony Instant Camera Z703,Camera,Sony,1036.15,4.0,104,146,24,36,517,Medium
EOS-01532,Motorola Pro Smartphone C739,Smartphone,Motorola,320.9,4.0,70,46,10,12,618,High
EOS-01533,TCL Mini LED TV J463,TV,TCL,1017.1,3.6,178,128,30,24,561,Medium
EOS-01534,Nintendo Retro Console M301,Gaming Console,Nintendo,488.5,3.9,86,144,15,12,559,Medium
EOS-01535,Microsoft Retro Console V849,Gaming Console,Microsoft,271.0,4.0,51,36,13,12,605,High
EOS-01536,Asus Business Notebook F271,Laptop,Asus,674.08,3.5,264,140,27,36,467,Medium
EOS-01537,Samsung Drawing Tablet C532,Tablet,Samsung,276.55,3.2,360,107,0,24,572,Medium
EOS-01538,Samsung Foldable Phone N525,Smartphone,Samsung,633.89,3.5,232,92,23,24,755,High
EOS-01539,Bose Wireless Headphones G599,Headphones,Bose,102.3,3.7,93,105,12,6,308,Low
EOS-01540,Apple Gaming Laptop H394,Laptop,Apple,1565.15,4.7,144,191,35,36,633,High
EOS-01541,Microsoft Webcam E920,Accessory,Microsoft,55.79,3.3,28,71,19,12,497,Medium
EOS-01542,Apple 2-in-1 Laptop V225,Laptop,Apple,830.2,3.9,135,207,19,36,338,Low
EOS-01543,Sony Retro Console H837,Gaming Console,Sony,391.25,5.0,208,180,28,12,466,Medium
EOS-01544,Nintendo VR Bundle U953,Gaming Console,Nintendo,454.38,3.4,36,113,3,24,485,Medium
EOS-01545,Dell 2-in-1 Laptop H766,Laptop,Dell,1634.2,4.5,191,251,9,24,539,Medium
EOS-01546,Sennheiser Wireless Headphones O332,Headphones,Sennheiser,91.39,3.0,267,111,25,24,524,Medium
EOS-01547,Samsung QLED TV C112,TV,Samsung,1538.73,4.2,143,192,0,24,409,Medium
EOS-01548,Sony Wireless Headphones I572,Headphones,Sony,411.32,4.0,51,75,0,6,242,Low
EOS-01549,Sony DSLR Camera U872,Camera,Sony,306.68,4.2,119,157,24,24,520,Medium
EOS-01550,Dell Office Monitor K198,Monitor,Dell,305.43,3.5,281,114,27,24,334,Low
EOS-01551,Apple 5G Phone J723,Smartphone,Apple,937.28,4.1,455,39,18,12,590,Medium
EOS-01552,Nikon DSLR Camera T227,Camera,Nikon,639.37,4.7,310,126,17,36,293,Low
EOS-01553,Anker Webcam K108,Accessory,Anker,113.13,4.7,91,175,0,6,430,Medium
EOS-01554,JBL Earbuds Y148,Headphones,JBL,134.63,4.1,91,142,4,12,455,Medium
EOS-01555,OnePlus Budget Phone M287,Smartphone,OnePlus,453.5,4.0,213,193,3,12,423,Medium
EOS-01556,Google Pro Smartphone D832,Smartphone,Google,487.97,4.3,179,88,14,24,777,High
EOS-01557,Amazfit Sports Watch D642,Smartwatch,Amazfit,249.35,4.3,103,232,0,24,560,Medium
EOS-01558,Microsoft Power Bank H490,Accessory,Microsoft,68.35,3.8,111,141,7,6,653,High
EOS-01559,Google Foldable Phone M622,Smartphone,Google,1592.02,4.4,85,224,0,24,239,Low
EOS-01560,Apple Ultrabook F487,Laptop,Apple,1388.14,4.6,197,83,24,36,552,Medium
EOS-01561,Garmin GPS Watch U856,Smartwatch,Garmin,242.34,3.7,50,100,4,24,404,Medium
EOS-01562,Logitech Studio Headphones E116,Headphones,Logitech,243.39,3.8,149,227,30,12,345,Low
EOS-01563,Apple Studio Headphones Z838,Headphones,Apple,159.27,4.4,246,143,16,12,419,Medium
EOS-01564,Apple Pro Smartphone A455,Smartphone,Apple,836.01,4.7,345,77,0,24,718,High
EOS-01565,Sony Action Camera O149,Camera,Sony,1262.56,4.7,150,88,2,12,545,Medium
EOS-01566,Apple Gaming Laptop H294,Laptop,Apple,1108.57,4.0,18,94,28,24,391,Low
EOS-01567,Dell Gaming Laptop J674,Laptop,Dell,1141.83,2.5,83,84,10,36,291,Low
EOS-01568,Razer USB-C Hub A459,Accessory,Razer,85.98,3.4,157,114,19,12,475,Medium
EOS-01569,Google 5G Phone U432,Smartphone,Google,1440.4,4.6,175,80,21,12,394,Low
EOS-01570,TCL Smart TV W589,TV,TCL,1887.55,4.3,322,124,13,36,497,Medium
EOS-01571,Dell Business Notebook M616,Laptop,Dell,1460.5,4.4,198,49,28,36,517,Medium
EOS-01572,Microsoft VR Bundle S829,Gaming Console,Microsoft,390.36,3.7,130,226,17,24,500,Medium
EOS-01573,Xiaomi 5G Phone M200,Smartphone,Xiaomi,604.36,3.9,237,113,22,24,487,Medium
EOS-01574,Anker Power Bank M231,Accessory,Anker,89.17,4.8,28,280,20,6,480,Medium
EOS-01575,Lenovo Creator Laptop V731,Laptop,Lenovo,1469.71,5.0,160,245,0,36,553,Medium
EOS-01576,Huawei Pro Tablet G995,Tablet,Huawei,626.14,4.7,51,195,7,12,349,Low
EOS-01577,Valve Console Bundle O148,Gaming Console,Valve,402.58,3.3,212,71,19,24,519,Medium
EOS-01578,Microsoft Handheld Console P613,Gaming Console,Microsoft,180.0,4.0,102,36,8,12,656,High
EOS-01579,Asus Creator Laptop I111,Laptop,Asus,1120.11,4.4,293,64,19,12,561,Medium
EOS-01580,Bose Gaming Headset P300,Headphones,Bose,129.33,4.7,44,87,25,6,529,Medium
EOS-01581,Fitbit Smartwatch L296,Smartwatch,Fitbit,1887.55,4.0,86,260,8,12,385,Low
EOS-01582,Samsung Ultrawide Monitor P495,Monitor,Samsung,583.67,3.9,127,111,17,36,412,Medium
EOS-01583,Corsair USB-C Hub Z146,Accessory,Corsair,158.08,4.5,259,209,33,24,437,Medium
EOS-01584,Google 5G Phone N123,Smartphone,Google,459.75,4.9,60,37,3,12,604,High
EOS-01585,HP Creator Laptop F221,Laptop,HP,1887.55,4.8,191,114,6,12,344,Low
EOS-01586,Sony OLED TV Q453,TV,Sony,1535.12,3.8,35,107,23,12,578,Medium
EOS-01587,MSI 2-in-1 Laptop S204,Laptop,MSI,1519.46,3.0,133,146,5,24,565,Medium
EOS-01588,Apple Foldable Phone C507,Smartphone,Apple,1600.0,4.6,175,126,0,24,277,Low
EOS-01589,Sony Earbuds K763,Headphones,Sony,179.44,4.1,223,217,20,24,478,Medium
EOS-01590,Logitech Studio Headphones H171,Headphones,Logitech,199.78,4.2,158,184,20,24,558,Medium
EOS-01591,Logitech Studio Headphones R673,Headphones,Logitech,242.44,3.8,199,207,0,6,477,Medium
EOS-01592,Dell Creator Laptop L832,Laptop,Dell,1266.94,4.0,201,174,0,36,419,Medium
EOS-01593,Logitech Webcam M823,Accessory,Logitech,75.18,4.3,156,221,39,24,646,High
EOS-01594,Nintendo Handheld Console Q984,Gaming Console,Nintendo,180.0,4.8,85,114,5,24,509,Medium
EOS-01595,Apple Budget Phone Y879,Smartphone,Apple,324.6,3.6,243,66,7,24,497,Medium
EOS-01596,Apple Drawing Tablet C494,Tablet,Apple,200.36,3.1,287,0,24,24,605,High
EOS-01597,Meta Retro Console L622,Gaming Console,Meta,591.0,4.5,428,129,46,12,484,Medium
EOS-01598,Asus Ultrawide Monitor I843,Monitor,Asus,985.02,4.3,91,111,24,36,475,Medium
EOS-01599,Bose Earbuds B847,Headphones,Bose,101.29,4.5,155,47,24,24,507,Medium
EOS-01600,Panasonic Instant Camera F708,Camera,Panasonic,1116.44,3.3,65,34,0,12,437,Medium
EOS-01601,Logitech Noise Cancelling Headphones F485,Headphones,Logitech,209.91,4.0,225,98,7,24,312,Low
EOS-01602,Sony Console Bundle O281,Gaming Console,Apple,747.63,4.5,49,158,7,24,410,Medium
EOS-01603,Apple Fitness Watch E258,Smartwatch,Apple,314.09,3.4,119,211,33,12,521,Medium
EOS-01604,Xiaomi 5G Phone A179,Smartphone,Xiaomi,577.8,3.6,195,92,13,12,394,Low
EOS-01605,Samsung Smartphone Y225,Smartphone,Samsung,1550.67,5.0,100,195,7,12,399,Low
EOS-01606,Apple Tablet F418,Tablet,Apple,390.58,4.4,113,23,16,12,518,Medium
EOS-01607,Microsoft Webcam H401,Accessory,Microsoft,71.08,4.3,26,199,21,12,378,Low
EOS-01608,Huawei Fitness Watch B704,Smartwatch,Huawei,183.31,4.8,122,148,21,24,736,High
EOS-01609,OnePlus Budget Phone W169,Smartphone,OnePlus,775.54,4.8,290,0,24,12,522,Medium
EOS-01610,Anker Mechanical Keyboard I283,Accessory,Anker,75.29,4.4,455,84,17,24,778,High
EOS-01611,LG QLED TV G771,TV,LG,791.57,2.4,83,93,3,12,391,Low
EOS-01612,Dell 4K Monitor N525,Monitor,Dell,358.06,3.4,127,72,22,36,679,High
EOS-01613,Lenovo Pro Tablet Y721,Tablet,Lenovo,395.89,3.4,215,23,18,12,369,Low
EOS-01614,Samsung Smartwatch Q855,Smartwatch,Samsung,355.57,4.3,160,66,7,12,455,Medium
EOS-01615,Bose Wireless Headphones Q868,Headphones,Bose,124.4,4.8,147,145,2,6,744,High
EOS-01616,TCL 4K TV Q366,TV,TCL,1887.55,4.2,236,89,0,12,335,Low
EOS-01617,OnePlus Budget Phone V816,Smartphone,OnePlus,702.63,5.0,150,96,4,12,523,Medium
EOS-01618,Microsoft Drawing Tablet A910,Tablet,Microsoft,236.37,4.8,57,161,15,24,467,Medium
EOS-01619,Google Smartphone J517,Smartphone,Google,459.44,5.0,47,124,11,12,585,Medium
EOS-01620,Samsung QLED TV F853,TV,Samsung,1400.96,3.6,150,127,28,24,561,Medium
EOS-01621,AOC Gaming Monitor L229,Monitor,AOC,459.72,2.7,283,140,6,12,419,Medium
EOS-01622,Motorola Pro Smartphone H873,Smartphone,Motorola,764.26,3.6,86,60,25,12,417,Medium
EOS-01623,BenQ Office Monitor T457,Monitor,BenQ,1040.57,4.1,227,105,0,12,526,Medium
EOS-01624,Apple Pro Smartphone O744,Smartphone,Apple,231.45,4.6,68,210,12,24,833,High
EOS-01625,Microsoft Wireless Mouse Q681,Accessory,Microsoft,112.6,3.5,30,132,18,24,833,Low
EOS-01626,BenQ Ultrawide Monitor H502,Monitor,BenQ,343.49,4.8,266,274,16,36,522,Medium
EOS-01627,Philips Mini LED TV Y717,TV,Philips,1887.55,4.0,325,75,0,24,413,Medium
EOS-01628,Nikon Instant Camera S730,Camera,Nikon,547.26,3.9,455,301,24,12,657,High
EOS-01629,Apple Pro Smartphone B345,Smartphone,Apple,575.98,4.0,420,295,0,12,586,Medium
EOS-01630,Samsung Fitness Watch U270,Smartwatch,Apple,183.76,3.2,169,112,4,12,614,High
EOS-01631,MSI 2-in-1 Laptop I222,Laptop,MSI,1506.91,3.7,170,133,20,24,412,Medium
EOS-01632,Fitbit Sports Watch B911,Smartwatch,Fitbit,229.02,4.6,137,53,16,24,782,High
EOS-01633,Apple Tablet B726,Tablet,Apple,320.09,2.5,109,72,12,24,570,Medium
EOS-01634,AOC Gaming Monitor V167,Monitor,AOC,737.12,3.9,424,195,14,36,292,Low
EOS-01635,Xiaomi Smartphone S206,Smartphone,Xiaomi,1028.2,3.5,258,133,22,24,431,Medium
EOS-01636,GoPro Mirrorless Camera R571,Camera,GoPro,659.76,4.0,161,189,10,36,428,Medium
EOS-01637,Samsung Budget Phone A944,Smartphone,Samsung,852.66,3.6,272,224,29,24,432,Medium
EOS-01638,Samsung Smartphone X975,Smartphone,Samsung,312.08,4.1,158,187,2,12,673,High
EOS-01639,Huawei Hybrid Watch R958,Smartwatch,Huawei,288.23,4.1,219,149,2,12,585,Medium
EOS-01640,OnePlus Foldable Phone W813,Smartphone,OnePlus,488.77,3.8,49,145,0,24,348,Low
EOS-01641,JBL Gaming Headset Q836,Headphones,JBL,175.76,4.0,283,221,29,12,255,Low
EOS-01642,Bose Earbuds S992,Headphones,Bose,219.79,4.0,455,102,41,6,391,Low
EOS-01643,Motorola 5G Phone E102,Smartphone,Motorola,584.33,4.0,155,23,10,12,584,Medium
EOS-01644,Acer Creator Laptop Y306,Laptop,Acer,1887.55,4.8,224,151,19,24,360,Low
EOS-01645,HP Business Notebook V718,Laptop,HP,1809.69,3.8,191,294,25,12,426,Medium
EOS-01646,Sony Mirrorless Camera M678,Camera,Sony,676.99,4.2,260,65,19,36,408,Medium
EOS-01647,Lenovo Business Notebook S441,Laptop,Lenovo,1262.55,3.8,240,148,21,24,625,High
EOS-01648,Dell 2-in-1 Laptop E357,Laptop,Dell,1738.17,3.4,116,171,29,36,565,Medium
EOS-01649,Amazfit Fitness Watch M285,Smartwatch,Amazfit,234.51,3.9,157,20,0,12,547,Medium
EOS-01650,MSI Ultrabook K466,Laptop,MSI,1486.37,4.7,298,128,15,36,523,Medium
EOS-01651,Lenovo Gaming Laptop J972,Laptop,Lenovo,1345.84,4.7,137,314,16,12,799,High
EOS-01652,Apple Creator Laptop O347,Laptop,Apple,737.99,3.6,441,71,9,36,419,Medium
EOS-01653,AOC Curved Monitor S481,Monitor,AOC,958.41,4.7,135,255,0,24,451,Medium
EOS-01654,Nintendo Console Bundle A975,Gaming Console,Nintendo,623.12,4.3,130,96,18,12,540,Medium
EOS-01655,Microsoft Handheld Console H179,Gaming Console,Microsoft,628.03,4.1,128,176,0,12,474,Medium
EOS-01656,Hisense Mini LED TV R164,TV,Hisense,513.91,4.4,22,207,8,36,550,Medium
EOS-01657,Asus Office Monitor Q208,Monitor,Asus,430.98,4.5,51,114,25,36,477,Medium
EOS-01658,Logitech Earbuds Z462,Headphones,Logitech,92.13,4.8,150,115,13,24,515,Medium
EOS-01659,Sony Retro Console H659,Gaming Console,Sony,300.85,4.9,241,198,0,24,833,High
EOS-01660,Huawei GPS Watch V851,Smartwatch,Huawei,237.69,3.8,142,70,3,24,469,Medium
EOS-01661,Logitech Mechanical Keyboard I356,Accessory,Logitech,101.6,4.0,455,195,38,24,370,Low
EOS-01662,BenQ Office Monitor S391,Monitor,BenQ,1430.91,4.2,116,212,14,36,278,Low
EOS-01663,HP Creator Laptop I861,Laptop,HP,976.95,3.6,83,96,4,12,582,Medium
EOS-01664,Valve Retro Console U453,Gaming Console,Valve,525.59,4.3,154,58,25,12,675,High
EOS-01665,Xiaomi Smartphone Y872,Smartphone,Xiaomi,1039.78,2.6,455,164,20,12,232,Low
EOS-01666,OnePlus Budget Phone M637,Smartphone,OnePlus,605.57,3.4,232,267,11,12,332,Low
EOS-01667,Apple Wireless Headphones X418,Headphones,Apple,138.76,3.2,231,189,11,6,502,Medium
EOS-01668,Panasonic Vlogging Camera N814,Camera,Panasonic,527.96,3.7,89,65,12,12,538,Medium
EOS-01669,Anker Mechanical Keyboard G204,Accessory,Anker,70.45,5.0,455,232,11,6,506,Medium
EOS-01670,Valve Console Bundle A706,Gaming Console,Valve,686.96,4.2,113,31,4,12,471,Medium
EOS-01671,HP Ultrabook F872,Laptop,HP,1887.55,3.6,199,169,7,24,534,Medium
EOS-01672,Samsung Ultrawide Monitor M193,Monitor,Samsung,339.22,4.5,188,142,8,36,812,High
EOS-01673,Corsair Power Bank A950,Accessory,Corsair,112.29,5.0,66,0,21,24,539,Medium
EOS-01674,Apple Earbuds A603,Headphones,Apple,324.44,3.5,183,206,21,24,393,Low
EOS-01675,Samsung Sports Watch U146,Smartwatch,Samsung,577.67,3.7,187,306,42,12,483,Medium
EOS-01676,Sony Gaming Headset N541,Headphones,Sony,79.87,4.1,144,124,10,12,700,High
EOS-01677,Samsung Budget Phone F318,Smartphone,Samsung,243.35,5.0,181,69,1,12,645,High
EOS-01678,Nintendo Gaming Console W866,Gaming Console,Nintendo,427.85,4.0,43,160,38,24,628,High
EOS-01679,Samsung OLED TV Z727,TV,Samsung,1037.89,3.8,269,183,21,24,634,High
EOS-01680,MSI Creator Laptop J113,Laptop,MSI,1544.48,3.6,66,73,22,12,382,Low
EOS-01681,Samsung Budget Phone V608,Smartphone,Samsung,530.01,4.6,244,50,2,12,428,Medium
EOS-01682,Samsung 5G Phone M624,Smartphone,Apple,368.08,3.3,254,212,16,24,515,Medium
EOS-01683,Corsair Webcam R213,Accessory,Corsair,58.82,3.9,374,37,10,24,543,Medium
EOS-01684,Samsung Fitness Watch H132,Smartwatch,Samsung,284.83,4.7,308,127,29,24,719,High
EOS-01685,AOC Curved Monitor U295,Monitor,Apple,992.93,4.8,105,222,0,12,408,Medium
EOS-01686,Xiaomi Smartphone Q799,Smartphone,Xiaomi,477.99,5.0,201,128,0,24,559,Medium
EOS-01687,Nikon Vlogging Camera P520,Camera,Nikon,1072.61,3.7,47,0,20,24,419,Medium
EOS-01688,Apple Ultrabook J734,Laptop,Apple,1133.76,3.6,171,209,11,12,458,Medium
EOS-01689,JBL Studio Headphones J487,Headphones,JBL,527.96,5.0,209,74,43,24,556,Medium
EOS-01690,MSI Gaming Laptop X217,Laptop,Apple,1887.55,3.4,231,95,27,24,209,Low
EOS-01691,Lenovo Tablet G624,Tablet,Lenovo,1128.43,4.3,151,201,36,24,353,Low
EOS-01692,MSI Ultrabook Z307,Laptop,MSI,1669.85,4.5,276,166,5,12,355,Low
EOS-01693,Google Smartphone N158,Smartphone,Google,421.7,3.3,455,153,0,24,466,Medium
EOS-01694,Xiaomi Pro Smartphone J683,Smartphone,Xiaomi,409.47,3.9,135,106,26,12,522,Medium
EOS-01695,Apple Earbuds G482,Headphones,Apple,202.43,4.7,58,225,12,24,495,Medium
EOS-01696,Microsoft Mechanical Keyboard Q271,Accessory,Microsoft,42.02,3.8,51,119,10,6,662,High
EOS-01697,Panasonic Vlogging Camera N653,Camera,Panasonic,536.31,3.9,231,163,30,24,626,High
EOS-01698,Microsoft USB-C Hub Z558,Accessory,Microsoft,391.94,2.9,202,128,0,24,478,Medium
EOS-01699,Sennheiser Wireless Headphones R407,Headphones,Sennheiser,143.6,4.4,63,302,12,6,329,Low
EOS-01700,Amazfit Hybrid Watch Q431,Smartwatch,Amazfit,1887.55,3.3,290,76,17,24,395,Low
EOS-01701,TCL QLED TV L966,TV,TCL,1042.17,4.6,211,96,0,12,516,Medium
EOS-01702,Belkin Mechanical Keyboard B231,Accessory,Belkin,212.66,4.5,227,104,0,6,185,Low
EOS-01703,BenQ Office Monitor D934,Monitor,BenQ,1204.51,4.6,69,173,3,12,385,Low
EOS-01704,BenQ 4K Monitor O743,Monitor,BenQ,469.34,3.4,265,150,0,24,361,Low
EOS-01705,Apple Kids Tablet Z391,Tablet,Apple,438.74,3.6,215,124,6,12,362,Low
EOS-01706,Samsung Pro Tablet B371,Tablet,Samsung,209.46,3.6,67,288,14,24,473,Medium
EOS-01707,Dell Curved Monitor E535,Monitor,Dell,451.81,3.3,84,127,16,12,467,Medium
EOS-01708,Google Budget Phone U719,Smartphone,Google,278.87,5.0,255,257,17,12,653,High
EOS-01709,Garmin Smartwatch X167,Smartwatch,Garmin,178.08,4.2,117,97,10,24,677,High
EOS-01710,Xiaomi Pro Smartphone J930,Smartphone,Xiaomi,507.32,4.3,155,130,20,12,412,Medium
EOS-01711,Microsoft Handheld Console C716,Gaming Console,Microsoft,227.9,4.6,276,103,1,12,413,Medium
EOS-01712,Samsung Fitness Watch K530,Smartwatch,Samsung,383.23,4.2,203,218,26,24,485,Medium
EOS-01713,JBL Earbuds I960,Headphones,JBL,63.48,4.3,299,181,31,12,804,High
EOS-01714,Sony Vlogging Camera A831,Camera,Sony,940.14,4.0,394,185,18,36,321,Low
EOS-01715,Apple Ultrabook S673,Laptop,Apple,523.02,4.2,131,62,12,12,437,Medium
EOS-01716,Fitbit Sports Watch J678,Smartwatch,Fitbit,324.85,3.8,71,13,29,24,516,Medium
EOS-01717,JBL Gaming Headset Q529,Headphones,JBL,127.91,5.0,290,225,29,24,577,Medium
EOS-01718,Samsung GPS Watch T811,Smartwatch,Samsung,255.95,4.6,40,0,2,12,485,Medium
EOS-01719,Lenovo Tablet W357,Tablet,Lenovo,529.8,3.8,228,255,28,24,480,Medium
EOS-01720,Logitech Power Bank K171,Accessory,Logitech,172.13,4.0,455,35,40,12,547,Medium
EOS-01721,Samsung Ultrawide Monitor N241,Monitor,Samsung,985.67,4.2,424,131,29,12,441,Medium
EOS-01722,Apple Drawing Tablet R370,Tablet,Apple,654.58,4.1,190,0,34,24,557,Medium
EOS-01723,Motorola 5G Phone Y349,Smartphone,Motorola,352.84,4.0,340,60,15,24,464,Medium
EOS-01724,Samsung Tablet H401,Tablet,Samsung,359.71,2.8,291,151,18,24,382,Low
EOS-01725,Valve Console Bundle Q350,Gaming Console,Valve,592.44,3.2,148,65,12,12,435,Medium
EOS-01726,Meta Retro Console L338,Gaming Console,Meta,420.98,4.1,64,218,7,24,299,Low
EOS-01727,OnePlus Smartphone S941,Smartphone,OnePlus,357.35,3.8,85,42,0,24,467,Medium
EOS-01728,Sony Action Camera X949,Camera,Sony,522.39,3.1,85,148,0,12,440,Medium
EOS-01729,Sony Smart TV H811,TV,Sony,1887.55,3.8,364,128,13,36,401,Medium
EOS-01730,Apple Smartwatch C794,Smartwatch,Apple,172.21,3.4,174,93,6,12,632,High
EOS-01731,Razer Wireless Mouse L318,Accessory,Razer,77.0,3.7,70,191,0,6,383,Low
EOS-01732,Google Pro Smartphone N577,Smartphone,Google,485.8,3.7,345,121,7,12,519,Medium
EOS-01733,Panasonic Instant Camera T800,Camera,Panasonic,867.16,3.7,272,240,27,36,529,Medium
EOS-01734,Apple Gaming Laptop C337,Laptop,Apple,1887.55,4.5,167,173,23,12,311,Low
EOS-01735,Razer Power Bank Z841,Accessory,Razer,47.23,3.6,166,244,11,12,605,High
EOS-01736,Huawei GPS Watch L266,Smartwatch,Huawei,189.3,4.2,143,176,12,24,582,Medium
EOS-01737,Lenovo Gaming Laptop U457,Laptop,Lenovo,863.94,3.8,34,34,27,36,566,Medium
EOS-01738,Sony Studio Headphones F479,Headphones,Sony,285.43,5.0,30,134,8,6,438,Medium
EOS-01739,Apple Fitness Watch F308,Smartwatch,Apple,261.71,3.0,109,196,14,12,291,Low
EOS-01740,Nintendo Gaming Console T740,Gaming Console,Nintendo,338.89,3.5,124,184,23,12,523,Medium
EOS-01741,Samsung Tablet D172,Tablet,Samsung,800.9,3.4,89,140,22,12,450,Medium
EOS-01742,Apple Sports Watch F602,Smartwatch,Apple,316.32,4.3,135,207,12,24,569,Medium
EOS-01743,Bose Gaming Headset O938,Headphones,Bose,282.78,4.4,11,89,15,12,399,Low
EOS-01744,Apple Wireless Headphones U531,Headphones,Apple,231.61,4.5,232,165,2,6,390,Low
EOS-01745,Samsung Drawing Tablet N342,Tablet,Samsung,318.53,4.6,87,204,9,12,548,Medium
EOS-01746,Garmin Smartwatch W727,Smartwatch,Garmin,154.56,4.0,232,196,10,12,431,Medium
EOS-01747,Bose Studio Headphones O735,Headphones,Bose,100.68,3.1,75,128,14,6,486,Medium
EOS-01748,Lenovo Business Notebook W154,Laptop,Lenovo,1887.55,4.8,28,84,21,24,389,Low
EOS-01749,Valve VR Bundle P975,Gaming Console,Valve,401.33,4.1,154,253,23,24,514,Medium
EOS-01750,Sennheiser Gaming Headset V504,Headphones,Sennheiser,202.25,3.6,257,187,22,12,465,Medium
EOS-01751,Apple Smartphone C235,Smartphone,Apple,1600.0,4.5,255,107,13,24,231,Low
EOS-01752,Microsoft Retro Console S672,Gaming Console,Microsoft,340.33,3.9,63,58,18,24,588,Medium
EOS-01753,Motorola Pro Smartphone K531,Smartphone,Motorola,539.41,4.5,195,97,27,24,605,High
EOS-01754,Apple Smartphone V860,Smartphone,Apple,986.17,3.7,223,157,24,12,484,Medium
EOS-01755,Lenovo Kids Tablet W848,Tablet,Lenovo,213.55,4.3,326,139,12,12,514,Medium
EOS-01756,Apple Studio Headphones Z368,Headphones,Apple,176.33,3.8,153,210,9,24,468,Medium
EOS-01757,Samsung Smartwatch F188,Smartwatch,Samsung,359.31,4.7,406,87,0,12,284,Low
EOS-01758,OnePlus Budget Phone K751,Smartphone,OnePlus,364.2,3.1,144,0,6,24,430,Medium
EOS-01759,Asus Office Monitor E692,Monitor,Asus,292.37,3.9,171,172,14,24,679,High
EOS-01760,Anker Webcam S925,Accessory,Anker,151.21,5.0,188,80,41,6,322,Low
EOS-01761,Apple Gaming Laptop J682,Laptop,Apple,1027.08,3.6,20,110,0,12,457,Medium
EOS-01762,Apple Smartphone P188,Smartphone,Apple,608.0,4.4,293,82,22,24,452,Medium
EOS-01763,OnePlus Pro Smartphone P555,Smartphone,OnePlus,1241.14,4.6,172,157,7,24,212,Low
EOS-01764,Nikon DSLR Camera T226,Camera,Nikon,969.83,3.5,118,116,5,24,489,Medium
EOS-01765,Dell Ultrawide Monitor X131,Monitor,Dell,1032.75,3.5,23,85,2,36,243,Low
EOS-01766,Samsung Smartphone Q715,Smartphone,Samsung,527.96,4.1,89,128,31,12,488,Medium
EOS-01767,Dell Ultrabook F902,Laptop,Dell,873.2,4.9,240,162,0,36,601,High
EOS-01768,Nikon Vlogging Camera D926,Camera,Nikon,979.2,4.5,186,249,24,36,360,Low
EOS-01769,Nikon Mirrorless Camera W254,Camera,Nikon,591.36,4.0,198,117,19,24,648,High
EOS-01770,Sony Noise Cancelling Headphones V803,Headphones,Sony,354.41,4.7,150,0,2,24,379,Low
EOS-01771,Acer Gaming Laptop N340,Laptop,Acer,702.97,4.5,150,179,16,24,718,High
EOS-01772,Bose Noise Cancelling Headphones U138,Headphones,Bose,107.57,4.6,269,180,22,12,381,Low
EOS-01773,Lenovo Creator Laptop M964,Laptop,Lenovo,1373.46,3.4,176,64,0,36,507,Medium
EOS-01774,Fitbit GPS Watch D428,Smartwatch,Fitbit,202.07,4.0,179,55,10,12,474,Medium
EOS-01775,Sony VR Bundle H891,Gaming Console,Sony,205.64,3.6,367,189,28,12,492,Medium
EOS-01776,Motorola Smartphone W737,Smartphone,Motorola,703.47,4.2,146,0,30,24,412,Medium
EOS-01777,Garmin Smartwatch S818,Smartwatch,Garmin,208.31,3.5,117,0,16,12,620,High
EOS-01778,Lenovo Business Notebook M537,Laptop,Lenovo,1411.7,4.7,54,255,3,36,575,Medium
EOS-01779,Google Budget Phone M188,Smartphone,Google,815.45,4.4,25,0,27,24,552,Medium
EOS-01780,Garmin Fitness Watch N671,Smartwatch,Garmin,434.35,5.0,45,100,9,24,463,Medium
EOS-01781,Nintendo Gaming Console M270,Gaming Console,Nintendo,434.32,4.3,278,105,20,12,418,Medium
EOS-01782,LG Gaming Monitor Y660,Monitor,LG,735.02,3.8,82,120,32,36,550,Medium
EOS-01783,Acer Business Notebook Y366,Laptop,Acer,897.82,3.6,148,30,9,24,541,Medium
EOS-01784,Microsoft Webcam M207,Accessory,Microsoft,84.33,4.3,176,113,33,12,439,Medium
EOS-01785,Apple Pro Smartphone B899,Smartphone,Apple,765.29,4.2,112,273,8,24,326,Low
EOS-01786,Apple Studio Headphones B904,Headphones,Apple,157.82,4.6,80,136,20,12,587,Medium
EOS-01787,OnePlus Budget Phone L707,Smartphone,OnePlus,480.2,4.2,100,113,2,12,353,Low
EOS-01788,Xiaomi Pro Smartphone I687,Smartphone,Xiaomi,843.83,4.6,132,0,24,12,595,Medium
EOS-01789,Valve VR Bundle B465,Gaming Console,Valve,467.09,4.2,159,204,8,12,287,Low
EOS-01790,Samsung Pro Smartphone K365,Smartphone,Samsung,535.61,4.4,197,248,23,12,587,Medium
EOS-01791,Sony Noise Cancelling Headphones M422,Headphones,Sony,278.79,4.6,262,1,15,6,317,Low
EOS-01792,AOC Ultrawide Monitor S363,Monitor,AOC,571.03,4.0,307,103,17,24,604,High
EOS-01793,Microsoft Pro Tablet F164,Tablet,Microsoft,589.42,3.9,13,80,35,24,262,Low
EOS-01794,Xiaomi Pro Smartphone X925,Smartphone,Xiaomi,778.53,3.8,298,15,0,24,400,Medium
EOS-01795,BenQ Ultrawide Monitor Q608,Monitor,BenQ,459.6,4.0,139,258,9,36,658,High
EOS-01796,Microsoft Wireless Mouse U908,Accessory,Microsoft,87.5,3.4,150,172,36,6,347,Low
EOS-01797,Canon DSLR Camera Q132,Camera,Canon,1887.55,4.1,150,7,18,12,334,Low
EOS-01798,Meta Handheld Console X460,Gaming Console,Meta,451.98,3.9,93,120,26,12,493,Medium
EOS-01799,Samsung 5G Phone U755,Smartphone,Samsung,790.84,3.9,170,21,19,12,522,Medium
EOS-01800,Razer USB-C Hub O576,Accessory,Razer,43.32,4.2,150,197,3,6,637,High
EOS-01801,Xiaomi Smartphone S590,Smartphone,Xiaomi,463.55,4.6,455,42,8,24,444,Medium
EOS-01802,Sony Noise Cancelling Headphones D775,Headphones,Sony,106.48,3.6,108,80,22,6,454,Medium
EOS-01803,Razer Wireless Mouse U452,Accessory,Razer,60.68,4.4,112,116,0,6,482,Medium
EOS-01804,Belkin Power Bank J971,Accessory,Belkin,174.62,5.0,135,60,0,6,448,Medium
EOS-01805,Philips OLED TV Y649,TV,Philips,1887.55,4.0,88,120,33,12,514,Medium
EOS-01806,Nintendo VR Bundle M670,Gaming Console,Nintendo,336.98,4.6,110,112,20,12,662,High
EOS-01807,Meta Handheld Console J307,Gaming Console,Meta,561.44,4.5,130,236,16,12,408,Medium
EOS-01808,Lenovo Drawing Tablet A182,Tablet,Lenovo,224.22,4.3,291,0,11,24,653,High
EOS-01809,Razer USB-C Hub D196,Accessory,Razer,63.19,3.6,455,195,20,12,806,High
EOS-01810,AOC Office Monitor W696,Monitor,AOC,436.9,4.5,179,207,31,36,447,Medium
EOS-01811,Corsair Power Bank V183,Accessory,Corsair,52.32,5.0,134,50,26,6,460,Medium
EOS-01812,Corsair Webcam V232,Accessory,Corsair,108.69,3.6,287,88,25,6,465,Medium
EOS-01813,Panasonic Vlogging Camera E131,Camera,Panasonic,1511.88,4.2,195,108,33,36,373,Low
EOS-01814,Xiaomi Smartphone L165,Smartphone,Xiaomi,761.65,3.1,247,142,38,12,432,Medium
EOS-01815,Lenovo Pro Tablet P120,Tablet,Lenovo,592.69,3.8,101,94,31,12,379,Low
EOS-01816,Microsoft Mini Tablet N781,Tablet,Microsoft,913.41,4.5,350,132,5,12,516,Medium
EOS-01817,Samsung Gaming Monitor H116,Monitor,Samsung,288.41,4.3,380,23,40,36,502,Medium
EOS-01818,Samsung 4K TV H820,TV,Samsung,920.53,4.0,91,192,8,24,473,Medium
EOS-01819,Asus Gaming Laptop U909,Laptop,Asus,1309.07,3.9,55,157,10,12,321,Low
EOS-01820,Sony Mini LED TV R657,TV,Sony,778.34,4.1,45,155,32,12,602,High
EOS-01821,Logitech Wireless Mouse E201,Accessory,Logitech,527.96,3.6,187,95,8,24,302,Low
EOS-01822,Meta Handheld Console D243,Gaming Console,Meta,476.2,4.4,132,85,22,24,404,Medium
EOS-01823,Samsung Budget Phone E115,Smartphone,Samsung,881.35,3.8,279,148,0,24,341,Low
EOS-01824,Samsung 5G Phone N821,Smartphone,Samsung,435.95,4.4,447,83,6,12,368,Low
EOS-01825,Sony QLED TV O281,TV,Sony,1887.55,4.1,65,25,0,12,513,Medium
EOS-01826,Microsoft Mechanical Keyboard T876,Accessory,Microsoft,76.32,3.7,190,139,22,6,614,High
EOS-01827,Microsoft Power Bank I323,Accessory,Microsoft,46.75,3.8,309,110,11,12,695,High
EOS-01828,HP Creator Laptop A715,Laptop,HP,1790.9,3.4,431,0,34,36,400,Medium
EOS-01829,Asus Business Notebook D146,Laptop,Asus,948.68,3.8,99,148,19,36,422,Medium
EOS-01830,Google Budget Phone V197,Smartphone,Google,945.11,3.7,230,100,0,24,289,Low
EOS-01831,Lenovo Tablet O847,Tablet,Lenovo,514.56,4.5,109,40,0,12,385,Low
EOS-01832,Dell Ultrawide Monitor G643,Monitor,Dell,193.91,4.5,296,65,18,24,577,Medium
EOS-01833,Huawei Kids Tablet R318,Tablet,Huawei,932.8,4.6,233,124,0,24,385,Low
EOS-01834,Acer Business Notebook P682,Laptop,Acer,1256.88,3.5,143,176,10,24,447,Medium
EOS-01835,GoPro DSLR Camera K551,Camera,GoPro,527.96,4.5,43,182,10,24,506,Medium
EOS-01836,LG Office Monitor O643,Monitor,LG,590.62,3.4,211,83,0,12,524,Medium
EOS-01837,Canon DSLR Camera K663,Camera,Canon,1013.01,4.1,62,7,21,36,337,Low
EOS-01838,Hisense Smart TV W840,TV,Hisense,1430.06,4.3,120,74,10,24,302,Low
EOS-01839,LG Gaming Monitor P293,Monitor,LG,297.14,3.6,323,168,20,12,672,High
EOS-01840,Sony Noise Cancelling Headphones B877,Headphones,Sony,150.69,4.2,76,163,8,24,345,Low
EOS-01841,Samsung Kids Tablet A724,Tablet,Samsung,1088.95,4.0,350,129,13,24,366,Low
EOS-01842,BenQ Curved Monitor D986,Monitor,BenQ,703.76,4.6,216,124,10,24,524,Medium
EOS-01843,GoPro Action Camera M813,Camera,GoPro,888.8,5.0,167,138,11,24,820,High
EOS-01844,LG OLED TV T741,TV,LG,1887.55,4.0,180,92,19,24,369,Low
EOS-01845,Huawei Sports Watch F284,Smartwatch,Huawei,471.13,3.1,138,163,2,24,422,Medium
EOS-01846,Logitech Wireless Headphones U634,Headphones,Logitech,197.02,4.7,143,125,16,6,377,Low
EOS-01847,Valve VR Bundle P407,Gaming Console,Valve,888.21,3.4,328,114,14,24,301,Low
EOS-01848,Samsung 4K TV H126,TV,Samsung,1086.87,2.8,160,0,10,12,480,Medium
EOS-01849,AOC Ultrawide Monitor P271,Monitor,AOC,518.79,5.0,175,101,23,24,407,Medium
EOS-01850,Sony OLED TV M930,TV,Sony,1550.07,4.0,50,173,28,36,521,Medium
EOS-01851,OnePlus 5G Phone J714,Smartphone,OnePlus,653.67,4.9,178,132,2,12,449,Medium
EOS-01852,Lenovo Ultrabook N749,Laptop,Lenovo,852.81,4.2,50,128,11,24,563,Medium
EOS-01853,Razer USB-C Hub O752,Accessory,Razer,79.38,4.2,145,133,14,12,533,Medium
EOS-01854,Samsung Foldable Phone Q473,Smartphone,Samsung,361.75,3.5,455,215,25,12,690,High
EOS-01855,Acer Gaming Laptop D335,Laptop,Acer,1144.06,4.0,144,251,0,12,550,Medium
EOS-01856,Apple Kids Tablet O754,Tablet,Apple,217.25,5.0,68,56,0,12,416,Medium
EOS-01857,Microsoft Wireless Mouse T352,Accessory,Microsoft,81.84,2.6,99,55,21,12,360,Low
EOS-01858,Samsung Drawing Tablet N972,Tablet,Apple,794.26,3.5,205,118,20,24,406,Medium
EOS-01859,Garmin Hybrid Watch I811,Smartwatch,Garmin,417.96,3.8,217,98,27,12,680,High
EOS-01860,Sennheiser Earbuds M253,Headphones,Sennheiser,169.53,4.1,146,220,8,24,610,High
EOS-01861,HP Business Notebook T555,Laptop,HP,1154.54,4.4,124,109,29,24,608,High
EOS-01862,OnePlus Pro Smartphone B718,Smartphone,OnePlus,643.31,5.0,107,138,25,24,469,Medium
EOS-01863,Bose Wireless Headphones J911,Headphones,Bose,259.23,4.3,50,164,33,24,595,Medium
EOS-01864,LG Ultrawide Monitor E803,Monitor,LG,561.82,4.8,52,130,13,12,488,Medium
EOS-01865,Garmin Fitness Watch L302,Smartwatch,Garmin,183.46,3.0,290,103,7,12,346,Low
EOS-01866,AOC 4K Monitor N897,Monitor,Apple,423.96,4.5,100,152,24,36,535,Medium
EOS-01867,MSI Creator Laptop G306,Laptop,MSI,1098.78,3.9,407,280,14,36,496,Medium
EOS-01868,MSI Gaming Laptop I722,Laptop,MSI,1355.3,5.0,155,66,18,36,753,High
EOS-01869,Asus Creator Laptop Z546,Laptop,Asus,812.98,4.5,120,171,31,36,501,Medium
EOS-01870,Dell Office Monitor H733,Monitor,Dell,392.55,4.1,98,149,6,24,363,Low
EOS-01871,Bose Earbuds I267,Headphones,Bose,183.82,3.6,120,0,10,6,391,Low
EOS-01872,Samsung Smart TV B113,TV,Samsung,1507.4,4.4,197,150,0,36,488,Medium
EOS-01873,Philips 4K TV T962,TV,Philips,1077.51,3.7,113,23,22,12,417,Medium
EOS-01874,LG Office Monitor T704,Monitor,LG,370.02,4.5,243,147,6,24,679,High
EOS-01875,Microsoft VR Bundle Y136,Gaming Console,Microsoft,274.69,3.7,233,199,0,12,330,Low
EOS-01876,Microsoft USB-C Hub J440,Accessory,Microsoft,45.15,3.4,189,74,8,6,562,Medium
EOS-01877,GoPro Action Camera L193,Camera,GoPro,640.56,4.6,48,128,13,12,613,High
EOS-01878,Amazfit Sports Watch P853,Smartwatch,Amazfit,389.6,4.5,157,183,18,24,465,Medium
EOS-01879,Motorola Pro Smartphone C479,Smartphone,Motorola,662.14,4.1,268,150,12,12,500,Medium
EOS-01880,Huawei Smartwatch B865,Smartwatch,Huawei,273.79,4.3,180,218,23,12,525,Medium
EOS-01881,Acer Creator Laptop F519,Laptop,Acer,980.45,4.4,224,258,6,36,382,Low
EOS-01882,Dell 4K Monitor O754,Monitor,Dell,345.87,3.1,195,165,11,12,567,Medium
EOS-01883,Fitbit Fitness Watch N564,Smartwatch,Fitbit,236.67,4.1,79,100,18,12,535,Medium
EOS-01884,Sennheiser Noise Cancelling Headphones C753,Headphones,Sennheiser,204.55,3.8,172,242,19,24,471,Medium
EOS-01885,Microsoft Mini Tablet N947,Tablet,Microsoft,515.93,3.5,136,115,14,24,492,Medium
EOS-01886,Lenovo Creator Laptop G859,Laptop,Lenovo,559.56,3.4,99,33,4,36,576,Medium
EOS-01887,Philips QLED TV E814,TV,Philips,1887.55,3.8,55,128,12,24,445,Medium
EOS-01888,Microsoft Mini Tablet F661,Tablet,Microsoft,338.26,4.1,173,186,15,12,508,Medium
EOS-01889,GoPro Instant Camera B514,Camera,GoPro,657.65,4.0,70,63,27,36,610,High
EOS-01890,Microsoft Mini Tablet J484,Tablet,Microsoft,1300.0,4.0,238,80,14,24,409,Medium
EOS-01891,Microsoft Retro Console F319,Gaming Console,Microsoft,340.14,4.3,155,190,21,12,791,High
EOS-01892,Razer Power Bank M592,Accessory,Razer,51.09,4.6,310,179,11,12,658,High
EOS-01893,OnePlus Smartphone T992,Smartphone,OnePlus,508.93,3.4,103,158,29,12,389,Low
EOS-01894,Sony Vlogging Camera T135,Camera,Sony,1106.64,4.3,180,73,7,12,353,Low
EOS-01895,Lenovo Drawing Tablet D587,Tablet,Lenovo,590.41,4.0,9,222,24,12,449,Medium
EOS-01896,Microsoft Tablet K119,Tablet,Microsoft,490.76,3.7,347,20,29,24,648,High
EOS-01897,Google 5G Phone D757,Smartphone,Google,820.31,3.8,255,124,13,24,452,Medium
EOS-01898,Sony Earbuds W229,Headphones,Sony,198.32,4.8,171,140,8,6,521,Medium
EOS-01899,Huawei Mini Tablet H261,Tablet,Huawei,238.21,3.9,149,224,14,24,513,Medium
EOS-01900,Lenovo 2-in-1 Laptop J697,Laptop,Lenovo,1008.87,4.2,8,212,2,36,482,Medium
EOS-01901,Garmin Fitness Watch Z958,Smartwatch,Garmin,276.81,5.0,87,216,24,12,677,High
EOS-01902,Logitech Earbuds R121,Headphones,Logitech,149.11,3.7,301,98,7,24,335,Low
EOS-01903,Apple Hybrid Watch H485,Smartwatch,Apple,439.65,3.6,215,225,13,12,461,Medium
EOS-01904,Dell Ultrabook G382,Laptop,Dell,1258.23,4.3,192,128,3,36,509,Medium
EOS-01905,Samsung Ultrawide Monitor S162,Monitor,Samsung,548.36,4.1,244,3,28,12,533,Medium
EOS-01906,Huawei Drawing Tablet V718,Tablet,Huawei,597.4,4.7,184,75,31,12,833,High
EOS-01907,Nintendo Retro Console R752,Gaming Console,Nintendo,442.18,4.0,88,110,5,12,445,Medium
EOS-01908,Sony Console Bundle T509,Gaming Console,Sony,447.78,3.4,291,0,36,24,550,Medium
EOS-01909,Apple Budget Phone E403,Smartphone,Apple,751.06,3.8,47,39,8,24,436,Medium
EOS-01910,Sony Gaming Headset G288,Headphones,Sony,296.64,3.2,413,128,14,6,394,Low
EOS-01911,Anker Mechanical Keyboard N224,Accessory,Apple,117.65,4.6,76,61,0,6,502,Medium
EOS-01912,Amazfit Sports Watch G865,Smartwatch,Amazfit,416.73,3.1,138,34,0,12,391,Low
EOS-01913,TCL Smart TV N377,TV,TCL,1429.72,4.7,14,122,21,36,490,Medium
EOS-01914,Acer Ultrabook X455,Laptop,Acer,1242.27,3.5,202,61,17,12,566,Medium
EOS-01915,Panasonic Action Camera P695,Camera,Panasonic,1040.98,4.0,230,82,20,36,710,High
EOS-01916,Dell Office Monitor B991,Monitor,Dell,1035.41,4.7,455,148,12,36,286,Low
EOS-01917,Canon Mirrorless Camera V709,Camera,Canon,757.12,4.0,60,165,0,24,414,Medium
EOS-01918,Hisense Mini LED TV A713,TV,Hisense,1445.45,4.2,101,125,12,24,469,Medium
EOS-01919,Lenovo Kids Tablet J953,Tablet,Lenovo,864.92,3.9,51,223,15,24,408,Medium
EOS-01920,Xiaomi Smartphone S693,Smartphone,Xiaomi,342.26,4.0,208,42,3,12,480,Medium
EOS-01921,Meta Handheld Console B701,Gaming Console,Meta,500.4,3.9,123,50,5,24,403,Medium
EOS-01922,Logitech Power Bank H270,Accessory,Logitech,90.7,3.8,197,298,28,24,457,Medium
EOS-01923,Apple 5G Phone I831,Smartphone,Apple,338.92,3.7,95,46,26,12,441,Medium
EOS-01924,Bose Studio Headphones W300,Headphones,Bose,154.41,3.5,87,122,31,6,567,Medium
EOS-01925,Dell Gaming Laptop W651,Laptop,Dell,708.66,4.2,255,165,0,24,424,Medium
EOS-01926,Xiaomi Pro Smartphone Z815,Smartphone,Xiaomi,361.95,4.2,212,157,0,12,475,Medium
EOS-01927,Anker Wireless Mouse U691,Accessory,Anker,66.19,4.2,455,125,4,12,489,Medium
EOS-01928,Lenovo Pro Tablet A431,Tablet,Lenovo,291.25,5.0,436,219,11,24,440,Medium
EOS-01929,Bose Studio Headphones R479,Headphones,Bose,180.07,4.3,139,139,20,6,386,Low
EOS-01930,Huawei Tablet U671,Tablet,Huawei,357.38,3.4,264,173,0,12,531,Medium
EOS-01931,Sony Studio Headphones Q568,Headphones,Sony,336.88,4.3,84,199,17,24,327,Low
EOS-01932,Lenovo Business Notebook A307,Laptop,Lenovo,1887.55,4.5,275,156,16,36,213,Low
EOS-01933,Dell Gaming Laptop H911,Laptop,Dell,1193.34,4.1,144,128,14,24,476,Medium
EOS-01934,Sennheiser Studio Headphones Q161,Headphones,Sennheiser,131.95,4.2,108,206,11,12,465,Medium
EOS-01935,Sony Instant Camera O900,Camera,Sony,784.75,3.9,287,66,12,36,612,High
EOS-01936,AOC Ultrawide Monitor T507,Monitor,AOC,592.47,4.0,340,64,17,12,528,Medium
EOS-01937,Apple 2-in-1 Laptop C521,Laptop,Apple,1887.55,4.2,162,241,20,12,833,Medium
EOS-01938,Apple Smartwatch W759,Smartwatch,Apple,351.35,5.0,297,13,16,24,496,Medium
EOS-01939,Fitbit Smartwatch W838,Smartwatch,Fitbit,1172.47,4.3,81,258,26,24,668,High
EOS-01940,Apple Hybrid Watch R668,Smartwatch,Apple,245.58,3.4,115,43,0,24,457,Medium
EOS-01941,Apple Foldable Phone E970,Smartphone,Apple,1056.88,4.4,152,156,11,24,531,Medium
EOS-01942,JBL Noise Cancelling Headphones T692,Headphones,JBL,95.32,4.0,130,208,4,12,595,Medium
EOS-01943,Amazfit Sports Watch H288,Smartwatch,Amazfit,696.46,3.7,43,175,5,24,287,Low
EOS-01944,Apple Pro Smartphone B449,Smartphone,Apple,465.59,4.1,120,166,10,12,519,Medium
EOS-01945,Panasonic DSLR Camera B187,Camera,Panasonic,922.77,3.6,62,176,23,24,416,Medium
EOS-01946,Dell 2-in-1 Laptop C130,Laptop,Dell,1887.55,5.0,21,149,17,12,519,Medium
EOS-01947,Logitech Mechanical Keyboard E804,Accessory,Logitech,105.4,3.5,296,97,7,6,493,Medium
EOS-01948,Fitbit Smartwatch G901,Smartwatch,Fitbit,813.62,4.8,117,106,19,12,210,Low
EOS-01949,Asus 2-in-1 Laptop A533,Laptop,Asus,1165.14,4.2,64,192,18,12,652,High
EOS-01950,Samsung GPS Watch Z462,Smartwatch,Samsung,362.84,4.1,73,180,15,12,535,Medium
EOS-01951,OnePlus 5G Phone H817,Smartphone,OnePlus,348.41,4.1,299,198,21,24,656,High
EOS-01952,Apple Foldable Phone U633,Smartphone,Apple,677.96,4.6,132,15,11,24,425,Medium
EOS-01953,Apple Tablet B420,Tablet,Apple,366.44,4.2,159,259,19,12,748,High
EOS-01954,Apple GPS Watch M487,Smartwatch,Apple,374.9,3.9,86,137,7,24,481,Medium
EOS-01955,Motorola Foldable Phone A594,Smartphone,Motorola,921.94,4.3,148,165,4,12,558,Medium
EOS-01956,Hisense QLED TV Z900,TV,Hisense,1447.32,4.0,52,171,0,36,377,Low
EOS-01957,Huawei Smartwatch T383,Smartwatch,Huawei,865.54,3.5,88,199,19,24,216,Low
EOS-01958,Sennheiser Earbuds U851,Headphones,Sennheiser,244.39,3.1,350,107,14,6,298,Low
EOS-01959,Apple Hybrid Watch Z782,Smartwatch,Apple,329.97,3.6,77,85,0,24,315,Low
EOS-01960,BenQ 4K Monitor J928,Monitor,BenQ,328.02,4.3,293,230,2,36,446,Medium
EOS-01961,Apple Studio Headphones C400,Headphones,Apple,100.35,4.0,209,11,16,24,435,Medium
EOS-01962,Samsung Smartwatch Q798,Smartwatch,Samsung,527.96,4.2,31,102,4,12,380,Low
EOS-01963,Samsung Foldable Phone O785,Smartphone,Samsung,870.41,4.8,325,217,8,12,600,High
EOS-01964,Microsoft Kids Tablet K485,Tablet,Microsoft,311.63,3.5,128,1,10,24,495,Medium
EOS-01965,Samsung Smartwatch Q343,Smartwatch,Samsung,731.89,3.6,28,195,0,12,291,Low
EOS-01966,AOC Office Monitor G448,Monitor,AOC,309.82,4.7,62,57,8,12,736,High
EOS-01967,Sony DSLR Camera V492,Camera,Sony,527.96,5.0,189,66,12,24,527,Medium
EOS-01968,Huawei Mini Tablet D946,Tablet,Huawei,773.33,3.9,114,52,0,12,509,Medium
EOS-01969,Motorola Foldable Phone G676,Smartphone,Motorola,563.28,3.5,455,36,44,12,772,High
EOS-01970,Sony Noise Cancelling Headphones N498,Headphones,Sony,220.28,4.0,147,102,21,24,574,Medium
EOS-01971,Samsung Kids Tablet R175,Tablet,Samsung,580.38,4.8,67,75,25,12,398,Low
EOS-01972,Dell 2-in-1 Laptop Z479,Laptop,Dell,1887.55,4.0,87,185,13,36,482,Medium
EOS-01973,Samsung Smart TV O656,TV,Samsung,1601.89,3.9,455,160,0,36,406,Medium
EOS-01974,Google Smartphone M557,Smartphone,Google,639.71,2.7,116,79,1,24,351,Low
EOS-01975,Google Pro Smartphone G543,Smartphone,Google,590.27,4.9,172,86,17,12,606,High
EOS-01976,Samsung Mini Tablet O788,Tablet,Samsung,376.99,4.1,112,316,8,12,548,Medium
EOS-01977,HP Creator Laptop C251,Laptop,HP,1404.28,4.0,250,61,9,12,549,Medium
EOS-01978,OnePlus Smartphone F236,Smartphone,OnePlus,655.09,5.0,247,117,14,12,471,Medium
EOS-01979,Valve Handheld Console G394,Gaming Console,Valve,385.62,4.0,431,277,9,24,442,Medium
EOS-01980,Sony OLED TV I892,TV,Sony,908.98,2.9,67,132,0,12,291,Low
EOS-01981,Google Foldable Phone B817,Smartphone,Google,1012.17,3.8,104,128,24,24,433,Medium
EOS-01982,Lenovo Ultrabook F445,Laptop,Lenovo,1032.61,3.8,196,120,25,24,730,High
EOS-01983,Dell Creator Laptop Y542,Laptop,Dell,1086.72,3.6,160,211,1,36,512,Medium
EOS-01984,BenQ 4K Monitor A558,Monitor,BenQ,495.24,4.5,243,38,18,36,642,High
EOS-01985,OnePlus Smartphone O591,Smartphone,OnePlus,590.45,3.8,9,154,14,24,443,Medium
EOS-01986,TCL QLED TV U614,TV,TCL,765.18,3.7,422,83,0,36,581,Medium
EOS-01987,GoPro Action Camera I725,Camera,GoPro,708.92,3.1,245,127,20,12,614,High
EOS-01988,Nikon DSLR Camera N622,Camera,Nikon,527.96,3.2,370,252,14,24,563,Medium
EOS-01989,Samsung Curved Monitor F580,Monitor,Samsung,596.15,4.8,47,105,38,24,645,High
EOS-01990,Huawei Fitness Watch Z407,Smartwatch,Huawei,527.96,3.9,311,207,30,24,491,Medium
EOS-01991,Lenovo Drawing Tablet U548,Tablet,Lenovo,707.45,4.5,118,105,17,12,358,Low
EOS-01992,Microsoft Tablet P269,Tablet,Microsoft,614.44,4.0,235,69,21,12,644,High
EOS-01993,Xiaomi Smartphone G664,Smartphone,Xiaomi,666.31,3.9,75,300,16,24,458,Medium
EOS-01994,Samsung QLED TV G477,TV,Samsung,1227.72,3.8,71,97,7,12,741,High
EOS-01995,HP Ultrabook Y963,Laptop,HP,1347.69,4.5,205,180,20,36,592,Medium
EOS-01996,Logitech Webcam Z391,Accessory,Logitech,97.26,3.9,128,194,19,12,664,High
EOS-01997,Xiaomi 5G Phone Y423,Smartphone,Xiaomi,368.39,4.1,186,123,0,12,418,Medium
EOS-01998,Canon Mirrorless Camera C640,Camera,Canon,798.02,4.0,350,127,25,12,584,Medium
EOS-01999,Huawei Sports Watch M924,Smartwatch,Huawei,473.74,4.8,58,98,25,12,670,High
EOS-02000,Bose Wireless Headphones N280,Headphones,Bose,161.0,4.1,150,68,13,6,426,Medium
EOS-02001,Samsung Drawing Tablet C608,Tablet,Samsung,232.1,4.0,135,135,14,24,655,High
EOS-02002,Fujifilm Instant Camera V350,Camera,Fujifilm,1095.51,4.3,119,168,12,12,376,Low
EOS-02003,Apple Noise Cancelling Headphones D961,Headphones,Apple,149.53,3.9,310,68,3,24,456,Medium
EOS-02004,Apple Smartphone N707,Smartphone,Apple,375.66,5.0,61,156,12,24,444,Medium
EOS-02005,Samsung QLED TV V271,TV,Samsung,789.29,4.1,46,141,6,24,335,Low
EOS-02006,Apple 2-in-1 Laptop X976,Laptop,Apple,1549.62,4.5,178,227,18,24,388,Low
EOS-02007,Nintendo Gaming Console H599,Gaming Console,Nintendo,288.74,4.9,125,89,33,24,818,High
EOS-02008,GoPro Action Camera C951,Camera,GoPro,463.23,4.1,243,0,0,24,824,High
EOS-02009,Dell Office Monitor Z267,Monitor,Dell,539.35,3.9,121,77,3,36,381,Low
EOS-02010,Samsung Curved Monitor I620,Monitor,Samsung,823.04,3.7,132,62,23,36,447,Medium
EOS-02011,Google Foldable Phone N102,Smartphone,Google,509.95,4.1,281,0,21,24,589,Medium
EOS-02012,Apple Mini Tablet T636,Tablet,Apple,406.17,3.2,306,206,20,12,544,Medium
EOS-02013,Acer Creator Laptop B823,Laptop,Acer,795.33,4.2,219,70,14,24,355,Low
EOS-02014,GoPro Mirrorless Camera B569,Camera,GoPro,1521.19,3.8,191,133,16,36,396,Low
EOS-02015,Huawei Drawing Tablet I574,Tablet,Huawei,340.32,3.7,130,60,0,24,236,Low
EOS-02016,Bose Wireless Headphones C897,Headphones,Bose,256.41,3.8,56,128,0,12,384,Low
EOS-02017,Samsung Fitness Watch M712,Smartwatch,Samsung,498.75,3.9,220,162,10,12,452,Medium
EOS-02018,Belkin Wireless Mouse M227,Accessory,Belkin,38.92,3.9,109,107,20,6,584,Medium
EOS-02019,Apple GPS Watch L827,Smartwatch,Apple,196.11,3.8,40,100,28,12,553,Medium
EOS-02020,Samsung Ultrawide Monitor I214,Monitor,Samsung,636.7,3.8,147,217,14,12,324,Low
EOS-02021,Anker Power Bank U450,Accessory,Anker,54.49,3.6,38,126,24,24,398,Low
EOS-02022,Sennheiser Studio Headphones B748,Headphones,Sennheiser,76.12,4.4,94,128,11,24,562,Medium
EOS-02023,Google Foldable Phone E845,Smartphone,Google,489.58,3.6,112,267,9,12,583,Medium
EOS-02024,Nintendo Retro Console G159,Gaming Console,Nintendo,394.09,3.1,25,0,14,24,354,Low
EOS-02025,Dell Ultrabook S300,Laptop,Dell,527.96,4.7,38,145,18,12,646,High
EOS-02026,AOC Gaming Monitor Y583,Monitor,AOC,648.22,3.2,212,160,5,24,481,Medium
EOS-02027,Samsung Foldable Phone M941,Smartphone,Samsung,605.96,4.8,85,73,14,24,448,Medium
EOS-02028,Samsung Pro Tablet O163,Tablet,Samsung,252.39,4.0,136,167,20,24,600,High
EOS-02029,Acer Gaming Laptop P952,Laptop,Acer,1201.07,4.2,20,30,24,12,538,Medium
EOS-02030,Samsung Mini LED TV B496,TV,Samsung,1887.55,3.9,13,158,14,36,308,Low
EOS-02031,Samsung Foldable Phone B679,Smartphone,Samsung,480.2,4.4,179,86,9,12,471,Medium
EOS-02032,Lenovo Mini Tablet Q255,Tablet,Lenovo,491.87,4.6,195,125,17,24,388,Low
EOS-02033,Sony Action Camera F130,Camera,Sony,1887.55,3.7,52,206,29,24,326,Low
EOS-02034,Google Budget Phone G200,Smartphone,Google,353.03,4.4,180,126,37,12,700,High
EOS-02035,Apple 5G Phone T933,Smartphone,Apple,579.94,3.6,97,160,8,24,397,Low
EOS-02036,Apple Budget Phone C826,Smartphone,Apple,648.32,4.1,291,31,1,12,618,High
EOS-02037,Sony Earbuds U233,Headphones,Sony,124.31,3.8,76,0,8,12,535,Medium
EOS-02038,Apple Drawing Tablet P620,Tablet,Apple,1300.0,4.2,144,212,14,24,420,Medium
EOS-02039,Xiaomi Pro Smartphone F637,Smartphone,Xiaomi,404.92,3.5,263,138,33,12,690,High
EOS-02040,Microsoft Power Bank U237,Accessory,Microsoft,59.43,4.0,121,162,33,6,801,High
EOS-02041,BenQ Gaming Monitor I147,Monitor,BenQ,272.03,4.2,61,21,17,12,541,Medium
EOS-02042,Dell Office Monitor G911,Monitor,Dell,557.11,3.9,211,188,9,24,365,Low
EOS-02043,Asus Ultrabook J200,Laptop,Asus,1817.17,4.0,106,73,42,36,618,High
EOS-02044,MSI Creator Laptop Z607,Laptop,MSI,996.95,4.2,301,177,27,36,517,Medium
EOS-02045,Huawei GPS Watch G673,Smartwatch,Huawei,321.78,3.4,21,187,0,12,352,Low
EOS-02046,Samsung Smart TV O735,TV,Samsung,780.28,4.1,197,145,6,24,556,Medium
EOS-02047,Hisense Smart TV A500,TV,Hisense,1498.62,4.6,195,74,12,24,456,Medium
EOS-02048,Apple Smartphone Q520,Smartphone,Apple,438.75,3.4,135,123,34,24,590,Medium
EOS-02049,Acer Creator Laptop Z184,Laptop,Acer,686.67,4.1,125,138,17,24,536,Medium
EOS-02050,Razer Webcam V464,Accessory,Razer,66.04,4.3,146,66,2,12,700,High
EOS-02051,OnePlus Budget Phone B899,Smartphone,OnePlus,592.04,3.7,455,151,6,12,616,High
EOS-02052,Garmin GPS Watch V896,Smartwatch,Garmin,404.44,3.7,172,171,20,12,447,Medium
EOS-02053,Samsung Ultrawide Monitor F249,Monitor,Samsung,539.31,4.0,116,0,33,36,460,Medium
EOS-02054,Fujifilm Instant Camera I680,Camera,Fujifilm,448.85,4.0,158,34,20,36,557,Medium
EOS-02055,Belkin Wireless Mouse B454,Accessory,Belkin,96.69,5.0,195,165,2,6,568,Medium
EOS-02056,Fitbit Smartwatch I286,Smartwatch,Fitbit,129.09,3.3,139,122,27,24,583,Medium
EOS-02057,Corsair Mechanical Keyboard F833,Accessory,Corsair,84.04,4.1,154,92,33,24,754,High
EOS-02058,Asus Office Monitor N886,Monitor,Asus,969.5,3.4,26,188,18,36,294,Low
EOS-02059,Microsoft Mini Tablet O941,Tablet,Microsoft,262.52,3.8,218,0,19,12,635,High
EOS-02060,Asus Office Monitor V294,Monitor,Asus,492.17,3.3,365,169,6,24,594,Medium
EOS-02061,Philips OLED TV U872,TV,Philips,770.73,4.1,115,67,12,12,392,Low
EOS-02062,Xiaomi Budget Phone D718,Smartphone,Xiaomi,282.09,4.4,119,0,0,12,690,High
EOS-02063,Asus Ultrawide Monitor C982,Monitor,Asus,600.27,4.4,173,128,17,12,643,High
EOS-02064,Asus Creator Laptop P511,Laptop,Asus,892.03,4.3,397,185,0,12,448,Medium
EOS-02065,Motorola 5G Phone Q699,Smartphone,Motorola,527.96,4.2,155,128,24,24,510,Medium
EOS-02066,Google Foldable Phone D474,Smartphone,Google,743.06,3.0,177,243,17,12,420,Medium
EOS-02067,HP Business Notebook Z936,Laptop,HP,992.61,3.7,452,91,0,12,585,Medium
EOS-02068,Apple Kids Tablet F881,Tablet,Apple,1300.0,4.6,392,285,11,24,405,Medium
EOS-02069,OnePlus 5G Phone U964,Smartphone,OnePlus,242.93,3.2,91,204,15,12,525,Medium
EOS-02070,Meta Gaming Console X523,Gaming Console,Meta,180.0,4.3,49,135,0,12,568,Medium
EOS-02071,Samsung Smart TV I631,TV,Samsung,917.32,3.4,235,172,12,36,403,Medium
EOS-02072,Corsair Webcam H361,Accessory,Corsair,98.8,4.2,172,70,3,24,531,Medium
EOS-02073,OnePlus Budget Phone C777,Smartphone,OnePlus,938.13,4.8,185,140,10,24,466,Medium
EOS-02074,Valve Console Bundle N646,Gaming Console,Valve,510.51,4.4,363,125,3,24,511,Medium
EOS-02075,Nintendo Handheld Console S900,Gaming Console,Nintendo,194.15,4.0,59,217,11,24,540,Medium
EOS-02076,Razer Power Bank B164,Accessory,Razer,70.33,4.2,337,276,20,6,526,Medium
EOS-02077,Samsung 4K Monitor N701,Monitor,Samsung,312.53,4.6,25,210,22,36,621,High
EOS-02078,Apple Gaming Laptop F612,Laptop,Apple,836.91,4.3,104,48,25,12,598,Medium
EOS-02079,Logitech Earbuds Z611,Headphones,Logitech,102.9,3.0,154,185,28,6,833,Medium
EOS-02080,Razer Webcam T254,Accessory,Razer,84.5,4.8,99,81,37,6,537,Medium
EOS-02081,Sony Studio Headphones F319,Headphones,Sony,258.39,4.0,97,85,0,12,315,Low
EOS-02082,TCL Mini LED TV R210,TV,TCL,1301.09,4.9,78,112,46,24,603,High
EOS-02083,Samsung Pro Tablet T305,Tablet,Samsung,192.27,3.9,257,143,0,12,582,Medium
EOS-02084,BenQ 4K Monitor S483,Monitor,BenQ,501.69,4.3,219,182,32,24,548,Medium
EOS-02085,Fujifilm DSLR Camera J198,Camera,Fujifilm,1484.48,4.5,150,157,29,36,443,Medium
EOS-02086,Acer Business Notebook P414,Laptop,Acer,1093.64,4.5,54,153,14,36,495,Medium
EOS-02087,MSI 2-in-1 Laptop B900,Laptop,MSI,1861.05,3.7,151,189,18,24,294,Low
EOS-02088,Google Pro Smartphone Y516,Smartphone,Google,591.46,4.2,64,189,10,24,375,Low
EOS-02089,Belkin Wireless Mouse E293,Accessory,Belkin,128.12,3.8,12,143,16,6,335,Low
EOS-02090,Sony Mini LED TV A365,TV,Sony,893.87,4.0,15,278,12,12,572,Medium
EOS-02091,Fitbit GPS Watch U484,Smartwatch,Fitbit,133.48,4.5,110,93,32,24,536,Medium
EOS-02092,Asus Office Monitor M217,Monitor,Asus,862.79,4.3,388,130,27,12,662,High
EOS-02093,Samsung Hybrid Watch O318,Smartwatch,Samsung,385.8,3.5,114,165,5,12,314,Low
EOS-02094,Samsung Budget Phone J642,Smartphone,Samsung,700.92,4.2,245,51,21,12,427,Medium
EOS-02095,Bose Earbuds U382,Headphones,Bose,160.91,4.3,137,248,1,12,583,Medium
EOS-02096,OnePlus Pro Smartphone B458,Smartphone,OnePlus,588.24,3.2,212,141,18,12,413,Medium
EOS-02097,Sony Gaming Console G163,Gaming Console,Sony,293.19,4.6,158,130,12,24,428,Medium
EOS-02098,Sennheiser Gaming Headset D901,Headphones,Sennheiser,96.39,3.9,146,156,10,24,471,Medium
EOS-02099,Motorola Foldable Phone C348,Smartphone,Motorola,781.53,4.1,268,42,9,24,349,Low
EOS-02100,Hisense Mini LED TV Z432,TV,Hisense,1887.55,2.8,187,72,9,36,581,Medium
EOS-02101,TCL Smart TV G656,TV,TCL,1220.75,4.4,24,72,19,24,444,Medium
EOS-02102,Google Budget Phone W575,Smartphone,Google,554.55,3.6,238,114,36,12,456,Medium
EOS-02103,Samsung Pro Smartphone O599,Smartphone,Samsung,250.71,3.2,99,133,17,24,499,Medium
EOS-02104,Sony QLED TV U421,TV,Sony,527.96,3.3,133,149,18,24,554,Medium
EOS-02105,Samsung Smart TV S422,TV,Samsung,644.62,4.1,319,53,24,12,389,Low
EOS-02106,Amazfit Sports Watch I755,Smartwatch,Amazfit,405.84,4.0,40,237,12,24,449,Medium
EOS-02107,Sennheiser Earbuds J556,Headphones,Sennheiser,169.52,3.0,260,72,15,24,463,Medium
EOS-02108,OnePlus Budget Phone D944,Smartphone,OnePlus,1125.06,4.0,126,176,27,12,309,Low
EOS-02109,Apple Pro Smartphone I410,Smartphone,Apple,983.72,3.9,142,197,9,24,452,Medium
EOS-02110,Amazfit Hybrid Watch U363,Smartwatch,Amazfit,718.12,4.0,121,223,29,24,243,Low
EOS-02111,Apple 2-in-1 Laptop D925,Laptop,Apple,1887.55,3.8,127,164,21,24,555,Medium
EOS-02112,Apple Earbuds R554,Headphones,Apple,100.3,3.4,310,163,17,6,491,Medium
EOS-02113,Google 5G Phone V759,Smartphone,Google,846.45,3.1,116,70,38,12,419,Medium
EOS-02114,Xiaomi Budget Phone W305,Smartphone,Xiaomi,796.59,3.7,135,174,15,24,461,Medium
EOS-02115,BenQ Ultrawide Monitor U203,Monitor,BenQ,207.77,3.5,102,214,46,36,610,High
EOS-02116,Samsung Smartwatch G491,Smartwatch,Samsung,527.96,4.0,218,143,7,24,588,Medium
EOS-02117,JBL Earbuds T337,Headphones,JBL,66.98,3.6,82,55,15,6,421,Medium
EOS-02118,Samsung 4K Monitor R129,Monitor,Samsung,607.82,4.7,94,99,7,24,383,Low
EOS-02119,Fujifilm DSLR Camera T392,Camera,Fujifilm,1351.86,4.8,87,52,23,36,675,High
EOS-02120,Hisense QLED TV U236,TV,Hisense,1269.72,4.1,152,95,19,12,291,Low
EOS-02121,Lenovo Drawing Tablet X421,Tablet,Lenovo,391.24,3.9,87,41,29,12,522,Medium
EOS-02122,Belkin USB-C Hub C387,Accessory,Belkin,32.28,4.0,171,102,46,24,332,Low
EOS-02123,HP Business Notebook V665,Laptop,HP,991.97,3.3,66,0,27,12,360,Low
EOS-02124,Amazfit GPS Watch D264,Smartwatch,Amazfit,743.74,3.5,39,125,32,12,333,Low
EOS-02125,Panasonic Action Camera Q196,Camera,Panasonic,1058.94,3.8,260,186,31,24,596,Medium
EOS-02126,Asus Business Notebook R550,Laptop,Asus,1256.63,4.5,178,126,4,24,579,Medium
EOS-02127,LG 4K TV V206,TV,LG,1887.55,4.0,447,285,20,12,411,Medium
EOS-02128,Apple Pro Smartphone L575,Smartphone,Apple,585.12,4.1,248,182,19,24,510,Medium
EOS-02129,LG 4K Monitor X585,Monitor,LG,495.15,3.4,43,225,16,36,437,Medium
EOS-02130,Huawei Fitness Watch C635,Smartwatch,Huawei,157.15,3.4,158,95,19,24,595,Medium
EOS-02131,Logitech Power Bank N205,Accessory,Logitech,65.46,4.0,412,122,21,24,535,Medium
EOS-02132,Acer Business Notebook M485,Laptop,Acer,1509.06,3.7,22,127,16,12,355,Low
EOS-02133,Meta Console Bundle T832,Gaming Console,Meta,472.23,2.9,65,110,41,12,500,Medium
EOS-02134,OnePlus Budget Phone A789,Smartphone,OnePlus,775.69,3.7,255,142,0,12,580,Medium
EOS-02135,Fujifilm Action Camera J854,Camera,Fujifilm,1119.62,3.6,263,174,10,12,599,Medium
EOS-02136,Huawei Hybrid Watch B527,Smartwatch,Huawei,224.33,2.8,455,73,0,12,425,Medium
EOS-02137,Xiaomi Pro Smartphone X808,Smartphone,Xiaomi,242.44,3.3,45,195,32,24,515,Medium
EOS-02138,LG 4K Monitor W331,Monitor,LG,760.5,4.2,109,73,22,12,388,Low
EOS-02139,Nikon Instant Camera M592,Camera,Nikon,1748.73,4.8,199,219,1,24,455,Medium
EOS-02140,Samsung Drawing Tablet U683,Tablet,Samsung,793.96,4.8,208,64,13,24,658,High
EOS-02141,LG Office Monitor J480,Monitor,LG,639.26,4.7,454,208,22,36,494,Medium
EOS-02142,Apple Smartphone T712,Smartphone,Apple,1432.77,4.1,56,177,23,12,417,Medium
EOS-02143,Apple Wireless Headphones E793,Headphones,Apple,230.82,4.3,75,135,26,6,468,Medium
EOS-02144,Lenovo Gaming Laptop D442,Laptop,Lenovo,1887.55,3.7,110,238,4,36,255,Low
EOS-02145,Valve Console Bundle N360,Gaming Console,Valve,497.83,4.1,227,156,15,12,519,Medium
EOS-02146,Belkin Webcam Y275,Accessory,Belkin,77.62,5.0,455,164,26,24,831,High
EOS-02147,JBL Noise Cancelling Headphones Q607,Headphones,JBL,90.71,3.9,105,213,16,6,499,Medium
EOS-02148,Samsung Ultrawide Monitor L578,Monitor,Samsung,579.29,4.6,225,151,1,12,484,Medium
EOS-02149,OnePlus Budget Phone Q945,Smartphone,OnePlus,1115.32,4.3,150,99,21,24,320,Low
EOS-02150,Sony Earbuds P111,Headphones,Sony,95.45,4.4,306,84,6,6,524,Medium
EOS-02151,Google Pro Smartphone Z729,Smartphone,Google,957.36,4.3,39,138,10,24,365,Low
EOS-02152,Apple Smartwatch I981,Smartwatch,Apple,189.68,3.5,82,58,0,12,422,Medium
EOS-02153,OnePlus Foldable Phone J438,Smartphone,OnePlus,575.41,4.6,97,64,5,12,423,Medium
EOS-02154,Sony DSLR Camera M983,Camera,Sony,1348.47,4.9,377,132,10,12,351,Low
EOS-02155,Anker Wireless Mouse V902,Accessory,Anker,68.95,3.9,150,225,0,6,504,Medium
EOS-02156,Motorola 5G Phone L180,Smartphone,Motorola,1076.97,4.8,32,148,14,12,589,Medium
EOS-02157,Logitech Noise Cancelling Headphones G594,Headphones,Logitech,132.21,3.1,122,221,8,12,409,Medium
EOS-02158,Philips Mini LED TV J922,TV,Philips,1887.55,3.4,137,268,26,12,457,Medium
EOS-02159,Samsung Kids Tablet L490,Tablet,Samsung,354.84,3.8,228,296,2,12,654,High
EOS-02160,Logitech Power Bank V438,Accessory,Logitech,54.52,4.2,141,155,24,24,509,Medium
EOS-02161,Asus Office Monitor L640,Monitor,Asus,707.6,3.4,106,50,27,36,253,Low
EOS-02162,Huawei Tablet S548,Tablet,Huawei,816.96,4.5,75,185,32,12,374,Low
EOS-02163,Google Foldable Phone O174,Smartphone,Google,601.74,3.5,203,195,34,24,369,Low
EOS-02164,Google 5G Phone J173,Smartphone,Google,884.55,4.0,257,86,15,24,559,Medium
EOS-02165,Huawei Sports Watch T321,Smartwatch,Huawei,234.5,4.1,126,146,8,24,436,Medium
EOS-02166,Valve VR Bundle M880,Gaming Console,Valve,840.36,3.5,270,169,14,24,289,Low
EOS-02167,Google Pro Smartphone T889,Smartphone,Google,452.63,5.0,25,112,37,24,644,High
EOS-02168,Amazfit Sports Watch Q828,Smartwatch,Amazfit,274.05,3.8,275,168,18,12,570,Medium
EOS-02169,Lenovo Business Notebook J724,Laptop,Lenovo,1887.55,3.8,178,41,6,36,283,Low
EOS-02170,OnePlus Budget Phone V244,Smartphone,Apple,477.18,4.4,124,126,22,24,817,High
EOS-02171,Garmin Hybrid Watch A432,Smartwatch,Garmin,390.63,3.1,423,298,7,24,413,Medium
EOS-02172,Asus Gaming Monitor M755,Monitor,Asus,426.74,4.6,98,119,43,36,533,Medium
EOS-02173,Sennheiser Gaming Headset F255,Headphones,Sennheiser,189.42,4.9,106,77,0,12,582,Medium
EOS-02174,MSI Creator Laptop Q852,Laptop,MSI,1101.65,3.7,109,44,13,24,330,Low
EOS-02175,Google Pro Smartphone W876,Smartphone,Google,1193.13,3.2,150,220,20,24,318,Low
EOS-02176,Samsung QLED TV R196,TV,Samsung,1579.3,4.3,93,112,0,12,387,Low
EOS-02177,Xiaomi Foldable Phone U933,Smartphone,Xiaomi,1600.0,4.0,191,153,28,24,254,Low
EOS-02178,Panasonic DSLR Camera Y946,Camera,Panasonic,1887.55,4.5,97,182,31,36,472,Medium
EOS-02179,Samsung Drawing Tablet R684,Tablet,Apple,404.11,3.4,425,211,0,12,574,Medium
EOS-02180,Sony VR Bundle L831,Gaming Console,Sony,203.65,4.0,94,247,37,12,663,High
EOS-02181,Apple 5G Phone D102,Smartphone,Apple,564.63,3.9,115,101,1,12,658,High
EOS-02182,Nintendo Handheld Console Q940,Gaming Console,Nintendo,312.23,3.7,154,112,0,24,548,Medium
EOS-02183,Sony Retro Console E869,Gaming Console,Sony,307.4,3.7,82,208,29,24,328,Low
EOS-02184,Dell 4K Monitor F719,Monitor,Dell,237.22,3.4,165,142,22,12,431,Medium
EOS-02185,Apple Tablet U256,Tablet,Apple,271.14,4.2,150,99,5,12,506,Medium
EOS-02186,Samsung Mini LED TV R902,TV,Samsung,1392.31,3.6,297,61,23,24,616,High
EOS-02187,Dell Curved Monitor K246,Monitor,Dell,485.69,4.2,178,87,2,36,637,High
EOS-02188,Fitbit Hybrid Watch X129,Smartwatch,Fitbit,440.28,3.6,50,169,17,24,833,Medium
EOS-02189,Sennheiser Earbuds H857,Headphones,Sennheiser,204.8,4.2,55,182,27,6,454,Medium
EOS-02190,Logitech USB-C Hub C792,Accessory,Logitech,73.27,3.7,333,90,17,12,705,High
EOS-02191,Garmin Sports Watch Z375,Smartwatch,Garmin,170.26,3.1,150,197,4,12,527,Medium
EOS-02192,Microsoft Console Bundle Z247,Gaming Console,Microsoft,316.75,4.2,107,150,25,24,660,High
EOS-02193,OnePlus Foldable Phone S509,Smartphone,OnePlus,999.9,3.5,56,128,20,12,342,Low
EOS-02194,Nikon Instant Camera E842,Camera,Nikon,1134.18,3.7,295,76,23,24,511,Medium
EOS-02195,Apple Foldable Phone X769,Smartphone,Apple,538.87,3.1,170,133,0,12,421,Medium
EOS-02196,OnePlus Smartphone X454,Smartphone,OnePlus,602.15,4.3,160,66,34,24,638,High
EOS-02197,Huawei Pro Tablet K162,Tablet,Huawei,594.23,4.7,455,83,0,24,236,Low
EOS-02198,Amazfit Hybrid Watch J720,Smartwatch,Amazfit,280.39,3.1,296,129,0,24,473,Medium
EOS-02199,Apple Tablet A315,Tablet,Apple,634.07,3.5,51,177,21,12,417,Medium
EOS-02200,Apple Studio Headphones C911,Headphones,Apple,104.62,5.0,49,46,18,12,645,High
EOS-02201,Apple Gaming Laptop R467,Laptop,Apple,1233.56,3.7,108,72,19,24,768,High
EOS-02202,Samsung Smartphone K804,Smartphone,Samsung,481.17,4.5,118,62,31,12,563,Medium
EOS-02203,Lenovo Pro Tablet Y294,Tablet,Lenovo,233.75,3.4,263,76,7,24,598,Medium
EOS-02204,TCL OLED TV P552,TV,TCL,743.1,3.6,100,112,18,24,519,Medium
EOS-02205,Lenovo Tablet A411,Tablet,Lenovo,273.94,4.1,128,129,9,12,479,Medium
EOS-02206,Xiaomi Smartphone S633,Smartphone,Xiaomi,739.94,4.0,179,122,0,12,292,Low
EOS-02207,HP Business Notebook T657,Laptop,HP,1003.41,3.5,214,237,2,36,620,High
EOS-02208,Apple Smartphone F839,Smartphone,Apple,901.41,3.5,347,78,26,12,643,High
EOS-02209,Anker Power Bank Z810,Accessory,Anker,143.19,4.6,351,197,27,12,610,High
EOS-02210,Google Pro Smartphone F830,Smartphone,Apple,279.1,4.2,142,142,24,12,552,Medium
EOS-02211,Nintendo Console Bundle B646,Gaming Console,Nintendo,422.62,3.7,115,11,23,24,694,High
EOS-02212,Canon Vlogging Camera K841,Camera,Canon,1178.68,4.4,149,45,17,36,277,Low
EOS-02213,LG Office Monitor Q712,Monitor,LG,1208.38,4.7,208,105,21,36,502,Medium
EOS-02214,Dell Ultrawide Monitor N273,Monitor,Dell,535.11,3.5,121,66,20,24,349,Low
EOS-02215,Garmin Smartwatch J256,Smartwatch,Garmin,350.07,4.2,73,116,14,24,655,High
EOS-02216,Sennheiser Studio Headphones R430,Headphones,Sennheiser,258.76,3.5,30,219,7,12,416,Medium
EOS-02217,Samsung Gaming Monitor X559,Monitor,Samsung,1140.43,4.6,110,154,0,24,423,Medium
EOS-02218,LG Smart TV J627,TV,LG,858.76,3.3,91,127,24,36,362,Low
EOS-02219,Xiaomi 5G Phone V308,Smartphone,Xiaomi,1262.12,3.2,113,93,7,24,327,Low
EOS-02220,Samsung Ultrawide Monitor J354,Monitor,Samsung,406.09,3.3,118,190,32,36,681,High
EOS-02221,Garmin Smartwatch T709,Smartwatch,Garmin,463.1,4.3,269,84,2,24,431,Medium
EOS-02222,Nikon Mirrorless Camera S715,Camera,Nikon,444.95,4.0,46,144,29,24,346,Low
EOS-02223,Dell Gaming Laptop V140,Laptop,Dell,468.96,4.3,66,134,22,24,496,Medium
EOS-02224,Hisense OLED TV T493,TV,Apple,527.96,4.0,308,254,2,36,460,Medium
EOS-02225,Bose Wireless Headphones T235,Headphones,Bose,359.43,4.9,159,126,14,12,502,Medium
EOS-02226,HP 2-in-1 Laptop N956,Laptop,HP,1021.66,4.3,102,236,15,36,813,High
EOS-02227,Huawei Pro Tablet U140,Tablet,Huawei,360.66,3.5,24,282,5,12,471,Medium
EOS-02228,Google Smartphone C258,Smartphone,Google,580.43,4.0,330,135,21,12,733,High
EOS-02229,Samsung QLED TV K823,TV,Samsung,1275.21,4.1,106,94,0,36,434,Medium
EOS-02230,Motorola Budget Phone S558,Smartphone,Motorola,909.13,4.7,152,11,24,24,415,Medium
EOS-02231,Apple Pro Tablet I861,Tablet,Apple,550.73,3.6,212,203,5,12,441,Medium
EOS-02232,BenQ Gaming Monitor I163,Monitor,BenQ,246.22,3.6,133,119,7,24,446,Medium
EOS-02233,Google Foldable Phone F600,Smartphone,Google,386.95,3.8,118,139,0,24,594,Medium
EOS-02234,Apple Kids Tablet O865,Tablet,Apple,693.48,3.1,247,63,30,12,436,Medium
EOS-02235,Meta VR Bundle N923,Gaming Console,Meta,732.24,3.2,44,129,29,24,393,Low
EOS-02236,Apple Budget Phone Q376,Smartphone,Apple,652.82,3.3,186,199,26,12,385,Low
EOS-02237,Xiaomi Pro Smartphone E550,Smartphone,Xiaomi,789.57,3.6,101,180,7,12,366,Low
EOS-02238,Huawei GPS Watch V147,Smartwatch,Huawei,432.37,3.9,217,171,10,24,439,Medium
EOS-02239,LG QLED TV L381,TV,LG,960.49,3.5,299,125,18,12,617,High
EOS-02240,Lenovo 2-in-1 Laptop V162,Laptop,Lenovo,1641.14,4.9,305,141,3,12,409,Medium
EOS-02241,Belkin Webcam Z580,Accessory,Belkin,83.96,4.4,455,105,6,12,455,Medium
EOS-02242,Bose Studio Headphones O901,Headphones,Bose,105.8,3.9,361,265,6,24,765,High
EOS-02243,Sennheiser Noise Cancelling Headphones X181,Headphones,Sennheiser,122.24,5.0,111,56,1,12,487,Medium
EOS-02244,Motorola Budget Phone S434,Smartphone,Motorola,404.19,4.5,22,191,2,24,705,High
EOS-02245,Razer Wireless Mouse C912,Accessory,Razer,122.34,5.0,150,297,19,12,578,Medium
EOS-02246,Logitech USB-C Hub L776,Accessory,Logitech,45.45,4.0,120,174,44,6,474,Medium
EOS-02247,Huawei Sports Watch Z382,Smartwatch,Huawei,527.96,3.6,292,34,21,12,333,Low
EOS-02248,Microsoft Kids Tablet F696,Tablet,Microsoft,706.55,4.0,111,51,12,12,270,Low
EOS-02249,Huawei Mini Tablet U539,Tablet,Huawei,527.96,4.2,6,121,0,12,421,Medium
EOS-02250,Sony Studio Headphones S246,Headphones,Sony,249.24,4.2,123,200,0,6,489,Medium
EOS-02251,Apple Studio Headphones F331,Headphones,Apple,226.58,4.4,152,160,10,24,526,Medium
EOS-02252,Canon Vlogging Camera N877,Camera,Canon,527.96,5.0,148,199,14,12,378,Low
EOS-02253,Samsung Budget Phone A202,Smartphone,Samsung,1600.0,3.9,205,130,20,12,405,Medium
EOS-02254,Lenovo Business Notebook D983,Laptop,Lenovo,1000.67,4.1,435,117,9,36,733,High
EOS-02255,Garmin Sports Watch J864,Smartwatch,Garmin,559.74,3.9,58,193,20,12,550,Medium
EOS-02256,TCL QLED TV U892,TV,TCL,1079.79,3.9,110,98,20,24,536,Medium
EOS-02257,Belkin Webcam V206,Accessory,Belkin,527.96,3.5,160,0,42,12,562,Medium
EOS-02258,Samsung OLED TV A975,TV,Samsung,764.61,5.0,123,161,14,24,738,High
EOS-02259,GoPro Vlogging Camera P126,Camera,GoPro,815.16,3.0,58,68,4,12,455,Medium
EOS-02260,Huawei Pro Tablet K728,Tablet,Huawei,964.29,4.5,114,149,24,24,412,Medium
EOS-02261,Sony DSLR Camera A761,Camera,Sony,669.9,2.8,85,205,24,24,409,Medium
EOS-02262,GoPro DSLR Camera S913,Camera,GoPro,1825.45,5.0,247,32,13,12,579,Medium
EOS-02263,TCL Smart TV Q420,TV,TCL,1887.55,2.9,79,168,12,24,360,Low
EOS-02264,Fujifilm Mirrorless Camera J452,Camera,Fujifilm,527.96,4.1,43,24,17,24,479,Medium
EOS-02265,Samsung Ultrawide Monitor C452,Monitor,Samsung,717.98,3.6,215,135,5,36,402,Medium
EOS-02266,OnePlus Smartphone U799,Smartphone,OnePlus,1561.1,4.4,150,203,0,12,298,Low
EOS-02267,Amazfit GPS Watch Z702,Smartwatch,Amazfit,87.99,4.4,265,49,4,24,567,Medium
EOS-02268,Huawei Drawing Tablet W866,Tablet,Huawei,532.09,3.8,246,101,24,24,671,High
EOS-02269,Corsair Power Bank J117,Accessory,Corsair,61.1,4.4,121,246,36,12,619,High
EOS-02270,Google Budget Phone K536,Smartphone,Google,413.9,3.8,236,160,15,24,701,High
EOS-02271,Nintendo Handheld Console J744,Gaming Console,Nintendo,301.7,3.2,163,139,29,24,495,Medium
EOS-02272,AOC Ultrawide Monitor V264,Monitor,AOC,1061.38,4.2,37,153,11,36,488,Medium
EOS-02273,Microsoft Power Bank J195,Accessory,Microsoft,172.6,4.5,141,51,0,6,348,Low
EOS-02274,Lenovo Gaming Laptop D787,Laptop,Lenovo,940.09,4.0,49,210,7,36,433,Medium
EOS-02275,BenQ 4K Monitor U614,Monitor,BenQ,860.48,4.3,119,150,46,36,464,Medium
EOS-02276,Xiaomi 5G Phone Y571,Smartphone,Xiaomi,607.96,4.3,97,34,19,12,332,Low
EOS-02277,Dell Ultrabook I137,Laptop,Dell,1247.35,3.8,373,149,0,12,392,Low
EOS-02278,Samsung Budget Phone D664,Smartphone,Samsung,312.78,4.8,243,234,35,12,608,High
EOS-02279,Samsung 5G Phone T493,Smartphone,Samsung,658.22,4.3,197,32,29,12,395,Low
EOS-02280,AOC Curved Monitor D657,Monitor,AOC,810.23,4.2,151,20,4,24,471,Medium
EOS-02281,LG OLED TV M119,TV,LG,1027.31,3.9,230,217,8,24,493,Medium
EOS-02282,Panasonic Vlogging Camera Z297,Camera,Panasonic,391.88,3.3,270,150,6,12,419,Medium
EOS-02283,Dell Ultrawide Monitor S505,Monitor,Dell,744.71,4.2,95,63,14,36,555,Medium
EOS-02284,JBL Gaming Headset Y604,Headphones,JBL,164.36,2.4,107,107,0,12,365,Low
EOS-02285,Amazfit Sports Watch K869,Smartwatch,Amazfit,215.14,4.3,155,129,6,12,569,Medium
EOS-02286,Logitech Mechanical Keyboard K342,Accessory,Logitech,121.92,4.8,101,224,17,6,481,Medium
EOS-02287,Logitech Mechanical Keyboard J989,Accessory,Logitech,74.42,3.8,44,114,30,6,397,Low
EOS-02288,Huawei Sports Watch T484,Smartwatch,Huawei,324.64,5.0,204,54,21,24,679,High
EOS-02289,Samsung Pro Tablet C620,Tablet,Samsung,547.28,3.7,132,82,18,24,539,Medium
EOS-02290,AOC 4K Monitor B316,Monitor,AOC,265.37,4.1,237,68,15,24,611,High
EOS-02291,Samsung Drawing Tablet N420,Tablet,Samsung,423.75,4.4,70,137,19,12,311,Low
EOS-02292,Samsung Ultrawide Monitor I996,Monitor,Samsung,619.94,2.7,81,54,0,24,382,Low
EOS-02293,Philips 4K TV H253,TV,Philips,1155.05,5.0,34,67,24,36,402,Medium
EOS-02294,Asus Business Notebook F718,Laptop,Asus,1140.62,5.0,71,145,25,12,680,High
EOS-02295,Samsung Mini LED TV N228,TV,Samsung,881.28,4.4,274,105,0,36,577,Medium
EOS-02296,Samsung Smart TV N157,TV,Samsung,1141.9,3.8,284,120,8,12,485,Medium
EOS-02297,Asus 4K Monitor R990,Monitor,Asus,572.85,4.8,118,182,11,12,561,Medium
EOS-02298,Razer Power Bank W275,Accessory,Razer,118.01,4.3,133,79,15,6,369,Low
EOS-02299,Sennheiser Noise Cancelling Headphones C780,Headphones,Sennheiser,159.98,5.0,94,28,10,6,370,Low
EOS-02300,BenQ Ultrawide Monitor S132,Monitor,BenQ,463.68,3.4,130,124,19,36,507,Medium
EOS-02301,Logitech Gaming Headset A697,Headphones,Logitech,209.02,4.5,211,62,7,24,507,Medium
EOS-02302,Dell Ultrabook F390,Laptop,Dell,1410.71,4.0,313,133,2,36,319,Low
EOS-02303,Apple GPS Watch K520,Smartwatch,Apple,275.32,5.0,56,70,14,24,659,High
EOS-02304,Samsung Pro Smartphone M825,Smartphone,Samsung,180.0,4.0,201,13,9,12,429,Medium
EOS-02305,Sony VR Bundle Y876,Gaming Console,Sony,508.41,3.9,150,116,27,12,620,High
EOS-02306,Apple Foldable Phone K406,Smartphone,Apple,679.76,4.2,162,39,12,12,577,Medium
EOS-02307,Motorola Pro Smartphone P964,Smartphone,Motorola,941.64,4.2,178,139,18,24,473,Medium
EOS-02308,BenQ Office Monitor V398,Monitor,BenQ,598.08,4.0,135,119,8,24,457,Medium
EOS-02309,Apple Sports Watch O384,Smartwatch,Apple,900.0,4.1,50,64,5,12,195,Low
EOS-02310,Logitech Wireless Headphones E524,Headphones,Logitech,74.24,3.8,71,57,39,12,727,High
EOS-02311,Bose Wireless Headphones J554,Headphones,Bose,450.0,3.9,167,48,20,6,228,Low
EOS-02312,Xiaomi Pro Smartphone Z949,Smartphone,Xiaomi,717.99,4.9,197,71,10,24,436,Medium
EOS-02313,Asus Curved Monitor D874,Monitor,Asus,543.97,3.7,54,221,27,24,417,Medium
EOS-02314,BenQ 4K Monitor Z414,Monitor,BenQ,1467.24,3.5,232,106,2,24,447,Medium
EOS-02315,Samsung Drawing Tablet T880,Tablet,Samsung,283.36,4.0,237,0,18,24,436,Medium
EOS-02316,Fitbit Smartwatch Z951,Smartwatch,Fitbit,483.56,3.9,99,119,0,24,415,Medium
EOS-02317,Apple Pro Smartphone P601,Smartphone,Apple,577.38,2.8,103,116,12,12,488,Medium
EOS-02318,Belkin USB-C Hub X232,Accessory,Belkin,46.13,4.5,139,232,4,6,646,High
EOS-02319,MSI Creator Laptop B567,Laptop,MSI,1463.42,4.8,141,117,27,36,465,Medium
EOS-02320,Logitech Webcam Z126,Accessory,Logitech,133.87,3.8,2,176,21,24,325,Low
EOS-02321,HP Ultrabook A228,Laptop,HP,1416.49,4.4,42,103,2,36,435,Medium
EOS-02322,Apple Pro Tablet B718,Tablet,Apple,294.4,5.0,180,125,20,12,515,Medium
EOS-02323,Razer Mechanical Keyboard C540,Accessory,Razer,93.33,3.7,92,128,7,6,461,Medium
EOS-02324,Microsoft Power Bank X839,Accessory,Microsoft,75.29,4.0,315,90,13,24,495,Medium
EOS-02325,MSI Gaming Laptop N777,Laptop,MSI,870.73,4.0,233,27,36,12,561,Medium
EOS-02326,Sony Gaming Headset L673,Headphones,Sony,200.45,4.0,123,130,18,12,412,Medium
EOS-02327,OnePlus Budget Phone D201,Smartphone,OnePlus,636.74,4.8,352,84,20,24,655,High
EOS-02328,Bose Gaming Headset I799,Headphones,Bose,125.37,2.9,16,46,34,12,405,Medium
EOS-02329,Asus Creator Laptop M320,Laptop,Asus,754.71,3.8,201,161,38,36,422,Medium
EOS-02330,TCL Smart TV M394,TV,TCL,1579.54,4.1,184,114,10,36,338,Low
EOS-02331,Sony OLED TV N562,TV,Sony,619.06,3.8,181,46,19,24,509,Medium
EOS-02332,Apple Foldable Phone O936,Smartphone,Apple,912.07,3.7,48,42,18,24,365,Low
EOS-02333,Corsair Mechanical Keyboard C808,Accessory,Corsair,42.96,3.7,455,168,22,6,807,High
EOS-02334,Apple Fitness Watch P354,Smartwatch,Apple,212.06,3.9,286,125,12,24,533,Medium
EOS-02335,Logitech Gaming Headset E533,Headphones,Logitech,185.01,4.0,58,155,7,12,409,Medium
EOS-02336,Microsoft Wireless Mouse D762,Accessory,Microsoft,43.7,3.0,93,184,31,6,595,Medium
EOS-02337,Samsung Pro Smartphone I255,Smartphone,Samsung,812.81,4.7,170,115,14,12,410,Medium
EOS-02338,LG 4K TV T588,TV,LG,704.59,4.7,161,48,5,12,508,Medium
EOS-02339,Nikon DSLR Camera E817,Camera,Nikon,1038.24,4.2,279,21,23,36,477,Medium
EOS-02340,MSI 2-in-1 Laptop L599,Laptop,MSI,450.0,4.1,270,168,19,36,737,High
EOS-02341,Dell Office Monitor L133,Monitor,Apple,370.64,4.7,52,295,27,36,500,Medium
EOS-02342,LG Curved Monitor O465,Monitor,LG,730.61,3.1,70,127,0,12,364,Low
EOS-02343,Samsung Ultrawide Monitor V447,Monitor,Samsung,1099.08,3.7,169,173,9,36,326,Low
EOS-02344,Sony Action Camera A337,Camera,Sony,1023.73,3.9,282,169,0,24,356,Low
EOS-02345,Xiaomi Budget Phone K873,Smartphone,Xiaomi,723.18,3.4,245,190,0,24,395,Low
EOS-02346,Lenovo Pro Tablet Q838,Tablet,Lenovo,361.3,4.1,357,114,2,24,493,Medium
EOS-02347,Apple Smartwatch S453,Smartwatch,Apple,138.5,4.5,98,229,6,24,592,Medium
EOS-02348,Dell Office Monitor E401,Monitor,Dell,342.02,4.2,95,90,0,24,449,Medium
EOS-02349,Apple Smartphone P199,Smartphone,Apple,1887.55,4.8,177,95,22,12,778,High
EOS-02350,Valve Gaming Console Z454,Gaming Console,Valve,462.9,3.8,108,87,4,24,419,Medium
EOS-02351,Meta VR Bundle A467,Gaming Console,Meta,388.53,3.9,251,156,0,24,377,Low
EOS-02352,Sennheiser Wireless Headphones O847,Headphones,Sennheiser,310.78,3.6,14,52,24,12,396,Low
EOS-02353,Panasonic Vlogging Camera H629,Camera,Panasonic,440.7,5.0,73,92,2,24,602,High
EOS-02354,Huawei Kids Tablet C679,Tablet,Huawei,276.19,2.7,121,50,0,12,388,Low
EOS-02355,GoPro Vlogging Camera G200,Camera,GoPro,876.01,3.7,102,126,16,12,627,High
EOS-02356,Huawei Tablet F417,Tablet,Huawei,530.34,2.8,201,0,35,24,343,Low
EOS-02357,Microsoft Mini Tablet T773,Tablet,Microsoft,527.96,3.8,42,214,13,12,527,Medium
EOS-02358,Apple Gaming Laptop O493,Laptop,Apple,1155.72,3.4,455,115,20,24,398,Low
EOS-02359,LG Smart TV J406,TV,LG,1278.78,3.6,171,75,0,24,270,Low
EOS-02360,Samsung Curved Monitor F329,Monitor,Samsung,822.94,3.9,108,98,43,36,571,Medium
EOS-02361,Xiaomi Smartphone L581,Smartphone,Xiaomi,671.2,4.1,134,128,22,12,347,Low
EOS-02362,Huawei GPS Watch J303,Smartwatch,Huawei,215.62,3.8,252,189,0,12,450,Medium
EOS-02363,Logitech Wireless Mouse J944,Accessory,Logitech,50.7,4.0,132,128,24,24,502,Medium
EOS-02364,Xiaomi 5G Phone P307,Smartphone,Xiaomi,448.2,4.3,109,211,3,24,633,High
EOS-02365,Canon Vlogging Camera Q136,Camera,Canon,736.56,3.5,257,74,20,12,595,Medium
EOS-02366,Asus Creator Laptop E412,Laptop,Asus,1887.55,3.6,152,0,0,36,332,Low
EOS-02367,Logitech Noise Cancelling Headphones A433,Headphones,Logitech,131.35,4.1,270,179,21,12,504,Medium
EOS-02368,Garmin Sports Watch K705,Smartwatch,Garmin,253.27,3.9,405,129,1,12,453,Medium
EOS-02369,Bose Noise Cancelling Headphones A147,Headphones,Bose,168.46,4.5,50,141,0,24,329,Low
EOS-02370,LG QLED TV K296,TV,LG,1887.55,4.0,166,152,19,12,478,Medium
EOS-02371,Acer Gaming Laptop H429,Laptop,Acer,994.51,3.9,59,50,19,36,342,Low
EOS-02372,Dell Ultrabook B368,Laptop,Dell,902.31,4.2,147,95,9,24,423,Medium
EOS-02373,Microsoft Pro Tablet L809,Tablet,Microsoft,413.39,3.1,255,201,28,12,522,Medium
EOS-02374,Nikon Action Camera X295,Camera,Nikon,798.39,4.3,85,184,20,12,510,Medium
EOS-02375,OnePlus 5G Phone C468,Smartphone,OnePlus,596.51,4.6,207,80,5,12,535,Medium
EOS-02376,Apple Studio Headphones A486,Headphones,Apple,126.54,4.1,162,0,1,24,425,Medium
EOS-02377,Microsoft Kids Tablet U981,Tablet,Microsoft,338.52,4.1,217,180,0,12,489,Medium
EOS-02378,Valve VR Bundle N211,Gaming Console,Valve,296.11,5.0,182,29,19,24,789,High
EOS-02379,Panasonic Instant Camera D582,Camera,Panasonic,1177.91,4.6,10,202,33,36,365,Low
EOS-02380,BenQ Office Monitor W219,Monitor,BenQ,527.96,4.0,125,0,22,36,475,Medium
EOS-02381,Anker Mechanical Keyboard E473,Accessory,Anker,109.38,4.6,296,316,33,12,367,Low
EOS-02382,Apple Mini Tablet J288,Tablet,Apple,448.19,4.2,225,61,46,12,465,Medium
EOS-02383,TCL 4K TV Q758,TV,TCL,1332.27,4.4,377,229,7,24,351,Low
EOS-02384,Microsoft USB-C Hub V451,Accessory,Microsoft,72.71,3.9,107,114,16,6,833,High
EOS-02385,JBL Wireless Headphones G436,Headphones,JBL,249.12,3.5,250,59,13,6,388,Low
EOS-02386,LG QLED TV G155,TV,LG,1814.89,4.0,305,134,19,36,539,Medium
EOS-02387,Corsair Power Bank X521,Accessory,Corsair,77.92,4.2,228,194,0,12,601,High
EOS-02388,Xiaomi 5G Phone Q101,Smartphone,Xiaomi,1058.23,3.8,318,157,15,12,590,Medium
EOS-02389,Acer Business Notebook W257,Laptop,Acer,1105.2,4.2,175,206,13,12,380,Low
EOS-02390,Dell 4K Monitor W388,Monitor,Dell,482.97,4.5,169,82,11,12,428,Medium
EOS-02391,Sennheiser Studio Headphones Z938,Headphones,Sennheiser,100.81,3.6,107,147,20,6,620,High
EOS-02392,LG Smart TV C435,TV,LG,1572.22,4.1,203,160,10,36,369,Low
EOS-02393,Samsung Sports Watch C918,Smartwatch,Samsung,256.41,3.2,182,224,7,12,421,Medium
EOS-02394,Xiaomi Foldable Phone F216,Smartphone,Xiaomi,578.59,4.5,140,0,7,24,505,Medium
EOS-02395,Asus Business Notebook H700,Laptop,Asus,716.61,4.2,93,0,30,36,713,High
EOS-02396,Microsoft Gaming Console M743,Gaming Console,Microsoft,530.9,4.1,103,151,22,12,530,Medium
EOS-02397,LG 4K TV I564,TV,LG,1189.03,4.4,306,144,23,36,467,Medium
EOS-02398,Dell Gaming Monitor O526,Monitor,Dell,608.02,3.4,455,63,2,24,565,Medium
EOS-02399,Xiaomi Budget Phone E546,Smartphone,Xiaomi,517.58,4.1,306,269,13,12,486,Medium
EOS-02400,Lenovo Tablet U512,Tablet,Lenovo,342.07,4.4,60,165,17,24,370,Low
